label,x0,y0,z0,x1,y1,z1,x2,y2,z2,x3,y3,z3,x4,y4,z4,x5,y5,z5,x6,y6,z6,x7,y7,z7,x8,y8,z8,x9,y9,z9,x10,y10,z10,x11,y11,z11,x12,y12,z12,x13,y13,z13,x14,y14,z14,x15,y15,z15,x16,y16,z16,x17,y17,z17,x18,y18,z18,x19,y19,z19,x20,y20,z20
thumbs_up,0.506164,0.446802,-0.0,0.496905,0.400296,-0.014349,0.468912,0.36812,-0.019759,0.446083,0.349467,-0.023253,0.431764,0.32118,-0.024755,0.436581,0.411212,-0.011618,0.451029,0.420319,-0.023546,0.466847,0.416521,-0.02921,0.4642,0.411749,-0.032159,0.43573,0.446593,-0.009167,0.458254,0.452087,-0.019766,0.473629,0.439041,-0.020612,0.468665,0.431629,-0.0198,0.441868,0.477025,-0.009058,0.465411,0.478708,-0.019113,0.47838,0.463898,-0.016042,0.472945,0.456636,-0.012712,0.45035,0.502016,-0.01061,0.469895,0.502138,-0.016204,0.481819,0.488217,-0.014404,0.479934,0.480589,-0.011759
thumbs_up,0.515886,0.450646,-0.0,0.510149,0.394151,-0.017774,0.48604,0.356507,-0.025408,0.463554,0.339281,-0.029842,0.446464,0.314205,-0.031939,0.460486,0.410772,-0.02664,0.491154,0.422332,-0.040502,0.498262,0.406994,-0.046331,0.490413,0.395418,-0.049453,0.460269,0.451585,-0.022805,0.499268,0.451793,-0.033406,0.502636,0.430896,-0.033546,0.492437,0.421491,-0.034051,0.467438,0.482325,-0.020627,0.503066,0.47875,-0.029605,0.507193,0.457943,-0.025401,0.499025,0.448112,-0.022519,0.477984,0.506688,-0.020602,0.503979,0.499353,-0.026826,0.508715,0.483083,-0.026191,0.504457,0.474738,-0.025007
thumbs_up,0.492797,0.446308,0.0,0.497538,0.402664,-0.023131,0.491079,0.366963,-0.03556,0.482102,0.358467,-0.04449,0.471736,0.34782,-0.053108,0.475579,0.376911,-0.039979,0.469887,0.3571,-0.057392,0.460408,0.338305,-0.068462,0.450959,0.321742,-0.076663,0.462789,0.416142,-0.036091,0.486833,0.42939,-0.0552,0.49668,0.423663,-0.06,0.498478,0.416642,-0.062938,0.462162,0.45439,-0.033651,0.488802,0.465375,-0.050126,0.498512,0.454159,-0.047519,0.500082,0.442885,-0.044761,0.467161,0.483765,-0.033668,0.487552,0.485107,-0.047562,0.496213,0.476181,-0.048048,0.499925,0.466204,-0.046915
thumbs_up,0.500811,0.41512,-0.0,0.497561,0.37043,-0.018997,0.479127,0.331611,-0.030191,0.458961,0.306803,-0.037632,0.439628,0.283172,-0.043128,0.458863,0.382521,-0.037471,0.498154,0.38644,-0.05132,0.497496,0.375184,-0.056206,0.485677,0.369299,-0.059179,0.459238,0.426509,-0.033164,0.505925,0.417595,-0.042784,0.5004,0.40571,-0.040907,0.486288,0.402484,-0.04118,0.466053,0.45929,-0.029695,0.508304,0.446436,-0.037694,0.504468,0.434253,-0.030673,0.491984,0.432116,-0.026759,0.47741,0.485463,-0.028643,0.507234,0.471012,-0.035832,0.504958,0.460358,-0.034803,0.49532,0.459188,-0.033709
thumbs_up,0.488846,0.40082,0.0,0.483615,0.359839,-0.017634,0.47141,0.324227,-0.030509,0.45605,0.298059,-0.040717,0.441791,0.275582,-0.051164,0.481501,0.333119,-0.037059,0.467257,0.317438,-0.056217,0.455217,0.302206,-0.067907,0.444848,0.291299,-0.075971,0.477672,0.363328,-0.036538,0.471209,0.367089,-0.057142,0.473487,0.37406,-0.06276,0.475661,0.373181,-0.066369,0.474843,0.392813,-0.037017,0.470408,0.397849,-0.056372,0.473792,0.399587,-0.055249,0.475586,0.394564,-0.053227,0.471085,0.418167,-0.038642,0.467768,0.421686,-0.054126,0.470922,0.423296,-0.054229,0.473752,0.419432,-0.053263
thumbs_up,0.423042,0.426775,-0.0,0.433345,0.367959,-0.011829,0.453505,0.30592,-0.023453,0.453832,0.262772,-0.032816,0.442864,0.224445,-0.040316,0.451592,0.342728,-0.038364,0.503203,0.343252,-0.054225,0.490704,0.344343,-0.059644,0.470923,0.343219,-0.060876,0.449161,0.390039,-0.038627,0.503603,0.384579,-0.049739,0.488348,0.379178,-0.046453,0.468833,0.38084,-0.044792,0.450387,0.43065,-0.038797,0.498181,0.418963,-0.043928,0.484775,0.411281,-0.033867,0.467611,0.414064,-0.028189,0.45293,0.461022,-0.039941,0.49083,0.443642,-0.038168,0.480294,0.436942,-0.028412,0.464242,0.441671,-0.023291
thumbs_up,0.404029,0.382665,-0.0,0.424227,0.321463,-0.006291,0.450902,0.276693,-0.016899,0.461047,0.234099,-0.025987,0.459168,0.190696,-0.033805,0.462778,0.323846,-0.036496,0.515108,0.328138,-0.046319,0.498164,0.322957,-0.045891,0.478714,0.319021,-0.043518,0.45997,0.3759,-0.037432,0.508767,0.372316,-0.043799,0.494164,0.36086,-0.038498,0.475416,0.357579,-0.035065,0.457098,0.417548,-0.03691,0.499088,0.406433,-0.037348,0.487585,0.395513,-0.027349,0.472084,0.394631,-0.022413,0.456241,0.449184,-0.036608,0.489831,0.434168,-0.034435,0.480601,0.423582,-0.025316,0.467106,0.424245,-0.02007
thumbs_up,0.396659,0.374934,-0.0,0.422071,0.307998,-0.002528,0.453421,0.265169,-0.00998,0.47179,0.223021,-0.01673,0.474115,0.180039,-0.022105,0.477467,0.321329,-0.021542,0.522168,0.330019,-0.02639,0.504491,0.322568,-0.025461,0.485697,0.317939,-0.023886,0.474347,0.374243,-0.022886,0.511783,0.371651,-0.02294,0.497537,0.358433,-0.017794,0.481252,0.356663,-0.015779,0.467761,0.415848,-0.022926,0.498738,0.403794,-0.019012,0.487665,0.392973,-0.010883,0.473306,0.392605,-0.008226,0.461736,0.447367,-0.022968,0.486801,0.432934,-0.017931,0.477451,0.422905,-0.009416,0.465621,0.424477,-0.004802
thumbs_up,0.383259,0.388251,-0.0,0.414387,0.307111,0.001214,0.452193,0.266985,-0.003893,0.483828,0.233299,-0.009225,0.500502,0.191846,-0.013815,0.495034,0.338467,-0.006566,0.51614,0.343294,-0.003661,0.49934,0.335048,-0.002304,0.484185,0.331627,-0.002596,0.491284,0.39538,-0.008013,0.50087,0.382423,0.000877,0.485649,0.371462,0.004619,0.470634,0.372128,0.003102,0.47888,0.440382,-0.007742,0.485358,0.417705,0.002207,0.472965,0.409641,0.008348,0.457647,0.409238,0.007758,0.46606,0.475315,-0.007349,0.471997,0.453547,0.001211,0.460852,0.444787,0.009219,0.448546,0.444357,0.013092
thumbs_up,0.38757,0.382331,-0.0,0.419476,0.288592,-0.004854,0.463666,0.244027,-0.009288,0.502741,0.216901,-0.013195,0.523875,0.175939,-0.016013,0.514625,0.328745,-0.000795,0.511267,0.330424,0.000831,0.492389,0.328317,-0.002505,0.479329,0.3278,-0.00659,0.509751,0.390311,-0.001006,0.498091,0.375545,0.006649,0.481798,0.370634,0.005522,0.468145,0.373427,0.000791,0.494734,0.43872,-0.000775,0.48489,0.414748,0.005757,0.471905,0.408248,0.008504,0.457831,0.406603,0.006864,0.476878,0.475438,-0.001303,0.470904,0.453892,0.003798,0.459709,0.4459,0.009845,0.448391,0.443305,0.013566
thumbs_up,0.397122,0.354497,-0.0,0.424251,0.243071,-0.011367,0.470046,0.194199,-0.017095,0.513116,0.164997,-0.021037,0.541306,0.122914,-0.024039,0.523442,0.298966,-0.007011,0.498809,0.269691,-0.005811,0.475998,0.270294,-0.009273,0.463576,0.279856,-0.013841,0.519295,0.363181,-0.004974,0.495038,0.329789,0.000751,0.478534,0.323807,-0.002975,0.467072,0.33135,-0.010348,0.503114,0.412554,-0.002411,0.483624,0.374357,0.001173,0.470207,0.368399,0.001893,0.459817,0.374052,-0.001587,0.482711,0.448675,-0.001013,0.470222,0.420663,0.001157,0.458651,0.412842,0.005768,0.449716,0.414806,0.007935
thumbs_up,0.369838,0.426949,-0.0,0.404194,0.294565,-0.009054,0.457948,0.240817,-0.011696,0.505898,0.219801,-0.014752,0.537541,0.178239,-0.017816,0.505319,0.366488,0.009876,0.487759,0.335687,0.008663,0.464307,0.331545,-0.002433,0.449078,0.340027,-0.011814,0.498859,0.438258,0.009696,0.484099,0.40114,0.015829,0.467004,0.388929,0.007314,0.45262,0.397072,-0.00303,0.480021,0.491118,0.008666,0.471608,0.447637,0.010481,0.455455,0.436599,0.008127,0.441041,0.445526,0.00374,0.457361,0.526461,0.006556,0.451167,0.490492,0.009194,0.437722,0.480678,0.015076,0.424596,0.48795,0.018591
thumbs_up,0.373919,0.438473,-0.0,0.40718,0.298117,-0.006231,0.461337,0.23999,-0.006194,0.510871,0.218392,-0.007617,0.542279,0.175686,-0.009084,0.509453,0.362527,0.021728,0.492728,0.342418,0.022511,0.470735,0.339257,0.011096,0.454972,0.343059,0.001415,0.502609,0.436908,0.020189,0.487882,0.408823,0.028174,0.47152,0.398531,0.017809,0.456311,0.403638,0.006237,0.484529,0.492542,0.017347,0.47523,0.45826,0.021311,0.459152,0.448048,0.018075,0.444323,0.452248,0.012974,0.46169,0.532979,0.013418,0.455418,0.506486,0.01856,0.440836,0.495287,0.02531,0.426835,0.496319,0.029237
thumbs_up,0.356382,0.421866,-0.0,0.389904,0.298427,-0.010287,0.445465,0.238502,-0.015868,0.496089,0.203167,-0.020816,0.526425,0.151651,-0.024564,0.512034,0.333166,-0.00053,0.501566,0.328239,-0.008743,0.475729,0.331712,-0.022041,0.458775,0.335701,-0.03211,0.511795,0.408793,-0.001406,0.491948,0.396631,0.00051,0.46954,0.394251,-0.006103,0.453845,0.395783,-0.014612,0.497566,0.474007,-0.003551,0.479938,0.454251,-0.004355,0.460969,0.449306,-0.00395,0.445452,0.447842,-0.006228,0.477537,0.526626,-0.007097,0.464009,0.506543,-0.006957,0.446982,0.49756,-0.001717,0.43372,0.49479,0.002221
thumbs_up,0.429355,0.470762,-0.0,0.465798,0.393077,-0.001493,0.508545,0.341188,-0.008235,0.541366,0.297557,-0.015588,0.554674,0.24778,-0.021227,0.547463,0.401212,-0.010414,0.584721,0.425667,-0.016741,0.567248,0.428027,-0.020959,0.548634,0.419398,-0.023613,0.543012,0.460104,-0.014447,0.568264,0.47644,-0.012003,0.552468,0.47469,-0.009602,0.535522,0.465591,-0.011051,0.532129,0.513569,-0.018187,0.549032,0.517054,-0.01361,0.535464,0.513808,-0.006251,0.519117,0.505015,-0.004941,0.518704,0.559892,-0.022324,0.532881,0.554627,-0.016639,0.521236,0.547044,-0.007178,0.508179,0.539652,-0.00175
thumbs_up,0.408675,0.442698,-0.0,0.439231,0.385795,-0.002699,0.474173,0.35104,-0.009638,0.498969,0.317068,-0.01634,0.509619,0.274782,-0.021646,0.495488,0.401672,-0.017094,0.534799,0.419033,-0.024101,0.518578,0.411647,-0.026023,0.501715,0.404518,-0.026338,0.489999,0.451857,-0.019136,0.522012,0.455775,-0.021487,0.508422,0.444318,-0.018588,0.492144,0.439795,-0.017681,0.481344,0.492234,-0.020472,0.506191,0.486432,-0.019552,0.496268,0.476782,-0.012149,0.482294,0.473616,-0.009096,0.472816,0.523422,-0.021898,0.493281,0.511042,-0.018723,0.484082,0.500099,-0.010218,0.47255,0.498013,-0.004947
thumbs_up,0.382638,0.445337,-0.0,0.405328,0.394302,-0.002201,0.432808,0.363733,-0.008152,0.451636,0.337435,-0.013588,0.460279,0.304248,-0.017804,0.450822,0.410855,-0.017795,0.489068,0.422347,-0.023995,0.475749,0.41184,-0.024525,0.460213,0.406893,-0.023539,0.447108,0.455108,-0.018948,0.479225,0.452984,-0.021163,0.468341,0.43988,-0.017787,0.454942,0.4379,-0.016128,0.441604,0.488718,-0.019249,0.46716,0.477339,-0.018488,0.45847,0.467394,-0.012102,0.447108,0.466773,-0.009309,0.437083,0.513032,-0.019509,0.458207,0.497836,-0.01699,0.450117,0.489078,-0.01024,0.440401,0.490163,-0.006076
thumbs_up,0.394589,0.461765,-0.0,0.41338,0.416893,-0.003329,0.437009,0.387622,-0.009778,0.450786,0.362169,-0.01552,0.455285,0.332546,-0.020082,0.447986,0.430863,-0.021675,0.487572,0.440199,-0.028632,0.474835,0.430315,-0.029015,0.460309,0.425727,-0.027795,0.44428,0.469627,-0.02282,0.479834,0.469902,-0.026861,0.469568,0.457239,-0.023614,0.45635,0.454995,-0.021433,0.440058,0.499075,-0.023081,0.470269,0.493168,-0.023351,0.46204,0.482743,-0.01675,0.450721,0.481583,-0.013408,0.437005,0.520547,-0.023466,0.46109,0.511535,-0.022079,0.454612,0.501985,-0.015764,0.444967,0.501711,-0.011837
thumbs_up,0.416004,0.450025,0.0,0.419164,0.412982,-0.013127,0.416633,0.376823,-0.023283,0.410108,0.348744,-0.030925,0.400221,0.31922,-0.038038,0.400882,0.408426,-0.032581,0.435932,0.423487,-0.043528,0.432341,0.412361,-0.048486,0.422374,0.401043,-0.051692,0.397289,0.444931,-0.030532,0.438098,0.450435,-0.037152,0.432357,0.437023,-0.035854,0.421789,0.427529,-0.036879,0.398059,0.473574,-0.028323,0.435683,0.475136,-0.032275,0.431014,0.462095,-0.024539,0.419908,0.453783,-0.02073,0.403184,0.496945,-0.028209,0.430593,0.494276,-0.03175,0.427664,0.484217,-0.028108,0.418892,0.479511,-0.02558
thumbs_up,0.393898,0.467685,-0.0,0.390341,0.417978,-0.012655,0.370826,0.381784,-0.01749,0.353599,0.362618,-0.020436,0.342863,0.334033,-0.022098,0.340098,0.421892,-0.012898,0.360967,0.434376,-0.022889,0.371397,0.43011,-0.028749,0.367707,0.422365,-0.032318,0.337585,0.454057,-0.010559,0.364849,0.461687,-0.018333,0.375382,0.450236,-0.019941,0.370685,0.44105,-0.021026,0.34171,0.481516,-0.009796,0.36708,0.486277,-0.01748,0.376504,0.474357,-0.015113,0.372236,0.465108,-0.013139,0.348204,0.505382,-0.010521,0.366427,0.506894,-0.015898,0.375088,0.495633,-0.014761,0.373721,0.48678,-0.012976
thumbs_up,0.328031,0.456205,-0.0,0.31676,0.410958,-0.010365,0.294059,0.374867,-0.014697,0.275403,0.351219,-0.018243,0.265304,0.321712,-0.019942,0.260315,0.407771,-0.003214,0.269694,0.416435,-0.013716,0.286322,0.418032,-0.019505,0.287897,0.414529,-0.022121,0.256688,0.438395,-0.001966,0.27277,0.44756,-0.009885,0.289615,0.442824,-0.010674,0.287667,0.437381,-0.009692,0.259888,0.466999,-0.003047,0.277607,0.473523,-0.011152,0.292118,0.465835,-0.007887,0.288892,0.458783,-0.004241,0.265805,0.492152,-0.005469,0.278957,0.497572,-0.009151,0.292101,0.487904,-0.005845,0.292621,0.480292,-0.001965
thumbs_up,0.27138,0.451948,-0.0,0.259202,0.404637,-0.012536,0.234935,0.366442,-0.017711,0.21477,0.340009,-0.021603,0.205721,0.308226,-0.023213,0.200678,0.40274,-0.005373,0.20107,0.417539,-0.01492,0.220522,0.415894,-0.019074,0.223382,0.411084,-0.020813,0.198753,0.434363,-0.003098,0.206524,0.448705,-0.010786,0.227709,0.438939,-0.010129,0.225861,0.432745,-0.00789,0.202987,0.463637,-0.003231,0.212273,0.475515,-0.011719,0.230135,0.463514,-0.0068,0.227172,0.455608,-0.001722,0.209181,0.489585,-0.004765,0.216092,0.498333,-0.009014,0.230293,0.487128,-0.004824,0.230823,0.480151,-2.8e-05
thumbs_up,0.235954,0.441013,-0.0,0.225266,0.394682,-0.014244,0.200965,0.35677,-0.020526,0.179278,0.330983,-0.02541,0.169134,0.299211,-0.027709,0.167821,0.394071,-0.006834,0.163692,0.409164,-0.018374,0.18381,0.407349,-0.023006,0.18852,0.402685,-0.024699,0.167013,0.427052,-0.004285,0.170678,0.442205,-0.014521,0.19353,0.43134,-0.014265,0.191184,0.424183,-0.011871,0.171618,0.456891,-0.004528,0.178144,0.468555,-0.015288,0.196784,0.455802,-0.010705,0.193134,0.448094,-0.005543,0.178379,0.483734,-0.006197,0.183614,0.492172,-0.011342,0.197558,0.479877,-0.007398,0.19729,0.471898,-0.002883
thumbs_up,0.204403,0.45736,-0.0,0.198639,0.409885,-0.013741,0.177501,0.36366,-0.019895,0.157618,0.332383,-0.024584,0.1498,0.304354,-0.025963,0.144458,0.389826,-0.007804,0.124325,0.399643,-0.023049,0.145765,0.406378,-0.028075,0.158142,0.403898,-0.028,0.145583,0.42517,-0.005373,0.127627,0.4313,-0.019912,0.155947,0.431598,-0.018601,0.161144,0.424349,-0.013125,0.147983,0.455394,-0.005978,0.136035,0.459335,-0.020226,0.159722,0.455566,-0.012855,0.163049,0.448565,-0.003435,0.151798,0.483408,-0.007831,0.141687,0.485806,-0.0141,0.158335,0.480419,-0.007473,0.163164,0.476266,0.000198
thumbs_up,0.187124,0.462567,-0.0,0.179535,0.415422,-0.009642,0.163385,0.370807,-0.014516,0.149746,0.333488,-0.019387,0.143965,0.308019,-0.021626,0.133503,0.389498,-0.00319,0.112744,0.393203,-0.016281,0.131863,0.40007,-0.02036,0.143437,0.399365,-0.020012,0.133053,0.421444,-0.002652,0.116198,0.426385,-0.013913,0.141967,0.428996,-0.011659,0.146222,0.421613,-0.006672,0.134983,0.449963,-0.004868,0.122547,0.453245,-0.016682,0.144511,0.451749,-0.008823,0.148531,0.44543,-2.6e-05,0.138449,0.477232,-0.008121,0.126983,0.480806,-0.013433,0.142674,0.47633,-0.006454,0.149114,0.471966,0.00099
thumbs_up,0.20055,0.436112,-0.0,0.192913,0.388933,-0.00744,0.180333,0.343509,-0.011264,0.171573,0.307487,-0.015617,0.169401,0.283243,-0.01798,0.154619,0.358765,-7e-06,0.136219,0.358392,-0.010448,0.150968,0.365664,-0.014453,0.160591,0.365222,-0.014862,0.152545,0.388705,-7.4e-05,0.137559,0.389804,-0.00893,0.158071,0.395666,-0.008102,0.162007,0.390084,-0.004896,0.15288,0.416053,-0.002461,0.142035,0.415815,-0.011518,0.160449,0.418617,-0.005678,0.164103,0.415139,0.000899,0.154562,0.442387,-0.005777,0.144626,0.441711,-0.008951,0.158098,0.440359,-0.002576,0.164065,0.438305,0.003791
thumbs_up,0.237987,0.42864,-0.0,0.230827,0.384276,-0.006469,0.221727,0.344146,-0.009401,0.215024,0.311755,-0.012622,0.215129,0.288926,-0.014375,0.195018,0.362381,0.002276,0.182986,0.36621,-0.004827,0.196163,0.370702,-0.008882,0.20243,0.368253,-0.010779,0.194265,0.390925,0.001911,0.183924,0.395212,-0.004801,0.201795,0.396131,-0.006231,0.204884,0.391233,-0.005801,0.196061,0.416898,-0.000266,0.189416,0.420422,-0.007467,0.204545,0.419197,-0.004461,0.206267,0.415132,-0.000828,0.199013,0.441587,-0.003175,0.191649,0.443104,-0.005917,0.202762,0.439562,-0.001479,0.206658,0.436575,0.002814
thumbs_up,0.250798,0.423607,-0.0,0.245949,0.379057,-0.003025,0.24038,0.343497,-0.003459,0.236159,0.314045,-0.004973,0.237669,0.291565,-0.005395,0.221561,0.362065,0.00847,0.208946,0.361517,0.004249,0.219076,0.366705,0.000516,0.225942,0.363163,-0.001716,0.219805,0.389255,0.00765,0.20762,0.390409,0.003209,0.221078,0.393723,0.000544,0.226701,0.388814,-0.000521,0.219845,0.414259,0.005321,0.210251,0.41511,0.00092,0.22241,0.417015,0.002737,0.227382,0.413049,0.004836,0.221398,0.437461,0.002402,0.21414,0.437818,0.001899,0.223014,0.437221,0.005693,0.228189,0.434197,0.008822
thumbs_up,0.287321,0.44028,-0.0,0.284284,0.397813,0.000298,0.27894,0.362352,0.001537,0.275763,0.332992,0.001437,0.27936,0.310254,0.00116,0.256654,0.382154,0.012859,0.257801,0.384392,0.014278,0.265523,0.385768,0.011052,0.26907,0.382131,0.007826,0.254705,0.408802,0.011198,0.258269,0.413882,0.013749,0.266463,0.411629,0.009064,0.269523,0.408051,0.004264,0.256491,0.435375,0.009047,0.258809,0.438471,0.010566,0.266472,0.436448,0.009414,0.269145,0.434272,0.00753,0.260478,0.459865,0.0067,0.25924,0.459181,0.009703,0.265141,0.457081,0.012942,0.268433,0.456601,0.014597
thumbs_up,0.29281,0.451683,-0.0,0.288507,0.405735,0.005056,0.281942,0.373883,0.007673,0.2801,0.346012,0.008124,0.285084,0.322559,0.007748,0.260775,0.394829,0.014096,0.263731,0.390448,0.017417,0.271557,0.392069,0.015042,0.277716,0.392695,0.012358,0.259224,0.424748,0.011126,0.263542,0.419192,0.017157,0.270829,0.419435,0.013661,0.276526,0.420355,0.008937,0.26245,0.452741,0.008476,0.263553,0.44576,0.013261,0.269707,0.444562,0.011721,0.274737,0.445335,0.008701,0.267828,0.476931,0.006119,0.26723,0.47002,0.010681,0.272552,0.467178,0.013751,0.277336,0.466972,0.014904
thumbs_up,0.305976,0.431828,-0.0,0.295087,0.389485,-0.009488,0.275054,0.352584,-0.01384,0.259117,0.323337,-0.017901,0.254339,0.299238,-0.01985,0.249089,0.38791,-0.00504,0.229533,0.395201,-0.016967,0.24782,0.39407,-0.021613,0.259696,0.390882,-0.022354,0.251876,0.417895,-0.004409,0.235444,0.425177,-0.015716,0.257858,0.417375,-0.015821,0.263621,0.41202,-0.013012,0.257009,0.444357,-0.005997,0.244638,0.448465,-0.01786,0.263695,0.437445,-0.013202,0.268685,0.432579,-0.006775,0.263601,0.469327,-0.008416,0.25252,0.470126,-0.014931,0.265113,0.459222,-0.010605,0.271006,0.455361,-0.005221
thumbs_up,0.303381,0.387968,-0.0,0.293292,0.341704,-0.011867,0.268678,0.304029,-0.017086,0.248037,0.275871,-0.021662,0.24186,0.247352,-0.023613,0.240819,0.3434,-0.004965,0.222458,0.349512,-0.017122,0.242209,0.348551,-0.021229,0.254312,0.346044,-0.021562,0.243603,0.374937,-0.003577,0.228733,0.379633,-0.015309,0.252588,0.372173,-0.014972,0.256191,0.367504,-0.011189,0.248861,0.402692,-0.004884,0.240782,0.40516,-0.016603,0.259287,0.394588,-0.011798,0.260084,0.390521,-0.005064,0.255566,0.427887,-0.007351,0.24802,0.4288,-0.012396,0.260147,0.417634,-0.007377,0.26282,0.413676,-0.001595
thumbs_up,0.278389,0.350802,-0.0,0.26982,0.302503,-0.012823,0.245225,0.259447,-0.018464,0.22531,0.227614,-0.022809,0.215429,0.193481,-0.025093,0.204346,0.297591,-0.008289,0.213189,0.306145,-0.019681,0.232185,0.309288,-0.025837,0.233747,0.307052,-0.029125,0.201179,0.332948,-0.006932,0.218496,0.340208,-0.016381,0.237692,0.335245,-0.017653,0.235203,0.329859,-0.017305,0.205455,0.366154,-0.007808,0.224168,0.371195,-0.017201,0.240303,0.362448,-0.014023,0.236625,0.354899,-0.010662,0.212339,0.395476,-0.01022,0.225923,0.398235,-0.014691,0.239746,0.389648,-0.0113,0.239927,0.383789,-0.007543
thumbs_up,0.237477,0.37536,-0.0,0.237106,0.319651,-0.016113,0.216254,0.27055,-0.023961,0.198289,0.238084,-0.029665,0.18496,0.204052,-0.033421,0.175443,0.311909,-0.019583,0.207517,0.323688,-0.034748,0.219409,0.321394,-0.043495,0.212464,0.313811,-0.049186,0.171731,0.35529,-0.018216,0.212069,0.360682,-0.03086,0.221836,0.349654,-0.033453,0.211823,0.339238,-0.035475,0.176956,0.392379,-0.018969,0.214349,0.392997,-0.030132,0.22373,0.38035,-0.026687,0.214856,0.371388,-0.024344,0.185571,0.423125,-0.021829,0.214254,0.42131,-0.030096,0.222978,0.408896,-0.029536,0.217152,0.400322,-0.028323
thumbs_up,0.204201,0.407321,-0.0,0.204014,0.356853,-0.018088,0.192178,0.308603,-0.030504,0.178276,0.270284,-0.03979,0.162453,0.233722,-0.048064,0.162172,0.347545,-0.036965,0.206547,0.361428,-0.052417,0.204186,0.355066,-0.061384,0.192902,0.347844,-0.067743,0.159759,0.397013,-0.034312,0.211711,0.397517,-0.044078,0.204884,0.38651,-0.04449,0.19103,0.380205,-0.047378,0.165057,0.436369,-0.032456,0.212723,0.430617,-0.039445,0.206403,0.419391,-0.032676,0.191251,0.414997,-0.029901,0.175602,0.468844,-0.033298,0.209676,0.457851,-0.039594,0.205761,0.446022,-0.037736,0.194036,0.442286,-0.036629
thumbs_up,0.182545,0.416371,0.0,0.189812,0.362577,-0.017402,0.197663,0.31125,-0.031931,0.194954,0.269292,-0.043766,0.185586,0.227894,-0.055972,0.181349,0.350289,-0.042193,0.228014,0.356161,-0.058648,0.219302,0.348313,-0.06982,0.204042,0.341982,-0.078302,0.178369,0.400719,-0.04079,0.234827,0.39603,-0.049847,0.221754,0.385603,-0.050549,0.201646,0.381263,-0.05553,0.180273,0.440954,-0.03947,0.232737,0.43418,-0.045579,0.220534,0.422614,-0.037516,0.201212,0.417539,-0.035328,0.185262,0.473138,-0.040968,0.226703,0.46546,-0.047335,0.21969,0.455277,-0.043995,0.205661,0.454238,-0.042795
thumbs_up,0.167289,0.373755,-0.0,0.193141,0.335413,-0.017143,0.215709,0.308224,-0.03625,0.222185,0.2755,-0.051633,0.219152,0.234762,-0.066442,0.195741,0.369371,-0.059977,0.254498,0.393225,-0.072103,0.24369,0.365011,-0.070093,0.225966,0.355248,-0.067216,0.184918,0.415661,-0.05559,0.247512,0.430433,-0.068026,0.239587,0.403086,-0.063061,0.222878,0.392128,-0.059374,0.182499,0.450869,-0.04923,0.239022,0.456147,-0.054602,0.231278,0.433508,-0.047166,0.215902,0.427205,-0.043333,0.187037,0.477495,-0.043708,0.228617,0.473385,-0.047947,0.222228,0.455235,-0.044201,0.207826,0.45063,-0.042056
thumbs_up,0.170386,0.364383,-0.0,0.197955,0.327124,-0.014311,0.223503,0.302276,-0.030672,0.233924,0.271841,-0.043653,0.233132,0.233409,-0.055682,0.206493,0.366093,-0.053151,0.263669,0.39503,-0.063059,0.251303,0.368477,-0.059804,0.234011,0.357561,-0.05624,0.195419,0.412322,-0.049525,0.255458,0.431744,-0.059682,0.247129,0.406869,-0.054397,0.231175,0.396242,-0.05075,0.191523,0.44811,-0.043936,0.245666,0.457098,-0.047843,0.237885,0.437017,-0.040719,0.223465,0.432091,-0.037283,0.194512,0.475121,-0.038943,0.234796,0.475211,-0.042059,0.228287,0.458078,-0.038218,0.214488,0.45414,-0.036135
thumbs_up,0.206931,0.424801,-0.0,0.225441,0.36481,-0.019356,0.232342,0.311812,-0.03334,0.2314,0.272232,-0.044054,0.230612,0.231172,-0.053755,0.205072,0.326231,-0.040865,0.244961,0.353223,-0.065463,0.254638,0.361584,-0.083518,0.252655,0.363885,-0.094951,0.189828,0.369469,-0.040524,0.246326,0.399569,-0.058365,0.254488,0.401003,-0.064031,0.251093,0.399981,-0.070542,0.186067,0.412911,-0.041475,0.240076,0.435291,-0.055663,0.247095,0.431747,-0.051601,0.242523,0.426988,-0.050079,0.189419,0.450521,-0.044717,0.231297,0.464277,-0.054756,0.235928,0.459361,-0.051912,0.230622,0.454297,-0.050126
thumbs_up,0.178898,0.355004,-0.0,0.208835,0.319539,-0.01115,0.238648,0.298938,-0.023761,0.252548,0.275753,-0.03374,0.252908,0.2429,-0.042555,0.224605,0.369214,-0.041942,0.278574,0.398501,-0.049659,0.266483,0.369398,-0.046682,0.250017,0.357408,-0.04352,0.213088,0.413068,-0.039019,0.269448,0.430487,-0.04783,0.261172,0.405316,-0.043544,0.245672,0.395598,-0.040254,0.207919,0.446405,-0.034382,0.259189,0.454153,-0.038044,0.251387,0.433478,-0.031771,0.237208,0.428672,-0.028259,0.208678,0.470794,-0.03011,0.248306,0.471304,-0.032572,0.241696,0.454221,-0.028675,0.227823,0.450975,-0.026193
thumbs_up,0.208786,0.35809,-0.0,0.239373,0.317774,-0.008049,0.269128,0.292849,-0.019335,0.284856,0.260857,-0.028244,0.289037,0.221095,-0.036017,0.263401,0.358509,-0.039606,0.3167,0.383254,-0.045625,0.301257,0.358626,-0.041468,0.283473,0.345845,-0.03724,0.252864,0.405223,-0.037436,0.306904,0.416593,-0.04292,0.295848,0.394936,-0.037489,0.280171,0.384955,-0.034113,0.246583,0.440333,-0.033065,0.294162,0.442447,-0.033847,0.28458,0.425885,-0.026418,0.270533,0.420548,-0.022947,0.245509,0.465924,-0.028636,0.283738,0.463103,-0.028679,0.276464,0.447993,-0.022785,0.26287,0.443971,-0.019384
thumbs_up,0.251029,0.364734,-0.0,0.279972,0.312276,-0.004666,0.310654,0.278306,-0.015602,0.328606,0.243389,-0.025192,0.337714,0.203686,-0.033461,0.319777,0.337498,-0.034889,0.373874,0.36271,-0.041988,0.356244,0.347802,-0.039492,0.337072,0.336874,-0.035999,0.31139,0.389066,-0.035118,0.361155,0.399033,-0.039283,0.347406,0.381708,-0.033819,0.33031,0.373001,-0.030858,0.303529,0.428717,-0.033313,0.346961,0.429569,-0.031659,0.335859,0.416118,-0.02237,0.32057,0.410566,-0.01859,0.298969,0.45813,-0.031425,0.333814,0.452934,-0.029176,0.325541,0.440997,-0.021095,0.312332,0.437696,-0.016438
thumbs_up,0.327688,0.370228,-0.0,0.350825,0.288801,0.00036,0.388037,0.228017,-0.004254,0.412773,0.181233,-0.009045,0.42037,0.135296,-0.012328,0.422069,0.276779,-0.011424,0.464772,0.2923,-0.017363,0.448494,0.298062,-0.019767,0.429173,0.293255,-0.020026,0.422731,0.332907,-0.014362,0.457269,0.342547,-0.012667,0.441972,0.343316,-0.009116,0.424104,0.339363,-0.008221,0.418901,0.384288,-0.016662,0.445183,0.382879,-0.012031,0.432713,0.383306,-0.005054,0.417116,0.381156,-0.002933,0.413313,0.42802,-0.01889,0.435543,0.418152,-0.013509,0.423815,0.415131,-0.004743,0.410539,0.414222,0.000616
thumbs_up,0.345164,0.463379,-0.0,0.360934,0.370559,0.000744,0.389185,0.29615,-0.004453,0.410347,0.232963,-0.010027,0.413411,0.181005,-0.013948,0.437679,0.321034,-0.008683,0.47299,0.322745,-0.010536,0.454055,0.337806,-0.010145,0.434791,0.343407,-0.009653,0.44806,0.37933,-0.011229,0.470816,0.372046,-0.006173,0.454004,0.379793,-0.001698,0.435558,0.386916,-0.001148,0.450465,0.433577,-0.012733,0.460888,0.418464,-0.004851,0.447589,0.424556,0.002287,0.431176,0.431411,0.003363,0.450162,0.481193,-0.014302,0.456286,0.461761,-0.006385,0.44337,0.463602,0.002181,0.430946,0.468109,0.006975
thumbs_up,0.330203,0.535864,-0.0,0.335111,0.439762,-0.001887,0.357919,0.358608,-0.00713,0.377401,0.290724,-0.012148,0.378868,0.237823,-0.015721,0.418941,0.376404,-0.007461,0.443893,0.363355,-0.007548,0.425618,0.375644,-0.007397,0.407897,0.386823,-0.007763,0.433591,0.430938,-0.00821,0.441457,0.415635,-0.001667,0.424492,0.422699,0.001763,0.409242,0.435738,0.000964,0.437928,0.483927,-0.008108,0.437727,0.464118,-0.001354,0.424496,0.469503,0.00353,0.409618,0.481225,0.003278,0.438649,0.530194,-0.008152,0.437459,0.510534,-0.002375,0.424721,0.514332,0.004336,0.413285,0.524126,0.008282
thumbs_up,0.328118,0.584006,-0.0,0.322314,0.482674,-0.002207,0.336697,0.395392,-0.008178,0.350804,0.324751,-0.014138,0.348658,0.268525,-0.018753,0.403128,0.398521,-0.00638,0.423293,0.38177,-0.00636,0.406928,0.395524,-0.007434,0.391305,0.409114,-0.008955,0.423687,0.447773,-0.00741,0.423885,0.434413,-0.001787,0.406982,0.447808,-0.000648,0.392979,0.466344,-0.002942,0.43281,0.499404,-0.007462,0.425433,0.482841,-0.0012,0.41192,0.49495,0.00295,0.397634,0.512601,0.002359,0.437044,0.545431,-0.007794,0.431247,0.52793,-0.003127,0.418032,0.537598,0.003211,0.406555,0.552105,0.007249
thumbs_up,0.30903,0.590214,-0.0,0.301425,0.487443,-0.003258,0.313169,0.397432,-0.01003,0.325833,0.324417,-0.016851,0.323151,0.267722,-0.022197,0.383046,0.39511,-0.007146,0.400653,0.372691,-0.008491,0.384337,0.389742,-0.010833,0.368913,0.407857,-0.012983,0.404802,0.443796,-0.008137,0.404847,0.427966,-0.003471,0.388478,0.442416,-0.002969,0.374921,0.462285,-0.005624,0.41454,0.496663,-0.008338,0.407616,0.47998,-0.003477,0.393813,0.492222,0.000649,0.379599,0.510848,0.000435,0.418992,0.544164,-0.008904,0.414894,0.526764,-0.004838,0.40137,0.535892,0.001981,0.389638,0.550735,0.006553
thumbs_up,0.319207,0.608586,-0.0,0.296459,0.505651,-0.002177,0.297712,0.411195,-0.008782,0.301754,0.328906,-0.015018,0.291457,0.271648,-0.019785,0.368773,0.379399,-0.00836,0.38105,0.359259,-0.003262,0.366892,0.383907,1.9e-05,0.354283,0.404611,0.000311,0.396809,0.42055,-0.008824,0.389916,0.413883,0.001264,0.375825,0.435829,0.00393,0.366075,0.459019,0.001147,0.412737,0.471427,-0.007365,0.399665,0.463324,0.002602,0.38781,0.481956,0.007436,0.376633,0.50442,0.005794,0.422957,0.518558,-0.006058,0.413921,0.508377,0.001699,0.401459,0.523237,0.009235,0.391731,0.541149,0.01325
thumbs_up,0.333764,0.631044,-0.0,0.30608,0.532826,-0.002631,0.302477,0.439957,-0.009727,0.302079,0.356456,-0.016131,0.287451,0.300974,-0.021011,0.371558,0.395367,-0.010244,0.383384,0.370759,-0.004089,0.37019,0.398857,0.000594,0.35851,0.421674,0.001625,0.402123,0.43161,-0.010015,0.394639,0.423598,0.000685,0.380746,0.448989,0.004082,0.371745,0.474274,0.001544,0.420805,0.479654,-0.007539,0.40617,0.47182,0.003191,0.394673,0.492714,0.008694,0.384192,0.517565,0.007101,0.433667,0.524656,-0.005123,0.4226,0.514193,0.003012,0.410343,0.531167,0.010993,0.401431,0.550895,0.015147
thumbs_up,0.328215,0.601255,-0.0,0.312506,0.498534,-0.002697,0.318724,0.404633,-0.009109,0.325864,0.32667,-0.015378,0.316051,0.27107,-0.020278,0.39197,0.392731,-0.008404,0.404731,0.36441,-0.007341,0.388951,0.385724,-0.007339,0.375446,0.407875,-0.008633,0.417826,0.437838,-0.009375,0.409441,0.424335,-0.003001,0.393865,0.444421,-0.001353,0.384458,0.467891,-0.004109,0.431011,0.489904,-0.00902,0.416565,0.474737,-0.002455,0.403272,0.49045,0.002655,0.392272,0.511875,0.001981,0.43768,0.536822,-0.008874,0.426144,0.521971,-0.003815,0.412346,0.533947,0.003412,0.40316,0.550718,0.007754
thumbs_up,0.314282,0.559318,-0.0,0.330122,0.448768,-0.006202,0.364403,0.370456,-0.013004,0.394836,0.308445,-0.018624,0.406563,0.249884,-0.022757,0.437178,0.425859,-0.008809,0.444659,0.413667,-0.005647,0.422389,0.420882,-0.005463,0.405348,0.42993,-0.00725,0.446062,0.491995,-0.007452,0.437618,0.470344,0.000738,0.41772,0.473855,0.001626,0.40225,0.486614,-0.002202,0.441007,0.550647,-0.004732,0.430819,0.520797,0.002534,0.414603,0.522232,0.006788,0.398435,0.532991,0.005482,0.431294,0.597682,-0.002391,0.425634,0.571372,0.003299,0.41131,0.569215,0.010568,0.398779,0.577319,0.014867
thumbs_up,0.302849,0.547251,-0.0,0.330179,0.43967,-0.00496,0.37481,0.374458,-0.011054,0.413001,0.327337,-0.016731,0.431891,0.274233,-0.021107,0.439584,0.455337,-0.004557,0.449359,0.443231,-0.005309,0.425861,0.442269,-0.0095,0.407849,0.447754,-0.013756,0.441301,0.523702,-0.005119,0.43443,0.498753,0.00038,0.412807,0.495139,-0.000629,0.396458,0.503632,-0.005091,0.430203,0.580771,-0.005046,0.422014,0.54671,-0.000375,0.404175,0.541435,0.003221,0.387401,0.546594,0.002231,0.415347,0.624097,-0.00544,0.41129,0.594363,-0.001249,0.396412,0.587626,0.005826,0.38354,0.591942,0.010428
thumbs_up,0.298534,0.534319,-0.0,0.332352,0.429123,-0.004614,0.381765,0.368526,-0.011176,0.423598,0.328561,-0.017682,0.446051,0.277656,-0.022788,0.445182,0.458758,-0.001162,0.454859,0.440641,-0.005081,0.430573,0.439355,-0.013212,0.412967,0.446698,-0.019729,0.443405,0.528169,-0.003039,0.440906,0.497827,-0.000379,0.418914,0.491716,-0.003562,0.401191,0.49903,-0.008478,0.428995,0.584478,-0.004834,0.42684,0.547636,-0.00291,0.408546,0.540544,2.2e-05,0.390615,0.545096,-0.000212,0.411218,0.626229,-0.007141,0.410256,0.592319,-0.004825,0.394658,0.584575,0.002177,0.380188,0.589238,0.007624
thumbs_up,0.305429,0.525242,-0.0,0.341185,0.425846,-0.005031,0.389231,0.372907,-0.011623,0.432072,0.336414,-0.017569,0.457253,0.290437,-0.022265,0.448011,0.469949,-0.003925,0.458753,0.460799,-0.002469,0.436471,0.45615,-0.005351,0.41859,0.458258,-0.008798,0.444447,0.538257,-0.003279,0.440807,0.511779,0.004643,0.420046,0.50203,0.004039,0.402882,0.505935,-0.000476,0.428516,0.591094,-0.001684,0.424992,0.555434,0.005808,0.408182,0.545979,0.009302,0.390863,0.547014,0.007679,0.410627,0.63026,-0.000529,0.409745,0.600095,0.005817,0.395569,0.590714,0.013107,0.381981,0.592444,0.017627
thumbs_up,0.299237,0.525544,-0.0,0.34229,0.430051,-0.005333,0.395302,0.387999,-0.011353,0.441692,0.359217,-0.01667,0.469705,0.316901,-0.020563,0.448329,0.498903,-0.003745,0.460942,0.487216,-0.001996,0.436996,0.475525,-0.004235,0.417627,0.473928,-0.007237,0.440687,0.567694,-0.002699,0.440847,0.537503,0.004618,0.419358,0.522352,0.004322,0.401119,0.522849,0.00048,0.42134,0.618661,-0.000671,0.421578,0.580044,0.005565,0.404883,0.566586,0.008997,0.386638,0.564143,0.007893,0.400474,0.654282,0.001001,0.402458,0.622597,0.006193,0.388453,0.609414,0.013253,0.374108,0.608823,0.01799
thumbs_up,0.298206,0.530923,-0.0,0.347493,0.445617,-0.003681,0.401368,0.413948,-0.009483,0.448198,0.398172,-0.015277,0.479036,0.365114,-0.019709,0.445746,0.528196,0.00038,0.461711,0.524505,0.000128,0.440868,0.510035,-0.0045,0.422685,0.50488,-0.00867,0.434219,0.59461,7e-06,0.439539,0.570934,0.006867,0.420577,0.552652,0.006021,0.402745,0.549188,0.001951,0.412666,0.640769,4.1e-05,0.417332,0.607555,0.006255,0.401345,0.591048,0.009758,0.383637,0.585307,0.008833,0.390858,0.672386,-0.000331,0.396665,0.643004,0.005526,0.383612,0.628031,0.013064,0.369646,0.624366,0.018041
thumbs_up,0.325923,0.527327,-0.0,0.363483,0.43568,-0.003992,0.41173,0.387809,-0.010331,0.454629,0.351568,-0.016392,0.478972,0.306963,-0.020646,0.463562,0.476264,-0.004083,0.48902,0.477171,-0.004638,0.46942,0.467724,-0.006502,0.450039,0.46431,-0.008111,0.459757,0.544557,-0.003835,0.468888,0.52632,0.002089,0.450297,0.513278,0.003465,0.432429,0.513202,0.00148,0.445352,0.597356,-0.003111,0.450526,0.56865,0.003221,0.435042,0.558086,0.008182,0.417276,0.556431,0.008309,0.429477,0.636925,-0.002787,0.434846,0.611348,0.003482,0.421507,0.600046,0.011222,0.407317,0.598828,0.016238
thumbs_up,0.352207,0.526606,-0.0,0.387013,0.435317,-0.004034,0.432178,0.383786,-0.011493,0.471376,0.342966,-0.018554,0.492147,0.293785,-0.023684,0.480716,0.463615,-0.009786,0.512481,0.465832,-0.012102,0.492358,0.457356,-0.013429,0.472468,0.453861,-0.014334,0.478124,0.531899,-0.009511,0.496962,0.516157,-0.006011,0.478485,0.504705,-0.003529,0.460158,0.504505,-0.004302,0.466464,0.585906,-0.008418,0.477468,0.557788,-0.003619,0.462447,0.549712,0.003009,0.444529,0.548987,0.00459,0.453505,0.62725,-0.007553,0.463782,0.601155,-0.002103,0.450636,0.592422,0.006874,0.436502,0.592531,0.012811
thumbs_up,0.390314,0.551071,-0.0,0.421917,0.48525,-0.006038,0.464923,0.432065,-0.016932,0.491058,0.383841,-0.026661,0.501283,0.331259,-0.034081,0.476494,0.48399,-0.035473,0.538305,0.516475,-0.047903,0.516684,0.511338,-0.048301,0.494438,0.500389,-0.04613,0.468198,0.543491,-0.038022,0.525406,0.567573,-0.04435,0.506943,0.556103,-0.037683,0.485067,0.545283,-0.033968,0.459856,0.596036,-0.039535,0.510532,0.608337,-0.040828,0.494856,0.595979,-0.027729,0.474551,0.587121,-0.020947,0.452825,0.640659,-0.041302,0.495795,0.642335,-0.039054,0.482005,0.631027,-0.026982,0.464099,0.625815,-0.019692
thumbs_up,0.407137,0.541495,-0.0,0.436895,0.482223,-0.007069,0.480275,0.428489,-0.019693,0.503505,0.379904,-0.030909,0.514298,0.329784,-0.039757,0.476765,0.465156,-0.044247,0.539459,0.505689,-0.059891,0.522534,0.505067,-0.061144,0.500978,0.49103,-0.058918,0.464892,0.518325,-0.047483,0.525831,0.556261,-0.057434,0.508651,0.549088,-0.050066,0.486468,0.534701,-0.045463,0.455966,0.567867,-0.049546,0.511925,0.594396,-0.053802,0.495796,0.585311,-0.038823,0.474368,0.573771,-0.030079,0.449787,0.611594,-0.051947,0.496753,0.626891,-0.051071,0.483281,0.618404,-0.038225,0.463713,0.610544,-0.030411
thumbs_up,0.419378,0.488108,-0.0,0.454062,0.448957,-0.011057,0.501887,0.414679,-0.025747,0.526672,0.378322,-0.038028,0.541302,0.331199,-0.047643,0.488092,0.431981,-0.052434,0.538658,0.49853,-0.073179,0.523293,0.497232,-0.077432,0.502821,0.473534,-0.077137,0.46758,0.471989,-0.05568,0.521579,0.543142,-0.072309,0.504983,0.528116,-0.06602,0.48379,0.500835,-0.061878,0.451881,0.51536,-0.058251,0.501334,0.570996,-0.067042,0.487175,0.553704,-0.052178,0.468799,0.531503,-0.043396,0.440356,0.556529,-0.061585,0.483682,0.593263,-0.062925,0.472999,0.576813,-0.051137,0.454908,0.5566,-0.044297
thumbs_up,0.427513,0.453673,-0.0,0.463194,0.423253,-0.009904,0.51339,0.399498,-0.023627,0.541896,0.370522,-0.035278,0.560293,0.328524,-0.044409,0.501206,0.41105,-0.04914,0.546637,0.486823,-0.069626,0.530511,0.484481,-0.074268,0.51213,0.457778,-0.074451,0.478822,0.444199,-0.052927,0.526837,0.526693,-0.068511,0.510299,0.510969,-0.062226,0.491863,0.480584,-0.058474,0.46047,0.48288,-0.056209,0.505245,0.551056,-0.064608,0.491266,0.532911,-0.050343,0.475077,0.507201,-0.042245,0.446133,0.521594,-0.060193,0.486321,0.569912,-0.061907,0.476105,0.553144,-0.050982,0.459963,0.529509,-0.044762
thumbs_up,0.42985,0.435099,-0.0,0.466971,0.405625,-0.008862,0.518506,0.38574,-0.022732,0.548609,0.359373,-0.034469,0.568371,0.318193,-0.043732,0.506757,0.395481,-0.051597,0.549634,0.475591,-0.071066,0.534174,0.471892,-0.073966,0.516992,0.443524,-0.073126,0.483147,0.426727,-0.055804,0.528573,0.513313,-0.070616,0.512681,0.497468,-0.062933,0.495447,0.466492,-0.058558,0.463201,0.464166,-0.059077,0.506318,0.537135,-0.066799,0.49273,0.518472,-0.051385,0.477087,0.491281,-0.042846,0.446952,0.502287,-0.062898,0.486472,0.555414,-0.064225,0.476615,0.538095,-0.052723,0.461075,0.512455,-0.046292
thumbs_up,0.426074,0.436582,-0.0,0.462287,0.400322,-0.009623,0.513556,0.374407,-0.023898,0.543498,0.34364,-0.035685,0.562474,0.300635,-0.045003,0.502511,0.39094,-0.053023,0.548145,0.465548,-0.072316,0.533017,0.462096,-0.074936,0.514903,0.435906,-0.073765,0.480456,0.427538,-0.056343,0.528412,0.505799,-0.071143,0.512661,0.491078,-0.06347,0.494724,0.462703,-0.058758,0.462158,0.468977,-0.058573,0.506836,0.532592,-0.066125,0.492948,0.51501,-0.050378,0.476267,0.490194,-0.041244,0.447475,0.50931,-0.061348,0.48816,0.553255,-0.062162,0.478014,0.536574,-0.049958,0.462096,0.514147,-0.042813
thumbs_up,0.412796,0.470097,-0.0,0.443162,0.414803,-0.007875,0.488342,0.371899,-0.020842,0.516418,0.33092,-0.031295,0.53171,0.284383,-0.039567,0.487729,0.415069,-0.04825,0.54325,0.463765,-0.06107,0.525736,0.457478,-0.059258,0.505402,0.439493,-0.055494,0.473952,0.466905,-0.049811,0.527118,0.508677,-0.05757,0.511214,0.49641,-0.048952,0.490877,0.478651,-0.044015,0.4625,0.515092,-0.049565,0.511674,0.544015,-0.051692,0.497276,0.53178,-0.03669,0.477937,0.517761,-0.028783,0.453724,0.55778,-0.049496,0.495513,0.57273,-0.048362,0.483429,0.56201,-0.036159,0.466905,0.553345,-0.028917
thumbs_up,0.392814,0.519496,-0.0,0.420573,0.452493,-0.006865,0.461532,0.396156,-0.018709,0.486155,0.346721,-0.028692,0.495851,0.2954,-0.036548,0.470261,0.447263,-0.040236,0.530223,0.474008,-0.052674,0.510773,0.470613,-0.052757,0.488719,0.460423,-0.050426,0.463673,0.505251,-0.041919,0.518415,0.522944,-0.048564,0.501277,0.513707,-0.041886,0.480032,0.505769,-0.038131,0.457508,0.55673,-0.042149,0.506569,0.564397,-0.043276,0.49136,0.555119,-0.030134,0.471324,0.549138,-0.023386,0.45244,0.600379,-0.042631,0.491942,0.598863,-0.040949,0.479424,0.590572,-0.029584,0.463425,0.588481,-0.022653
thumbs_up,0.377127,0.599319,-0.0,0.394215,0.522719,-0.007799,0.422678,0.458401,-0.020824,0.437386,0.40332,-0.031711,0.439435,0.351327,-0.040752,0.436193,0.515287,-0.046259,0.502945,0.498554,-0.057736,0.483235,0.493407,-0.055226,0.459849,0.497676,-0.050803,0.439478,0.577273,-0.046539,0.501039,0.549188,-0.054738,0.482896,0.537316,-0.047246,0.460773,0.542711,-0.042053,0.442637,0.626073,-0.044853,0.495426,0.591922,-0.046696,0.479492,0.582369,-0.034075,0.460624,0.589871,-0.027245,0.446661,0.661988,-0.043291,0.487452,0.629232,-0.042538,0.474354,0.620448,-0.032071,0.457962,0.628339,-0.02562
thumbs_up,0.370923,0.610314,-0.0,0.380916,0.534493,-0.009711,0.400959,0.467678,-0.024428,0.410174,0.410639,-0.036539,0.407718,0.359746,-0.047023,0.419267,0.523617,-0.051383,0.485179,0.487095,-0.062483,0.465481,0.48476,-0.058866,0.443462,0.49383,-0.053842,0.428089,0.582667,-0.050226,0.487585,0.533262,-0.057514,0.469845,0.526232,-0.049523,0.450474,0.53752,-0.04478,0.436234,0.628393,-0.046832,0.485856,0.576306,-0.048102,0.469807,0.571891,-0.035766,0.452883,0.584177,-0.02981,0.444446,0.659843,-0.043629,0.482386,0.611799,-0.043184,0.468633,0.608306,-0.033377,0.45353,0.621083,-0.027707
thumbs_up,0.385766,0.627517,-0.0,0.390735,0.548524,-0.009292,0.404291,0.478425,-0.023351,0.406978,0.42215,-0.034857,0.397818,0.3767,-0.044735,0.425506,0.53594,-0.049183,0.486375,0.481404,-0.060143,0.467244,0.480646,-0.056975,0.445994,0.495667,-0.052233,0.439375,0.590747,-0.047882,0.493641,0.522864,-0.056,0.475999,0.517401,-0.04887,0.457521,0.535087,-0.044268,0.451962,0.631832,-0.044365,0.497129,0.56244,-0.046267,0.480713,0.559442,-0.034651,0.464317,0.577622,-0.028638,0.463368,0.658465,-0.041038,0.496628,0.598897,-0.041287,0.482778,0.596343,-0.032328,0.468538,0.614311,-0.026937
thumbs_up,0.388618,0.623689,-0.0,0.392533,0.545739,-0.010294,0.405317,0.475013,-0.02527,0.408377,0.417524,-0.037547,0.399874,0.371625,-0.048181,0.428796,0.529752,-0.050549,0.489076,0.474189,-0.061384,0.469288,0.475035,-0.058349,0.448427,0.489762,-0.053887,0.442933,0.584181,-0.048869,0.496168,0.515951,-0.056995,0.478159,0.511978,-0.050173,0.459622,0.52932,-0.045945,0.45551,0.624934,-0.044939,0.499366,0.555647,-0.04666,0.482935,0.5542,-0.03525,0.46652,0.572206,-0.029577,0.467001,0.651187,-0.041279,0.499275,0.591158,-0.04117,0.485123,0.589256,-0.032167,0.470877,0.606804,-0.026908
thumbs_up,0.389504,0.609276,-0.0,0.391378,0.532017,-0.010324,0.400728,0.463996,-0.025321,0.40169,0.409621,-0.037744,0.388897,0.366953,-0.048755,0.43112,0.517928,-0.047561,0.483224,0.451837,-0.05697,0.463658,0.457313,-0.053967,0.44545,0.476381,-0.050115,0.447412,0.567958,-0.045649,0.492629,0.492839,-0.052972,0.474878,0.492591,-0.046965,0.459187,0.5116,-0.043645,0.460457,0.605677,-0.041498,0.497121,0.531583,-0.04316,0.481746,0.533027,-0.033578,0.46762,0.552372,-0.029193,0.471511,0.629757,-0.037566,0.499009,0.565578,-0.03759,0.48562,0.565459,-0.029729,0.472721,0.584362,-0.025259
thumbs_up,0.383945,0.618105,-0.0,0.382134,0.53673,-0.010985,0.388999,0.465253,-0.027578,0.387917,0.406859,-0.041517,0.373047,0.362416,-0.054048,0.422563,0.51424,-0.051095,0.472754,0.436666,-0.061803,0.453476,0.44469,-0.059184,0.435714,0.467595,-0.055414,0.441608,0.56277,-0.049507,0.484228,0.475964,-0.057721,0.466515,0.478515,-0.051612,0.451355,0.500876,-0.048162,0.457,0.598936,-0.045582,0.491386,0.514689,-0.04772,0.475971,0.519202,-0.037589,0.462646,0.541292,-0.032929,0.469855,0.621277,-0.041915,0.495215,0.549772,-0.042569,0.481553,0.55328,-0.034283,0.469452,0.574825,-0.029362
thumbs_up,0.377589,0.631393,-0.0,0.373397,0.554706,-0.011977,0.377477,0.479589,-0.027877,0.372046,0.419737,-0.040888,0.35702,0.377859,-0.052123,0.410896,0.527153,-0.051257,0.462482,0.445773,-0.062702,0.442343,0.452294,-0.060276,0.424002,0.473532,-0.056059,0.432178,0.57384,-0.048608,0.474194,0.48147,-0.057779,0.455576,0.483862,-0.051857,0.440387,0.507896,-0.047883,0.449493,0.606631,-0.043789,0.483061,0.517424,-0.045833,0.466754,0.521076,-0.034978,0.453379,0.544465,-0.029334,0.463695,0.6244,-0.039358,0.487956,0.549922,-0.038499,0.47376,0.551397,-0.029266,0.462022,0.572876,-0.02371
thumbs_up,0.375254,0.602924,-0.0,0.377258,0.524235,-0.008475,0.388427,0.441279,-0.023238,0.385827,0.375138,-0.035912,0.372402,0.325108,-0.046684,0.405886,0.488239,-0.049323,0.469694,0.434645,-0.062839,0.452372,0.442234,-0.061455,0.429976,0.458892,-0.057159,0.420502,0.543141,-0.049851,0.478864,0.479975,-0.05848,0.462117,0.47949,-0.05065,0.44191,0.497251,-0.045463,0.434311,0.586912,-0.048555,0.484621,0.522684,-0.049862,0.468787,0.522475,-0.036298,0.450698,0.540013,-0.029046,0.447287,0.61798,-0.047626,0.48434,0.56379,-0.045473,0.472186,0.561377,-0.034192,0.457565,0.576796,-0.027563
thumbs_up,0.377676,0.574015,-0.0,0.384497,0.496848,-0.010271,0.406315,0.411736,-0.025223,0.412529,0.346356,-0.037566,0.403291,0.291087,-0.047542,0.414536,0.451605,-0.055376,0.482992,0.425438,-0.071856,0.465255,0.435962,-0.071493,0.441304,0.442784,-0.068191,0.420754,0.50999,-0.057257,0.487243,0.479397,-0.068983,0.468025,0.482595,-0.05939,0.443918,0.491658,-0.053178,0.42839,0.56067,-0.057676,0.487338,0.52571,-0.062493,0.469409,0.526812,-0.045462,0.447298,0.538121,-0.035483,0.437151,0.602766,-0.058634,0.484057,0.568431,-0.057805,0.470055,0.567426,-0.044261,0.450695,0.578394,-0.036197
thumbs_up,0.387875,0.549292,-0.0,0.407666,0.479832,-0.012375,0.440545,0.398872,-0.029708,0.452183,0.337364,-0.04404,0.450153,0.276477,-0.055598,0.429516,0.423205,-0.063404,0.497999,0.434291,-0.085277,0.482854,0.44928,-0.087809,0.458019,0.446928,-0.086518,0.421629,0.479891,-0.067085,0.496736,0.491079,-0.085687,0.476528,0.497797,-0.076866,0.449731,0.495636,-0.071343,0.420741,0.53567,-0.069603,0.489383,0.538909,-0.079319,0.470327,0.540462,-0.060863,0.445913,0.539999,-0.050117,0.424042,0.586989,-0.07296,0.480477,0.577496,-0.074207,0.465838,0.574489,-0.060478,0.442399,0.574999,-0.05279
thumbs_up,0.405793,0.538143,-0.0,0.436119,0.473694,-0.013327,0.468364,0.40687,-0.028303,0.479604,0.347984,-0.041376,0.4796,0.290054,-0.051736,0.446195,0.416082,-0.050536,0.50772,0.450069,-0.07484,0.493052,0.466348,-0.081992,0.472366,0.45638,-0.084931,0.430801,0.467252,-0.054826,0.50163,0.502605,-0.075348,0.4826,0.506171,-0.070527,0.460698,0.4958,-0.068866,0.424163,0.518926,-0.05955,0.490821,0.547759,-0.074051,0.471916,0.545781,-0.060736,0.451882,0.536006,-0.053369,0.422338,0.565647,-0.065559,0.477737,0.582782,-0.071453,0.463944,0.578261,-0.062476,0.443131,0.570268,-0.057915
thumbs_up,0.433636,0.546384,-0.0,0.469758,0.475406,-0.014951,0.494292,0.407958,-0.025544,0.503508,0.351829,-0.034719,0.511534,0.293668,-0.041054,0.461517,0.405421,-0.03348,0.51959,0.448622,-0.054731,0.507335,0.470148,-0.063661,0.488856,0.45719,-0.069753,0.443423,0.45096,-0.036446,0.509408,0.498957,-0.054506,0.494062,0.505463,-0.055423,0.476761,0.491341,-0.059354,0.433298,0.49945,-0.041135,0.495244,0.542714,-0.056029,0.480646,0.545961,-0.050011,0.465843,0.533492,-0.048131,0.430197,0.544161,-0.047727,0.477436,0.577742,-0.05734,0.467024,0.573579,-0.056162,0.449914,0.5597,-0.057098
thumbs_up,0.450397,0.544906,-0.0,0.488254,0.482215,-0.017099,0.512206,0.414738,-0.027283,0.524646,0.359802,-0.035361,0.536368,0.302434,-0.041264,0.477596,0.397777,-0.035263,0.527181,0.459558,-0.055693,0.515686,0.47754,-0.06607,0.499828,0.46048,-0.074358,0.456815,0.434809,-0.03675,0.51522,0.502282,-0.055795,0.500517,0.50505,-0.059939,0.485242,0.486303,-0.066184,0.444312,0.480073,-0.039546,0.499483,0.541294,-0.055894,0.487075,0.541389,-0.052821,0.474766,0.522945,-0.052586,0.438573,0.523875,-0.044563,0.481696,0.570199,-0.058544,0.476844,0.562879,-0.061523,0.464841,0.544512,-0.064371
thumbs_up,0.519867,0.546347,-0.0,0.543982,0.486804,-0.021191,0.54705,0.408012,-0.032074,0.543233,0.350915,-0.040041,0.545534,0.299054,-0.045705,0.488758,0.385263,-0.031622,0.510475,0.42965,-0.05202,0.526699,0.45311,-0.061047,0.525184,0.447658,-0.065635,0.46679,0.426274,-0.029624,0.499569,0.476929,-0.046285,0.51814,0.48814,-0.047376,0.515686,0.474038,-0.048226,0.456121,0.472887,-0.030032,0.486582,0.514165,-0.045173,0.505416,0.519763,-0.039913,0.504484,0.506116,-0.035974,0.451996,0.517419,-0.032873,0.476497,0.544885,-0.043215,0.493013,0.548255,-0.041259,0.494518,0.539131,-0.038629
thumbs_up,0.505941,0.547445,-0.0,0.527609,0.486673,-0.021689,0.527103,0.411676,-0.032663,0.520315,0.357338,-0.040821,0.521115,0.305681,-0.046657,0.467947,0.39857,-0.027576,0.48324,0.439035,-0.045715,0.500559,0.461554,-0.053474,0.502368,0.454068,-0.057355,0.446785,0.437166,-0.024939,0.474891,0.480967,-0.040832,0.494237,0.493775,-0.042437,0.49292,0.480214,-0.042811,0.436424,0.480049,-0.024741,0.465226,0.518247,-0.039928,0.483938,0.525371,-0.035532,0.484184,0.511043,-0.031418,0.431527,0.520704,-0.026868,0.452155,0.546249,-0.036668,0.469398,0.551987,-0.034029,0.472622,0.543322,-0.030395
thumbs_up,0.477682,0.52945,-0.0,0.490794,0.467598,-0.023682,0.478057,0.394304,-0.033669,0.461878,0.344524,-0.04033,0.457958,0.293152,-0.043497,0.419294,0.396451,-0.020784,0.424764,0.426511,-0.039032,0.446247,0.447188,-0.046477,0.449646,0.442693,-0.0499,0.402306,0.433209,-0.016381,0.420704,0.470418,-0.032197,0.448067,0.482348,-0.03296,0.447666,0.467004,-0.031526,0.396082,0.475843,-0.015456,0.417976,0.511063,-0.031919,0.442022,0.515716,-0.026404,0.441234,0.49781,-0.020503,0.394984,0.515838,-0.017054,0.412821,0.541343,-0.027738,0.433704,0.5433,-0.024916,0.436201,0.531533,-0.020558
thumbs_up,0.484814,0.520962,-0.0,0.490325,0.461762,-0.023762,0.473661,0.39303,-0.034067,0.455863,0.342914,-0.040819,0.448633,0.294945,-0.043761,0.415103,0.406176,-0.021347,0.417931,0.428946,-0.038014,0.444124,0.442919,-0.043271,0.448483,0.439312,-0.045104,0.402722,0.444982,-0.016548,0.416729,0.473251,-0.031733,0.44635,0.478584,-0.031466,0.443809,0.466637,-0.029017,0.400209,0.486336,-0.015058,0.417838,0.511069,-0.030517,0.443134,0.509292,-0.024723,0.439838,0.494473,-0.018465,0.401908,0.524099,-0.01594,0.41707,0.540689,-0.024902,0.43794,0.537182,-0.021007,0.438739,0.527573,-0.015905
thumbs_up,0.506921,0.509377,-0.0,0.508502,0.448256,-0.022143,0.489905,0.382934,-0.032105,0.470363,0.335199,-0.039268,0.464299,0.288169,-0.042796,0.436533,0.401746,-0.016206,0.430394,0.419487,-0.034113,0.457089,0.431965,-0.041134,0.464535,0.430441,-0.043536,0.42753,0.442988,-0.011774,0.43111,0.463938,-0.028378,0.46249,0.466038,-0.028751,0.462504,0.455643,-0.025575,0.426336,0.483348,-0.011002,0.43465,0.500538,-0.028312,0.461731,0.49564,-0.023143,0.460634,0.482329,-0.015859,0.428998,0.5195,-0.012325,0.436216,0.528416,-0.021704,0.457745,0.521904,-0.017377,0.460279,0.5126,-0.011308
thumbs_up,0.510813,0.486552,-0.0,0.509829,0.427386,-0.020151,0.486826,0.368945,-0.028822,0.464597,0.329228,-0.034722,0.453573,0.286118,-0.037558,0.435654,0.399772,-0.017481,0.441395,0.417385,-0.033303,0.464184,0.42433,-0.039911,0.466459,0.420896,-0.043002,0.426983,0.439928,-0.013878,0.444097,0.459723,-0.027984,0.4707,0.457114,-0.028791,0.468438,0.446773,-0.027404,0.427719,0.479773,-0.013238,0.448382,0.496361,-0.02772,0.471034,0.487402,-0.023303,0.467765,0.473833,-0.018282,0.432397,0.515625,-0.014703,0.449644,0.526421,-0.023196,0.468936,0.518115,-0.020272,0.469488,0.508643,-0.016206
thumbs_up,0.477065,0.435183,-0.0,0.475212,0.371809,-0.015795,0.454752,0.316605,-0.023695,0.436769,0.283485,-0.029738,0.423293,0.247464,-0.034,0.410479,0.362177,-0.020962,0.440884,0.372136,-0.036077,0.453498,0.368778,-0.04437,0.448208,0.360051,-0.049426,0.407603,0.406927,-0.019668,0.4482,0.408207,-0.031432,0.458508,0.398639,-0.03405,0.450682,0.390466,-0.036208,0.413769,0.445413,-0.020241,0.452245,0.442864,-0.031032,0.46172,0.430544,-0.028151,0.454176,0.422094,-0.026092,0.423515,0.476935,-0.022835,0.453349,0.470598,-0.030808,0.462085,0.457697,-0.030461,0.457468,0.449935,-0.029221
thumbs_up,0.431143,0.409317,0.0,0.434833,0.360587,-0.020994,0.426686,0.311313,-0.035003,0.414549,0.272453,-0.044913,0.398861,0.236885,-0.05373,0.396953,0.359442,-0.044779,0.442286,0.374659,-0.059647,0.438235,0.359462,-0.066525,0.425202,0.346688,-0.07131,0.394033,0.408117,-0.040619,0.446579,0.412012,-0.049765,0.438294,0.395084,-0.048072,0.42351,0.385215,-0.049632,0.398189,0.446702,-0.036876,0.446227,0.445774,-0.043281,0.439376,0.430621,-0.033677,0.4241,0.422495,-0.028952,0.4077,0.479278,-0.036125,0.441336,0.474361,-0.042797,0.436537,0.460393,-0.039532,0.424163,0.453676,-0.037155
thumbs_up,0.399185,0.415422,0.0,0.403801,0.363982,-0.018901,0.405506,0.311275,-0.034253,0.400904,0.26401,-0.045954,0.389982,0.218683,-0.057734,0.390195,0.349027,-0.048684,0.440215,0.355244,-0.062815,0.430602,0.351397,-0.070566,0.41365,0.346779,-0.076689,0.388221,0.400316,-0.045513,0.444522,0.395404,-0.05206,0.429888,0.387432,-0.049781,0.411499,0.383513,-0.052565,0.390636,0.441303,-0.041768,0.44165,0.433576,-0.045265,0.430108,0.422489,-0.034069,0.41274,0.416298,-0.029485,0.396962,0.474338,-0.041075,0.433513,0.462694,-0.045525,0.425474,0.454922,-0.040301,0.41161,0.455508,-0.037329
thumbs_up,0.316602,0.425467,-0.0,0.333729,0.366216,-0.014187,0.361237,0.31167,-0.028604,0.367023,0.266786,-0.039361,0.365023,0.220644,-0.047564,0.351196,0.365471,-0.055124,0.410868,0.381081,-0.072724,0.39633,0.37455,-0.075128,0.374424,0.36341,-0.073437,0.344754,0.420102,-0.054014,0.405661,0.427044,-0.067196,0.39115,0.414143,-0.060192,0.370648,0.406734,-0.055783,0.343585,0.464126,-0.051837,0.397565,0.463076,-0.057976,0.384102,0.449727,-0.043288,0.365664,0.445173,-0.034458,0.34497,0.495601,-0.050519,0.38939,0.489588,-0.048713,0.378474,0.477189,-0.035606,0.35992,0.474094,-0.028208
thumbs_up,0.264433,0.388516,-0.0,0.296287,0.340549,-0.013273,0.328507,0.307978,-0.029291,0.344128,0.270232,-0.042096,0.346592,0.227624,-0.053527,0.324313,0.384726,-0.052023,0.3846,0.414595,-0.062007,0.370573,0.389946,-0.058737,0.351913,0.376434,-0.054574,0.311823,0.438686,-0.049201,0.373164,0.44967,-0.058511,0.36353,0.424285,-0.053071,0.344855,0.413304,-0.049458,0.304544,0.477882,-0.044321,0.358572,0.477411,-0.047221,0.349585,0.456671,-0.038367,0.333061,0.450044,-0.034074,0.303615,0.505384,-0.039878,0.345676,0.499478,-0.040361,0.33782,0.480513,-0.03334,0.323063,0.476098,-0.029574
thumbs_up,0.564061,0.037231,-0.0,0.562142,0.092465,0.002357,0.573169,0.138762,0.001369,0.591608,0.162749,-8.3e-05,0.609356,0.168114,-0.002189,0.582857,0.149852,-0.006856,0.616024,0.179074,-0.013824,0.633857,0.176711,-0.018044,0.643415,0.166832,-0.019521,0.592169,0.127478,-0.010212,0.627316,0.151853,-0.01512,0.644237,0.150276,-0.017588,0.652671,0.142359,-0.019026,0.601165,0.100028,-0.013135,0.631959,0.120673,-0.015689,0.648986,0.126275,-0.016185,0.658303,0.125958,-0.016789,0.609124,0.070746,-0.015496,0.634015,0.080585,-0.016547,0.645874,0.086101,-0.015139,0.651825,0.087264,-0.013776
thumbs_up,0.257857,0.391259,-0.0,0.294432,0.334519,-0.014688,0.330989,0.301186,-0.032472,0.358736,0.265522,-0.046908,0.373142,0.223894,-0.05923,0.34151,0.390862,-0.050263,0.402468,0.430682,-0.058997,0.386669,0.403091,-0.055685,0.365916,0.38406,-0.051852,0.327848,0.449899,-0.046526,0.38415,0.466748,-0.053167,0.371987,0.439155,-0.047494,0.353393,0.426571,-0.044575,0.316744,0.492487,-0.040845,0.366905,0.496278,-0.041366,0.356557,0.474402,-0.031707,0.339417,0.464897,-0.027835,0.311052,0.523998,-0.035776,0.350955,0.517125,-0.03522,0.342208,0.496763,-0.027409,0.327763,0.490597,-0.022911
thumbs_up,0.319368,0.399151,-0.0,0.354834,0.32272,-0.002151,0.401106,0.27192,-0.010287,0.433867,0.227351,-0.017984,0.44819,0.175708,-0.023661,0.432355,0.333802,-0.019786,0.483018,0.37462,-0.026966,0.462514,0.368133,-0.028089,0.440482,0.352268,-0.027145,0.425058,0.397296,-0.021698,0.46717,0.42172,-0.021275,0.449229,0.412813,-0.015982,0.429054,0.402259,-0.01398,0.413946,0.452446,-0.022727,0.447555,0.46032,-0.01764,0.433325,0.453265,-0.007845,0.415386,0.445685,-0.004291,0.403274,0.498909,-0.023835,0.431754,0.494826,-0.017237,0.419412,0.485464,-0.006886,0.40479,0.481437,-0.000815
thumbs_up,0.368865,0.453184,-0.0,0.404536,0.366535,0.002117,0.452877,0.299691,-0.004415,0.487667,0.241277,-0.011866,0.501558,0.183524,-0.017645,0.500815,0.352914,-0.010739,0.542947,0.393869,-0.014772,0.520395,0.402733,-0.016467,0.498905,0.388846,-0.017392,0.497567,0.42108,-0.015999,0.530225,0.449801,-0.009131,0.50982,0.451742,-0.003525,0.488596,0.437742,-0.003634,0.48756,0.485343,-0.020229,0.509968,0.495741,-0.010145,0.491824,0.497916,0.000545,0.472075,0.488633,0.00243,0.475014,0.541333,-0.024543,0.493155,0.538062,-0.014317,0.476205,0.53456,-0.001875,0.460183,0.528234,0.004657
thumbs_up,0.379839,0.458621,-0.0,0.413668,0.371532,0.005416,0.460353,0.306142,-0.00016,0.495295,0.249673,-0.007616,0.510784,0.190661,-0.013355,0.517926,0.347926,-0.006214,0.554207,0.401775,-0.00866,0.530171,0.415574,-0.010062,0.509084,0.403003,-0.011548,0.516861,0.412461,-0.013822,0.539385,0.458145,-0.004981,0.516404,0.46352,0.000667,0.496255,0.449257,-0.000229,0.50753,0.477762,-0.020225,0.517854,0.502722,-0.008681,0.498311,0.50406,0.001858,0.479337,0.490297,0.00287,0.495649,0.537563,-0.026846,0.503335,0.548813,-0.01572,0.485173,0.544684,-0.003651,0.469722,0.533199,0.002346
thumbs_up,0.344844,0.461748,-0.0,0.379655,0.382492,0.001904,0.430229,0.318816,-0.00409,0.467641,0.268224,-0.011117,0.48489,0.212933,-0.016365,0.488748,0.353792,-0.009506,0.522627,0.433386,-0.016003,0.498095,0.444818,-0.020794,0.477569,0.424584,-0.024693,0.487931,0.415258,-0.016797,0.5058,0.484515,-0.013134,0.480415,0.487998,-0.010783,0.461681,0.467224,-0.01315,0.47867,0.480866,-0.023353,0.48677,0.529098,-0.017869,0.46413,0.526547,-0.009322,0.44616,0.506458,-0.008215,0.46645,0.543613,-0.03035,0.472337,0.571617,-0.024308,0.450736,0.56527,-0.014281,0.434906,0.54886,-0.008725
thumbs_up,0.315121,0.485234,-0.0,0.352733,0.415114,0.005486,0.404828,0.359519,0.001069,0.441989,0.314364,-0.005392,0.457343,0.260205,-0.009979,0.462566,0.383623,-0.003587,0.495354,0.473443,-0.010538,0.470176,0.488568,-0.016067,0.448908,0.470544,-0.020325,0.461413,0.437544,-0.013256,0.479848,0.522156,-0.01083,0.454619,0.530005,-0.009296,0.435445,0.508521,-0.011596,0.451929,0.499212,-0.022309,0.462345,0.56564,-0.018165,0.43904,0.565921,-0.010014,0.421345,0.543925,-0.008508,0.438694,0.560286,-0.031615,0.447511,0.603659,-0.026378,0.42552,0.598581,-0.016761,0.409912,0.578632,-0.011257
thumbs_up,0.293796,0.546305,-0.0,0.328998,0.469558,0.006433,0.380023,0.408901,0.002183,0.418211,0.363131,-0.004005,0.434377,0.308855,-0.008669,0.440304,0.435643,-0.00405,0.473372,0.519885,-0.008156,0.448158,0.534795,-0.011629,0.427062,0.516141,-0.01462,0.439753,0.494045,-0.013431,0.459479,0.56845,-0.007083,0.434906,0.576329,-0.003847,0.415302,0.55568,-0.005817,0.430775,0.559284,-0.021727,0.442097,0.613083,-0.013709,0.419641,0.614057,-0.004732,0.401149,0.593604,-0.003766,0.418446,0.622086,-0.030141,0.428347,0.654902,-0.021611,0.406527,0.650138,-0.010444,0.38997,0.632224,-0.00451
thumbs_up,0.286477,0.61558,-0.0,0.318511,0.508793,0.000637,0.365219,0.441947,-0.006245,0.404204,0.386514,-0.013581,0.423214,0.327554,-0.019185,0.426931,0.501163,-0.009328,0.462363,0.524577,-0.00948,0.437948,0.528417,-0.009725,0.417172,0.522815,-0.01087,0.42817,0.577794,-0.012589,0.449915,0.579938,-0.003855,0.428514,0.577009,0.001145,0.407056,0.57511,0.000127,0.41851,0.643921,-0.014367,0.429298,0.628366,-0.003505,0.411607,0.626116,0.005948,0.391413,0.625862,0.006849,0.406666,0.698045,-0.016281,0.414935,0.678471,-0.006067,0.399145,0.673,0.005434,0.383487,0.673094,0.011574
thumbs_up,0.301059,0.632105,-0.0,0.332378,0.522186,-0.00178,0.376953,0.459434,-0.010077,0.417318,0.407997,-0.017748,0.437177,0.350586,-0.023684,0.43398,0.535522,-0.015606,0.477217,0.533088,-0.014858,0.456507,0.526182,-0.012931,0.434996,0.524985,-0.012173,0.436311,0.611109,-0.015338,0.46049,0.586496,-0.006482,0.440877,0.573942,-0.000149,0.420916,0.575846,-0.000341,0.42705,0.671681,-0.013104,0.440879,0.63504,-0.002534,0.424783,0.627053,0.006969,0.405242,0.630673,0.007855,0.416373,0.718014,-0.010793,0.427123,0.685118,-0.000975,0.412053,0.676171,0.010254,0.396282,0.679546,0.016205
thumbs_up,0.309477,0.640115,-0.0,0.340708,0.532582,-0.005254,0.383537,0.472573,-0.01323,0.424429,0.42827,-0.019395,0.444236,0.375924,-0.023197,0.43845,0.560604,-0.020819,0.487079,0.538827,-0.019622,0.462434,0.528597,-0.015493,0.437912,0.531507,-0.012947,0.44135,0.634189,-0.0176,0.473364,0.594398,-0.011964,0.452412,0.58077,-0.006186,0.432763,0.58415,-0.005794,0.434165,0.68854,-0.012186,0.453858,0.640703,-0.004795,0.438507,0.630175,0.003419,0.419776,0.633353,0.004605,0.42562,0.726086,-0.006669,0.441892,0.683558,0.000222,0.426892,0.672258,0.009584,0.41112,0.675286,0.014782
thumbs_up,0.303602,0.633007,-0.0,0.332618,0.530674,-0.005433,0.374458,0.470525,-0.0144,0.412475,0.423187,-0.021798,0.428887,0.367762,-0.026943,0.423133,0.554557,-0.024637,0.484028,0.53348,-0.027704,0.459081,0.523153,-0.02495,0.432948,0.526336,-0.022212,0.427891,0.630394,-0.022533,0.471334,0.590024,-0.021238,0.449241,0.574105,-0.015643,0.428274,0.577025,-0.013991,0.424249,0.685357,-0.018485,0.452907,0.636553,-0.014731,0.436702,0.624705,-0.006546,0.417833,0.628163,-0.004139,0.419889,0.722259,-0.014216,0.442503,0.67681,-0.009353,0.426885,0.664259,3.6e-05,0.410818,0.668183,0.005705
thumbs_up,0.26397,0.631237,-0.0,0.28421,0.53118,-0.0094,0.319445,0.447371,-0.024197,0.339742,0.375891,-0.036603,0.342816,0.310407,-0.046472,0.342795,0.505707,-0.050028,0.421948,0.483142,-0.062852,0.395992,0.485723,-0.060011,0.36864,0.492203,-0.055068,0.34927,0.581142,-0.050303,0.421068,0.545073,-0.058896,0.397428,0.539598,-0.050491,0.371691,0.547392,-0.044764,0.353834,0.642415,-0.048591,0.415184,0.600116,-0.050702,0.395695,0.595721,-0.037033,0.372224,0.605571,-0.029683,0.358789,0.688294,-0.047075,0.404469,0.644607,-0.047225,0.389162,0.637829,-0.036268,0.36984,0.647366,-0.029178
thumbs_up,0.294236,0.712896,-0.0,0.293441,0.610449,-0.005586,0.307398,0.506256,-0.018164,0.308547,0.429695,-0.029955,0.296778,0.368533,-0.03903,0.332399,0.5319,-0.038955,0.401239,0.479187,-0.055308,0.380853,0.497777,-0.057132,0.357857,0.516921,-0.054708,0.35054,0.597082,-0.042597,0.413155,0.538653,-0.052637,0.392502,0.547166,-0.046403,0.368473,0.567771,-0.041473,0.366878,0.653435,-0.045185,0.416876,0.59358,-0.048192,0.398582,0.600188,-0.034625,0.378234,0.620726,-0.02652,0.382457,0.699844,-0.047992,0.418096,0.642517,-0.045571,0.402553,0.647471,-0.032735,0.386185,0.666602,-0.024428
thumbs_up,0.329438,0.744599,-0.0,0.318327,0.650051,-0.004563,0.322899,0.552299,-0.016627,0.321204,0.477968,-0.027445,0.307171,0.421288,-0.035706,0.357392,0.561648,-0.039502,0.419329,0.500199,-0.052498,0.402816,0.527385,-0.051413,0.380802,0.550431,-0.047857,0.380326,0.615301,-0.042605,0.432504,0.551583,-0.047678,0.413838,0.570752,-0.038337,0.394125,0.592746,-0.03319,0.399652,0.665445,-0.044206,0.440729,0.603013,-0.04436,0.423624,0.618928,-0.028683,0.406533,0.640947,-0.020712,0.416472,0.708767,-0.045725,0.444603,0.650568,-0.042379,0.429964,0.663776,-0.028231,0.417127,0.683665,-0.019497
thumbs_up,0.34073,0.683579,-0.0,0.339063,0.584022,-0.004007,0.353799,0.487358,-0.013632,0.362832,0.415357,-0.022018,0.356019,0.359881,-0.027325,0.3934,0.514223,-0.031707,0.456142,0.473198,-0.043292,0.435164,0.490392,-0.043276,0.410978,0.505689,-0.040723,0.412175,0.574194,-0.034561,0.465375,0.527115,-0.039238,0.444365,0.536573,-0.030861,0.423185,0.552068,-0.025963,0.425834,0.627802,-0.03632,0.467637,0.580436,-0.035708,0.450026,0.586806,-0.020782,0.431894,0.602228,-0.012963,0.436217,0.672786,-0.038145,0.467471,0.62414,-0.034235,0.452463,0.630227,-0.020565,0.438899,0.645788,-0.011847
thumbs_up,0.362483,0.604975,-0.0,0.372454,0.508324,-0.006569,0.39484,0.420736,-0.019549,0.40615,0.349398,-0.030927,0.401106,0.289699,-0.039495,0.429479,0.466325,-0.036442,0.494182,0.434578,-0.048401,0.470134,0.445637,-0.049192,0.445045,0.456215,-0.047411,0.441867,0.532213,-0.037875,0.496952,0.494048,-0.043419,0.474343,0.495052,-0.036393,0.451766,0.506272,-0.032519,0.449023,0.587906,-0.037974,0.492178,0.547094,-0.036735,0.475005,0.546066,-0.022513,0.456266,0.557157,-0.015641,0.454325,0.631626,-0.038322,0.4884,0.590509,-0.033478,0.473697,0.588757,-0.01966,0.459239,0.599424,-0.011287
thumbs_up,0.385805,0.529858,-0.0,0.406041,0.432662,-0.003902,0.439394,0.355266,-0.014634,0.463819,0.292367,-0.024077,0.46839,0.2337,-0.031205,0.480327,0.41321,-0.029639,0.539796,0.406081,-0.037253,0.51789,0.406541,-0.03674,0.492828,0.407314,-0.034839,0.486156,0.482788,-0.030865,0.535127,0.463544,-0.031261,0.514854,0.45634,-0.02434,0.49268,0.459546,-0.021676,0.486049,0.540688,-0.03034,0.521993,0.512269,-0.02516,0.506505,0.506702,-0.01294,0.488202,0.512116,-0.008564,0.484936,0.586636,-0.029797,0.51332,0.554575,-0.022991,0.4991,0.548596,-0.010331,0.485214,0.554975,-0.003055
thumbs_up,0.399386,0.520497,-0.0,0.425813,0.419077,-0.003511,0.462535,0.350275,-0.013836,0.494411,0.290609,-0.023206,0.505476,0.230209,-0.030288,0.509131,0.420113,-0.023812,0.563832,0.416849,-0.027937,0.539978,0.415282,-0.026867,0.516051,0.414301,-0.025757,0.513437,0.49119,-0.024152,0.553902,0.472079,-0.021775,0.532905,0.463998,-0.015674,0.511622,0.465514,-0.014533,0.5092,0.549358,-0.022602,0.536746,0.521542,-0.015648,0.521484,0.515092,-0.004753,0.502737,0.518608,-0.001957,0.50379,0.595312,-0.021039,0.525142,0.566023,-0.013464,0.510896,0.55611,-0.001844,0.496641,0.559276,0.004573
thumbs_up,0.423384,0.541604,-0.0,0.460377,0.442528,-0.001005,0.506364,0.384015,-0.010598,0.546038,0.329491,-0.01992,0.564643,0.269607,-0.02744,0.555109,0.462088,-0.018285,0.603143,0.471411,-0.02097,0.579713,0.467045,-0.020529,0.556756,0.460144,-0.020153,0.554447,0.537219,-0.019476,0.587796,0.526304,-0.013699,0.567732,0.516227,-0.0078,0.546827,0.513522,-0.007712,0.544472,0.598493,-0.018683,0.566046,0.573642,-0.008916,0.551033,0.567478,0.001393,0.531814,0.56716,0.002858,0.533975,0.646205,-0.017803,0.550322,0.6184,-0.007907,0.535751,0.608975,0.003981,0.520626,0.609331,0.010252
thumbs_up,0.441226,0.526606,-0.0,0.483717,0.44088,0.001523,0.534232,0.385079,-0.005944,0.575346,0.337699,-0.014095,0.598464,0.286386,-0.020109,0.582007,0.451822,-0.013595,0.625048,0.492974,-0.016665,0.601444,0.493901,-0.016001,0.580764,0.48019,-0.015214,0.57524,0.523538,-0.017568,0.608831,0.546395,-0.011506,0.587378,0.540971,-0.005023,0.56588,0.529923,-0.004098,0.561556,0.586074,-0.020036,0.583291,0.589343,-0.010442,0.565332,0.583741,0.00072,0.544895,0.574294,0.003352,0.546552,0.639701,-0.0225,0.563209,0.631929,-0.012338,0.547117,0.621596,0.000131,0.531213,0.614886,0.007054
thumbs_up,0.433516,0.500127,-0.0,0.47521,0.42741,0.008471,0.528969,0.375692,0.003693,0.569494,0.330627,-0.002841,0.589463,0.27599,-0.007754,0.572336,0.409482,-0.012304,0.615271,0.481333,-0.013928,0.590429,0.489506,-0.011825,0.570253,0.469952,-0.010776,0.565749,0.469701,-0.02159,0.597398,0.53291,-0.011776,0.573445,0.534164,-0.002273,0.553445,0.513611,-0.001302,0.552452,0.532273,-0.028876,0.576795,0.576744,-0.016566,0.555655,0.573703,-0.002209,0.53629,0.554954,0.000442,0.53857,0.590014,-0.035836,0.560551,0.613728,-0.023713,0.539471,0.605639,-0.008893,0.522618,0.590183,-0.00191
thumbs_up,0.425936,0.489437,-0.0,0.468625,0.423215,0.010293,0.521959,0.376393,0.006659,0.561302,0.335593,0.000833,0.580675,0.285411,-0.003527,0.561529,0.402241,-0.011044,0.60543,0.481678,-0.013401,0.581247,0.493516,-0.011817,0.561646,0.473869,-0.0113,0.554871,0.456805,-0.021639,0.585843,0.529695,-0.0131,0.563139,0.532769,-0.00442,0.545107,0.511556,-0.004195,0.541296,0.515588,-0.030253,0.564045,0.570409,-0.019352,0.543459,0.566801,-0.005643,0.526338,0.546227,-0.003439,0.527181,0.570798,-0.038424,0.548662,0.605352,-0.026783,0.527716,0.596864,-0.012481,0.511745,0.578339,-0.006124
thumbs_up,0.406836,0.488201,-0.0,0.447853,0.421596,0.006529,0.501845,0.372056,0.002382,0.541226,0.331554,-0.003155,0.560524,0.282768,-0.00704,0.537771,0.400154,-0.013915,0.583582,0.473957,-0.018537,0.561296,0.483139,-0.017826,0.541433,0.463851,-0.017279,0.531011,0.456499,-0.022745,0.565635,0.523541,-0.017612,0.54268,0.524567,-0.009786,0.523736,0.502887,-0.008944,0.518631,0.515978,-0.030016,0.54562,0.564596,-0.022229,0.524727,0.561499,-0.008844,0.506755,0.542232,-0.005588,0.505352,0.571398,-0.037022,0.529082,0.598713,-0.027744,0.508117,0.592428,-0.013922,0.492046,0.5774,-0.007148
thumbs_up,0.394361,0.516399,-0.0,0.432241,0.433976,0.000198,0.481103,0.379963,-0.006728,0.520052,0.331477,-0.013431,0.539118,0.277581,-0.017812,0.523947,0.434246,-0.016689,0.567832,0.475591,-0.020001,0.544938,0.47698,-0.018685,0.523709,0.463779,-0.017466,0.519316,0.503937,-0.02061,0.552804,0.526927,-0.013745,0.533413,0.522172,-0.005927,0.513213,0.512038,-0.004541,0.508418,0.565896,-0.023131,0.532126,0.568225,-0.013921,0.515566,0.563529,-0.001834,0.496982,0.556477,0.001177,0.495582,0.619037,-0.025639,0.514115,0.608055,-0.016452,0.498536,0.600263,-0.003714,0.484192,0.596979,0.003281
thumbs_up,0.362772,0.573747,-0.0,0.398794,0.470977,-0.003227,0.44464,0.411607,-0.011696,0.485748,0.363135,-0.019091,0.507163,0.307795,-0.02444,0.489969,0.503716,-0.019992,0.543592,0.489171,-0.020891,0.520864,0.476626,-0.017797,0.495491,0.476991,-0.01551,0.490443,0.579123,-0.018762,0.528037,0.545248,-0.014477,0.507745,0.528016,-0.008282,0.486744,0.529264,-0.007207,0.482148,0.635622,-0.015561,0.508513,0.593641,-0.008647,0.494047,0.580879,0.000203,0.475409,0.582715,0.001731,0.473337,0.676513,-0.012052,0.493657,0.640365,-0.004895,0.479866,0.626037,0.005049,0.465241,0.628465,0.010461
thumbs_up,0.32266,0.583309,-0.0,0.358425,0.476409,-0.008463,0.402935,0.411141,-0.019697,0.44415,0.36077,-0.029076,0.465802,0.30312,-0.035575,0.454692,0.503695,-0.024714,0.51123,0.48287,-0.030091,0.483829,0.472433,-0.029836,0.456737,0.474815,-0.028895,0.456491,0.582054,-0.022294,0.495364,0.542524,-0.024328,0.471152,0.526992,-0.020775,0.448233,0.530672,-0.019913,0.449479,0.640296,-0.018526,0.475178,0.593027,-0.01722,0.458951,0.580229,-0.009232,0.43891,0.583658,-0.006395,0.441528,0.681634,-0.014887,0.461636,0.635948,-0.011625,0.44563,0.621549,-0.002215,0.428982,0.625487,0.004032
thumbs_up,0.188812,0.568782,-0.0,0.212033,0.447531,-0.011051,0.247911,0.350771,-0.028291,0.272803,0.266576,-0.043108,0.28041,0.187967,-0.054573,0.304058,0.428053,-0.045629,0.381051,0.382558,-0.056645,0.347785,0.3848,-0.055716,0.317643,0.397149,-0.053368,0.317638,0.512906,-0.043952,0.376693,0.451195,-0.050107,0.346439,0.446588,-0.044148,0.32037,0.46018,-0.04146,0.322941,0.579164,-0.03996,0.364536,0.513799,-0.0382,0.342141,0.512026,-0.026093,0.319516,0.527145,-0.021507,0.326383,0.62807,-0.036446,0.356741,0.569016,-0.033247,0.338473,0.564502,-0.021739,0.320539,0.578377,-0.014467
thumbs_up,0.149128,0.545962,-0.0,0.167176,0.422673,-0.007854,0.200881,0.312073,-0.022543,0.22437,0.220467,-0.035769,0.228874,0.143277,-0.045612,0.247199,0.36267,-0.038681,0.326377,0.334843,-0.051577,0.299161,0.341072,-0.051162,0.269346,0.350359,-0.048071,0.262685,0.446001,-0.040256,0.330378,0.405182,-0.0458,0.30429,0.404336,-0.038393,0.277078,0.416406,-0.034226,0.272315,0.518399,-0.040453,0.32591,0.471961,-0.039912,0.305142,0.472402,-0.025887,0.281219,0.486776,-0.018941,0.279695,0.577911,-0.040875,0.320002,0.52755,-0.036309,0.302244,0.526455,-0.022319,0.284404,0.541846,-0.013402
thumbs_up,0.131371,0.551395,-0.0,0.146741,0.432957,-0.002196,0.181177,0.322075,-0.013789,0.203656,0.234431,-0.025395,0.206789,0.158892,-0.034326,0.2236,0.358756,-0.031643,0.298753,0.340407,-0.045604,0.275638,0.354279,-0.047003,0.246548,0.363601,-0.044886,0.234994,0.432139,-0.037384,0.30264,0.408378,-0.04148,0.28001,0.416006,-0.033565,0.25351,0.426922,-0.029651,0.242447,0.502278,-0.041932,0.29927,0.471589,-0.04084,0.279399,0.477111,-0.025541,0.255766,0.489073,-0.018119,0.248332,0.566424,-0.046335,0.294347,0.525946,-0.040982,0.275861,0.529842,-0.025046,0.256821,0.543524,-0.015127
thumbs_up,0.130653,0.585612,-0.0,0.153568,0.473529,-0.009694,0.191147,0.372451,-0.022949,0.219588,0.289853,-0.034358,0.231528,0.220047,-0.042313,0.227284,0.425742,-0.037164,0.300543,0.415036,-0.053398,0.275283,0.421219,-0.056512,0.246906,0.426009,-0.055503,0.236462,0.506718,-0.0387,0.301486,0.484107,-0.046351,0.277558,0.482581,-0.039998,0.250458,0.490751,-0.036411,0.241354,0.576371,-0.039703,0.294802,0.544885,-0.042047,0.274442,0.542196,-0.02717,0.250602,0.552227,-0.018953,0.244448,0.634856,-0.041151,0.287066,0.59758,-0.03822,0.269122,0.5949,-0.023564,0.250087,0.605578,-0.013953
thumbs_up,0.14158,0.60943,-0.0,0.168039,0.501985,-0.008115,0.206916,0.417233,-0.023089,0.232036,0.344207,-0.036621,0.237777,0.2733,-0.047365,0.241035,0.474676,-0.040947,0.316227,0.470221,-0.057141,0.289269,0.476194,-0.060137,0.261007,0.4767,-0.059035,0.24606,0.554654,-0.043269,0.311939,0.538232,-0.051382,0.288353,0.533477,-0.045732,0.260959,0.53696,-0.042516,0.246948,0.623179,-0.044303,0.300487,0.596598,-0.045571,0.281759,0.589945,-0.031313,0.257974,0.596168,-0.023912,0.247001,0.678901,-0.045636,0.289671,0.645698,-0.041957,0.273026,0.638258,-0.027299,0.254217,0.646506,-0.017868
thumbs_up,0.155941,0.611081,-0.0,0.192608,0.513148,-0.00684,0.242387,0.44656,-0.0198,0.281014,0.391026,-0.030978,0.298523,0.328709,-0.039377,0.273165,0.530162,-0.037083,0.345474,0.548092,-0.048228,0.320878,0.53463,-0.047993,0.293547,0.527082,-0.045566,0.269094,0.610266,-0.038258,0.332122,0.607455,-0.041859,0.309946,0.584998,-0.033433,0.284723,0.580773,-0.029285,0.26101,0.672954,-0.037958,0.313058,0.656894,-0.03586,0.295137,0.638017,-0.020865,0.27337,0.636911,-0.014056,0.254084,0.721781,-0.037756,0.29751,0.700118,-0.032012,0.282496,0.682285,-0.017145,0.265298,0.682797,-0.0082
thumbs_up,0.187248,0.555093,-0.0,0.228441,0.463985,-0.00578,0.281597,0.403216,-0.016021,0.321452,0.354194,-0.024997,0.341346,0.298522,-0.031146,0.313803,0.47396,-0.027168,0.378345,0.508425,-0.037176,0.353128,0.502205,-0.038708,0.326916,0.487535,-0.037593,0.307245,0.553104,-0.028445,0.361144,0.568402,-0.029855,0.339563,0.557213,-0.023866,0.315546,0.54756,-0.021707,0.296575,0.618668,-0.028871,0.341389,0.617423,-0.025564,0.324181,0.608012,-0.013136,0.302647,0.60182,-0.007965,0.286053,0.670882,-0.029557,0.323584,0.65881,-0.023683,0.309706,0.648714,-0.010646,0.292956,0.645817,-0.002642
thumbs_up,0.239297,0.504811,-0.0,0.277719,0.412755,-0.001714,0.327322,0.344886,-0.009191,0.364165,0.291214,-0.016483,0.379874,0.236143,-0.021507,0.363609,0.402938,-0.019796,0.421119,0.431624,-0.027239,0.399887,0.431557,-0.028096,0.376207,0.421286,-0.027119,0.360173,0.476873,-0.022903,0.408147,0.489635,-0.021444,0.389691,0.485174,-0.015592,0.36742,0.4792,-0.014133,0.35253,0.542313,-0.025082,0.390925,0.539673,-0.019697,0.375847,0.536063,-0.008879,0.355718,0.53269,-0.00532,0.344045,0.597511,-0.027322,0.376496,0.583007,-0.019995,0.363593,0.576396,-0.007859,0.347491,0.575436,-0.000815
thumbs_up,0.259368,0.488515,-0.0,0.289886,0.411298,-0.001321,0.335094,0.342805,-0.009772,0.366074,0.289482,-0.018219,0.381465,0.237251,-0.024706,0.358946,0.370579,-0.027505,0.416122,0.407227,-0.038873,0.395974,0.418097,-0.04055,0.373785,0.408972,-0.040038,0.354596,0.428797,-0.033383,0.407439,0.462106,-0.036471,0.387108,0.46754,-0.029565,0.364557,0.457299,-0.027129,0.348401,0.488791,-0.038213,0.393371,0.509815,-0.037668,0.374333,0.512568,-0.023789,0.353607,0.50554,-0.017634,0.341683,0.545546,-0.042977,0.381274,0.549741,-0.039023,0.363097,0.547918,-0.025101,0.344528,0.54353,-0.016958
thumbs_up,0.269367,0.587326,-0.0,0.289414,0.499053,-0.002947,0.319535,0.422151,-0.011937,0.338678,0.359074,-0.021159,0.344949,0.305226,-0.028169,0.35422,0.453214,-0.019921,0.405934,0.456867,-0.030915,0.385835,0.470947,-0.03446,0.364289,0.472471,-0.035079,0.359358,0.51101,-0.024133,0.403093,0.511454,-0.027112,0.384133,0.518773,-0.023185,0.363787,0.519706,-0.021906,0.360649,0.566839,-0.02797,0.395617,0.558535,-0.027383,0.379568,0.563714,-0.017002,0.361098,0.566929,-0.012196,0.359903,0.617366,-0.031992,0.388868,0.599916,-0.028132,0.374631,0.601729,-0.016306,0.359834,0.606062,-0.00869
thumbs_up,0.270853,0.600036,-0.0,0.281373,0.511087,0.000943,0.304301,0.426421,-0.003806,0.322766,0.365959,-0.009185,0.326739,0.318635,-0.012575,0.343404,0.443264,-0.013304,0.394046,0.434102,-0.020152,0.379234,0.450335,-0.021349,0.358124,0.45739,-0.020702,0.354507,0.495943,-0.018044,0.396896,0.483931,-0.017567,0.381724,0.497114,-0.012548,0.361994,0.504427,-0.010854,0.361827,0.547799,-0.02219,0.394731,0.531202,-0.018748,0.381158,0.542035,-0.009056,0.363511,0.550566,-0.005219,0.366188,0.595448,-0.026336,0.391284,0.573071,-0.020927,0.378428,0.579169,-0.010387,0.365123,0.587355,-0.004015
thumbs_up,0.277901,0.588773,-0.0,0.281897,0.494778,0.000864,0.298446,0.407904,-0.004333,0.309639,0.34024,-0.009752,0.30809,0.289337,-0.013195,0.338681,0.41519,-0.014798,0.387337,0.394126,-0.019567,0.375724,0.413556,-0.018286,0.356657,0.42425,-0.016077,0.354644,0.464305,-0.018272,0.394425,0.44246,-0.015476,0.380839,0.458721,-0.008675,0.363161,0.469246,-0.006217,0.36618,0.514548,-0.020721,0.395512,0.490274,-0.014755,0.38311,0.503457,-0.004022,0.367247,0.514582,-0.000208,0.374659,0.561506,-0.023113,0.395943,0.533561,-0.015742,0.383608,0.542896,-0.004456,0.371593,0.55298,0.002117
thumbs_up,0.283962,0.589777,-0.0,0.284869,0.487615,-0.005883,0.299822,0.398186,-0.016139,0.308869,0.326854,-0.025151,0.304167,0.270068,-0.031456,0.344939,0.430307,-0.027715,0.397374,0.389478,-0.036952,0.374958,0.405829,-0.037315,0.353802,0.420668,-0.035993,0.364217,0.488644,-0.028943,0.403903,0.442864,-0.031919,0.383077,0.449582,-0.026309,0.36452,0.465565,-0.023795,0.375795,0.540109,-0.029122,0.403568,0.493632,-0.027914,0.387401,0.497515,-0.016778,0.371625,0.514098,-0.011595,0.383881,0.58223,-0.02946,0.404667,0.536928,-0.025369,0.390345,0.538406,-0.013758,0.378636,0.552929,-0.00633
thumbs_up,0.28122,0.619448,-0.0,0.291583,0.517069,-0.007559,0.315997,0.436618,-0.018729,0.331234,0.372282,-0.028478,0.328291,0.314075,-0.035715,0.360151,0.496878,-0.030974,0.416598,0.445879,-0.040652,0.388205,0.45234,-0.040971,0.364859,0.469592,-0.039462,0.374245,0.559514,-0.031133,0.417907,0.500144,-0.037541,0.393425,0.497644,-0.033866,0.373735,0.51539,-0.031608,0.381416,0.608714,-0.029903,0.41343,0.548853,-0.031111,0.394544,0.545715,-0.021462,0.377901,0.563154,-0.016503,0.385988,0.645175,-0.028848,0.41126,0.589906,-0.027245,0.394762,0.584655,-0.017058,0.381012,0.600484,-0.010192
thumbs_up,0.278183,0.6187,-0.0,0.297323,0.5196,-0.008146,0.326239,0.448735,-0.020577,0.349136,0.388918,-0.0305,0.351729,0.330409,-0.038133,0.371634,0.521998,-0.037185,0.429062,0.47305,-0.042105,0.402835,0.475704,-0.03808,0.378755,0.489029,-0.034469,0.384018,0.588176,-0.034882,0.427976,0.52855,-0.037665,0.404629,0.524648,-0.03235,0.384704,0.536655,-0.030284,0.388484,0.638992,-0.029872,0.419041,0.57882,-0.028189,0.401014,0.575468,-0.018841,0.383073,0.587741,-0.015425,0.39054,0.675173,-0.024764,0.412492,0.619375,-0.022486,0.395995,0.613127,-0.01329,0.381312,0.624957,-0.007599
thumbs_up,0.268597,0.595983,-0.0,0.296193,0.499843,-0.009315,0.332995,0.437426,-0.022309,0.364083,0.385156,-0.032706,0.376365,0.327924,-0.04062,0.377912,0.524365,-0.036381,0.438158,0.498301,-0.04173,0.413054,0.491348,-0.03886,0.386782,0.494869,-0.036015,0.382725,0.596134,-0.034014,0.429365,0.554933,-0.036332,0.407023,0.543598,-0.031306,0.385704,0.547618,-0.029699,0.380419,0.649513,-0.029294,0.414562,0.601749,-0.027692,0.397774,0.592135,-0.018571,0.3786,0.59709,-0.015426,0.377292,0.687301,-0.024595,0.404571,0.640287,-0.022787,0.38904,0.627753,-0.013557,0.372748,0.633027,-0.007664
thumbs_up,0.263349,0.551851,-0.0,0.301212,0.464363,-0.008739,0.346571,0.407245,-0.021926,0.384346,0.35946,-0.03272,0.401687,0.304842,-0.0408,0.379534,0.500637,-0.036058,0.44219,0.503034,-0.04305,0.417793,0.486398,-0.040629,0.390987,0.479981,-0.037667,0.375837,0.575812,-0.034779,0.427693,0.558289,-0.037579,0.406881,0.538578,-0.031552,0.384648,0.536448,-0.029169,0.367806,0.632273,-0.03151,0.409242,0.60372,-0.029918,0.393726,0.588626,-0.019278,0.373822,0.588299,-0.015133,0.360702,0.674324,-0.028336,0.395196,0.642954,-0.025712,0.380853,0.627163,-0.015253,0.363955,0.628532,-0.008678
thumbs_up,0.25859,0.528062,-0.0,0.299897,0.443788,-0.007509,0.349341,0.389067,-0.020277,0.388286,0.342451,-0.031327,0.408088,0.287976,-0.039701,0.374921,0.473014,-0.034824,0.441747,0.494061,-0.04583,0.418552,0.476396,-0.045574,0.391805,0.46414,-0.042934,0.367924,0.548364,-0.035226,0.425916,0.548098,-0.040262,0.405565,0.527644,-0.034408,0.382163,0.521581,-0.031258,0.35886,0.608195,-0.034215,0.405651,0.592774,-0.033905,0.389416,0.577369,-0.022423,0.369036,0.574899,-0.016979,0.351113,0.655366,-0.033372,0.390873,0.632442,-0.030212,0.376128,0.617617,-0.018547,0.359017,0.61861,-0.011003
thumbs_up,0.261914,0.52984,-0.0,0.301325,0.443371,-0.006005,0.349323,0.384995,-0.018321,0.386999,0.334774,-0.029146,0.405265,0.27925,-0.037411,0.378389,0.466595,-0.034056,0.444032,0.484901,-0.044053,0.420627,0.470182,-0.04289,0.393275,0.459464,-0.039668,0.372992,0.541249,-0.034846,0.429319,0.539686,-0.038623,0.408803,0.521258,-0.032067,0.385466,0.516446,-0.028709,0.364483,0.601009,-0.033965,0.409769,0.585458,-0.032408,0.393646,0.571426,-0.020526,0.373567,0.56977,-0.015164,0.35686,0.648962,-0.033097,0.395155,0.626366,-0.028812,0.380594,0.612432,-0.016609,0.363964,0.613622,-0.008892
thumbs_up,0.266448,0.530124,-0.0,0.304633,0.444408,-0.006127,0.351823,0.383444,-0.017994,0.388018,0.331761,-0.028747,0.405454,0.275352,-0.036912,0.379705,0.457942,-0.031679,0.445604,0.475935,-0.042914,0.42187,0.46328,-0.04329,0.395071,0.453188,-0.040969,0.375284,0.530443,-0.032925,0.432164,0.530157,-0.038022,0.411436,0.514013,-0.032569,0.38835,0.509839,-0.029564,0.36794,0.589827,-0.032899,0.413882,0.576348,-0.032693,0.397691,0.563983,-0.021358,0.377753,0.563247,-0.01581,0.361353,0.637867,-0.032956,0.40032,0.616307,-0.029206,0.385906,0.60346,-0.017187,0.369533,0.605692,-0.009419
thumbs_up,0.265051,0.527489,-0.0,0.300509,0.438867,-0.004213,0.346355,0.373041,-0.014545,0.380566,0.319084,-0.024309,0.396671,0.263145,-0.031607,0.374563,0.433142,-0.027797,0.43978,0.453317,-0.038823,0.416981,0.447146,-0.039765,0.391468,0.438641,-0.037895,0.372328,0.504084,-0.030258,0.428465,0.508894,-0.033965,0.408215,0.498531,-0.02833,0.385318,0.494019,-0.025521,0.366774,0.565336,-0.031674,0.412029,0.55667,-0.030744,0.39581,0.548715,-0.019292,0.375662,0.547979,-0.013822,0.361113,0.6167,-0.033131,0.399415,0.598027,-0.028668,0.385086,0.588335,-0.016298,0.368515,0.590558,-0.008449
thumbs_up,0.268702,0.523852,-0.0,0.296843,0.431858,-0.003202,0.33747,0.354096,-0.012653,0.366396,0.292801,-0.021817,0.378465,0.235761,-0.028625,0.366768,0.403556,-0.027948,0.432432,0.414794,-0.038998,0.409316,0.417988,-0.039701,0.383106,0.414042,-0.037702,0.368465,0.470882,-0.031275,0.424855,0.472239,-0.034437,0.404243,0.471688,-0.02831,0.381325,0.470814,-0.025572,0.366991,0.532834,-0.033531,0.413567,0.524669,-0.032248,0.396575,0.523058,-0.020134,0.375995,0.524088,-0.01458,0.36461,0.587037,-0.035788,0.402922,0.568704,-0.031343,0.387669,0.563691,-0.018673,0.371081,0.566744,-0.01086
thumbs_up,0.27754,0.530566,-0.0,0.301995,0.433937,-0.00424,0.339361,0.355554,-0.014403,0.366474,0.290511,-0.023766,0.374572,0.229066,-0.030761,0.374457,0.409023,-0.02801,0.436796,0.408659,-0.037257,0.413672,0.411564,-0.037195,0.389247,0.412563,-0.035445,0.379606,0.477008,-0.030398,0.432218,0.464605,-0.032954,0.410604,0.459916,-0.026674,0.387736,0.46343,-0.023889,0.380066,0.537117,-0.031522,0.422508,0.516034,-0.029534,0.405127,0.511197,-0.017952,0.385098,0.516478,-0.012978,0.379175,0.587771,-0.032636,0.412955,0.560572,-0.028178,0.397338,0.554331,-0.016235,0.381787,0.56066,-0.008893
thumbs_up,0.278186,0.526904,-0.0,0.30429,0.436477,-0.003521,0.342209,0.362319,-0.013284,0.36993,0.303834,-0.022217,0.381922,0.248343,-0.028612,0.373845,0.417082,-0.0298,0.438125,0.424351,-0.039967,0.415199,0.422852,-0.039649,0.389892,0.420439,-0.037223,0.376745,0.48497,-0.032354,0.430415,0.479216,-0.035337,0.409541,0.471817,-0.028289,0.387573,0.473207,-0.024924,0.375558,0.543882,-0.033614,0.418322,0.528394,-0.031712,0.40159,0.521315,-0.019327,0.382236,0.524508,-0.013796,0.373487,0.593455,-0.034851,0.407591,0.570649,-0.03015,0.392944,0.562543,-0.017923,0.37792,0.567671,-0.010467
thumbs_up,0.276892,0.524501,-0.0,0.302094,0.430398,-0.005304,0.339091,0.356692,-0.01616,0.366116,0.296694,-0.025786,0.377075,0.238166,-0.03303,0.373986,0.420378,-0.032,0.435841,0.418854,-0.041857,0.411767,0.41574,-0.041901,0.386055,0.414279,-0.039972,0.378085,0.489805,-0.033375,0.428512,0.474311,-0.036482,0.407711,0.463886,-0.030401,0.385548,0.46633,-0.027823,0.376821,0.547805,-0.033246,0.416404,0.524287,-0.031278,0.400389,0.515369,-0.019828,0.381333,0.519721,-0.015071,0.374509,0.593925,-0.033138,0.406722,0.566198,-0.028587,0.392295,0.556222,-0.016677,0.377259,0.56188,-0.009403
thumbs_up,0.275539,0.512159,-0.0,0.307906,0.424036,-0.004706,0.349287,0.361752,-0.014962,0.380584,0.310016,-0.023998,0.394575,0.255904,-0.030718,0.383216,0.437148,-0.029073,0.441206,0.445803,-0.036547,0.416662,0.436883,-0.035705,0.392116,0.430799,-0.033823,0.382448,0.507466,-0.030112,0.429877,0.497895,-0.031755,0.409555,0.482884,-0.025747,0.387794,0.481576,-0.023508,0.37624,0.563695,-0.029464,0.413422,0.543741,-0.026554,0.398058,0.53231,-0.015632,0.379036,0.533649,-0.011427,0.369666,0.607479,-0.028761,0.400774,0.583987,-0.023877,0.386819,0.571579,-0.012401,0.371616,0.574715,-0.005476
thumbs_up,0.271772,0.493574,-0.0,0.312396,0.42534,-0.000582,0.366515,0.379005,-0.009768,0.403932,0.335886,-0.018732,0.423116,0.284796,-0.025755,0.386512,0.421167,-0.030788,0.442192,0.48179,-0.041394,0.420432,0.483905,-0.040853,0.399842,0.464799,-0.038611,0.374805,0.4792,-0.036557,0.425879,0.530963,-0.038736,0.404537,0.526357,-0.029963,0.383966,0.50789,-0.026119,0.36069,0.537296,-0.040825,0.405382,0.572107,-0.039628,0.385722,0.565562,-0.024688,0.365792,0.551261,-0.017748,0.346193,0.590812,-0.044785,0.38691,0.607276,-0.040655,0.369147,0.597946,-0.026108,0.3509,0.588029,-0.017347
thumbs_up,0.271162,0.511219,-0.0,0.310411,0.444545,0.000782,0.36462,0.388843,-0.007044,0.401121,0.343135,-0.014707,0.417896,0.291528,-0.0205,0.378374,0.414364,-0.031972,0.435719,0.472336,-0.043324,0.415098,0.480928,-0.042903,0.393245,0.464985,-0.040968,0.367675,0.470393,-0.03892,0.421821,0.521882,-0.042315,0.400007,0.524778,-0.033176,0.378413,0.508437,-0.029412,0.356263,0.52896,-0.044214,0.403952,0.567008,-0.043718,0.383191,0.566447,-0.027418,0.362392,0.552837,-0.019906,0.345139,0.584209,-0.049195,0.387393,0.603075,-0.044761,0.368364,0.598593,-0.029561,0.349865,0.5892,-0.020889
thumbs_up,0.265146,0.550019,-0.0,0.301384,0.481922,-0.005381,0.355684,0.417745,-0.01797,0.38842,0.366653,-0.029352,0.403289,0.309203,-0.037886,0.356517,0.436332,-0.045928,0.422757,0.485872,-0.066348,0.402187,0.496785,-0.070574,0.376894,0.482292,-0.070027,0.342655,0.492346,-0.052183,0.410348,0.544848,-0.065166,0.388346,0.546078,-0.057557,0.362974,0.530373,-0.053031,0.331738,0.552433,-0.057302,0.393,0.593384,-0.063759,0.372674,0.589156,-0.046379,0.349801,0.576045,-0.036336,0.323071,0.610116,-0.062628,0.377084,0.629672,-0.06113,0.359593,0.624025,-0.045038,0.338217,0.615235,-0.035134
thumbs_up,0.270254,0.580823,-0.0,0.305577,0.518215,-0.016121,0.35423,0.448728,-0.036668,0.374002,0.388739,-0.053241,0.379858,0.320425,-0.066422,0.326047,0.461492,-0.077622,0.399044,0.506278,-0.103229,0.381114,0.51463,-0.105909,0.35475,0.50003,-0.104496,0.306981,0.520644,-0.08097,0.389293,0.568275,-0.104145,0.367378,0.563769,-0.095084,0.338791,0.546832,-0.089539,0.298046,0.580875,-0.082709,0.374403,0.615482,-0.09571,0.354394,0.60556,-0.075449,0.328339,0.592866,-0.063533,0.294924,0.636639,-0.0855,0.357327,0.6534,-0.087716,0.342161,0.642979,-0.072379,0.316247,0.632946,-0.064022
thumbs_up,0.324341,0.623013,-0.0,0.350245,0.541041,-0.026949,0.365843,0.456261,-0.04227,0.365864,0.391397,-0.051677,0.363834,0.331637,-0.060323,0.333694,0.51568,-0.064278,0.356167,0.513936,-0.09129,0.33309,0.504903,-0.105368,0.312561,0.487881,-0.113391,0.318255,0.572554,-0.060925,0.344575,0.582418,-0.083568,0.317738,0.551115,-0.086387,0.294652,0.533914,-0.089745,0.30841,0.625501,-0.057907,0.33285,0.631596,-0.07911,0.311225,0.599927,-0.072248,0.295305,0.58028,-0.066487,0.302477,0.667481,-0.057194,0.315453,0.667894,-0.075987,0.30556,0.645662,-0.074164,0.297529,0.634049,-0.070637
thumbs_up,0.343031,0.63516,-0.0,0.367672,0.558842,-0.032618,0.363555,0.461019,-0.049097,0.349083,0.394823,-0.061075,0.341325,0.326027,-0.07024,0.281009,0.458548,-0.037381,0.30522,0.507177,-0.063564,0.329315,0.528378,-0.077821,0.33269,0.514073,-0.085797,0.256525,0.513368,-0.032071,0.295134,0.566311,-0.052815,0.323156,0.575759,-0.056655,0.32436,0.556493,-0.059116,0.2458,0.571902,-0.030642,0.283259,0.616252,-0.050637,0.309623,0.619392,-0.045952,0.311683,0.599252,-0.041761,0.242451,0.625825,-0.032646,0.269082,0.655239,-0.04561,0.291815,0.657689,-0.042941,0.296294,0.645981,-0.039215
thumbs_up,0.328948,0.653419,-0.0,0.348438,0.578242,-0.034805,0.343114,0.475233,-0.052909,0.329628,0.395377,-0.06628,0.331575,0.323261,-0.07449,0.261657,0.466059,-0.028996,0.258375,0.488103,-0.051847,0.288237,0.518463,-0.058476,0.294491,0.514367,-0.060491,0.237301,0.506951,-0.021437,0.245956,0.54248,-0.043202,0.28532,0.567782,-0.041754,0.285731,0.551676,-0.036349,0.224735,0.55733,-0.018553,0.237429,0.593649,-0.04047,0.274883,0.607034,-0.030667,0.276658,0.587163,-0.019781,0.217445,0.60767,-0.019101,0.23113,0.634367,-0.030891,0.261217,0.640463,-0.024242,0.265893,0.626336,-0.015867
thumbs_up,0.308425,0.640306,-0.0,0.333172,0.565724,-0.032257,0.334201,0.455478,-0.047999,0.32487,0.368937,-0.059952,0.332917,0.304229,-0.066092,0.262868,0.438445,-0.025638,0.23966,0.436612,-0.051894,0.270202,0.481922,-0.058795,0.282262,0.487092,-0.059619,0.237988,0.488625,-0.019638,0.225016,0.495412,-0.04629,0.267609,0.536951,-0.042723,0.272506,0.524101,-0.033904,0.221939,0.538073,-0.019171,0.21776,0.550323,-0.045782,0.256536,0.576927,-0.032594,0.261294,0.560286,-0.017517,0.210966,0.587153,-0.02177,0.209601,0.595782,-0.035494,0.239661,0.610376,-0.02625,0.246635,0.600032,-0.015308
thumbs_up,0.303296,0.611351,-0.0,0.3329,0.533755,-0.029405,0.340794,0.425098,-0.043954,0.334713,0.33803,-0.055545,0.344741,0.275078,-0.061621,0.27154,0.395817,-0.019697,0.251507,0.3785,-0.04473,0.278708,0.431398,-0.052454,0.287666,0.446243,-0.053955,0.243838,0.438013,-0.01425,0.23286,0.434813,-0.03862,0.271824,0.484382,-0.036781,0.274772,0.477261,-0.02975,0.223896,0.484314,-0.014131,0.221197,0.492315,-0.038417,0.257605,0.526394,-0.027132,0.260546,0.514361,-0.013996,0.20808,0.532377,-0.016817,0.209901,0.542239,-0.028227,0.239457,0.560755,-0.019599,0.245618,0.552495,-0.009704
thumbs_up,0.302389,0.591152,-0.0,0.334318,0.519962,-0.033177,0.344429,0.408614,-0.048017,0.345756,0.31757,-0.058455,0.363536,0.255684,-0.063271,0.276862,0.361029,-0.024134,0.265062,0.352112,-0.047356,0.289279,0.408478,-0.05433,0.295434,0.418824,-0.056422,0.245149,0.396791,-0.017022,0.243255,0.408003,-0.040296,0.279014,0.463262,-0.039305,0.28102,0.453931,-0.033393,0.222494,0.442794,-0.015119,0.229144,0.467085,-0.039381,0.262716,0.504238,-0.030574,0.264753,0.488736,-0.019365,0.205532,0.489888,-0.016272,0.214453,0.510702,-0.029546,0.24196,0.535759,-0.023273,0.246491,0.529388,-0.014811
thumbs_up,0.321913,0.605271,-0.0,0.342777,0.520872,-0.03345,0.337792,0.402033,-0.047088,0.322559,0.323225,-0.05487,0.324387,0.254557,-0.056691,0.25045,0.393082,-0.035342,0.255649,0.427143,-0.058658,0.287728,0.461625,-0.064911,0.292331,0.454911,-0.067082,0.222661,0.440727,-0.028657,0.243437,0.491308,-0.050548,0.282927,0.517872,-0.050094,0.281165,0.496901,-0.047238,0.209207,0.495324,-0.025978,0.232364,0.546343,-0.048609,0.268707,0.560122,-0.039721,0.268184,0.535151,-0.03085,0.202563,0.548507,-0.026572,0.222161,0.588967,-0.041251,0.250842,0.599305,-0.036407,0.252871,0.585606,-0.029692
thumbs_up,0.32152,0.60466,-0.0,0.33443,0.520315,-0.038732,0.312308,0.419137,-0.054942,0.282312,0.351934,-0.064892,0.272855,0.277664,-0.068788,0.223596,0.439501,-0.036138,0.226068,0.490245,-0.062738,0.266175,0.507835,-0.070634,0.279767,0.496574,-0.072591,0.203,0.492289,-0.026217,0.224685,0.549192,-0.051448,0.270941,0.551973,-0.050264,0.275721,0.526378,-0.045088,0.197844,0.550597,-0.021393,0.221906,0.600089,-0.048311,0.262902,0.595697,-0.039017,0.26711,0.568736,-0.027541,0.199775,0.60699,-0.020325,0.222848,0.642281,-0.038733,0.256408,0.63545,-0.035632,0.262401,0.61472,-0.028371
thumbs_up,0.27634,0.550407,0.0,0.274659,0.503575,-0.018481,0.267275,0.464636,-0.032362,0.271925,0.449,-0.043048,0.276234,0.444727,-0.05145,0.225583,0.473438,-0.033696,0.26105,0.484201,-0.052713,0.268537,0.484386,-0.063368,0.267731,0.482415,-0.069853,0.220566,0.524068,-0.031321,0.272049,0.523869,-0.045979,0.269173,0.513125,-0.047804,0.257015,0.508224,-0.049441,0.225106,0.570884,-0.030572,0.273057,0.561689,-0.039854,0.269848,0.547642,-0.031628,0.255968,0.541174,-0.026206,0.235621,0.610356,-0.032628,0.272279,0.596272,-0.041106,0.270599,0.5827,-0.038544,0.256678,0.576521,-0.035143
thumbs_up,0.296106,0.618885,-0.0,0.294876,0.532121,-0.035809,0.265902,0.449854,-0.052337,0.232408,0.386896,-0.064138,0.215525,0.323579,-0.071016,0.196938,0.483729,-0.033817,0.178615,0.539202,-0.062581,0.214204,0.551401,-0.07127,0.232577,0.535469,-0.072679,0.190098,0.543995,-0.025949,0.179644,0.593079,-0.057074,0.222538,0.586614,-0.056866,0.234844,0.556883,-0.050217,0.191371,0.597856,-0.023289,0.184859,0.643723,-0.055185,0.223301,0.632234,-0.045336,0.233547,0.599573,-0.031439,0.197573,0.646671,-0.023655,0.191176,0.682774,-0.04441,0.221732,0.669952,-0.03957,0.234685,0.64102,-0.03021
thumbs_up,0.266678,0.620201,-0.0,0.260342,0.549415,-0.043477,0.231853,0.473657,-0.062437,0.202796,0.403378,-0.075236,0.188904,0.339615,-0.082311,0.166515,0.490716,-0.029487,0.130924,0.550636,-0.058219,0.166388,0.570958,-0.069318,0.191727,0.556401,-0.070836,0.163772,0.543599,-0.014042,0.13192,0.599967,-0.046739,0.176535,0.604358,-0.049684,0.19538,0.577029,-0.042566,0.165482,0.592513,-0.004815,0.146429,0.638126,-0.036604,0.182015,0.635922,-0.030926,0.19702,0.605613,-0.017464,0.169692,0.634914,0.000934,0.153833,0.666098,-0.018129,0.180537,0.660663,-0.015436,0.196838,0.635046,-0.00647
thumbs_up,0.165671,0.596577,0.0,0.18268,0.532567,-0.034144,0.188542,0.482192,-0.058116,0.190829,0.455609,-0.077285,0.197256,0.43324,-0.095117,0.130935,0.511497,-0.056551,0.155691,0.526319,-0.088561,0.180314,0.543729,-0.110791,0.192338,0.557228,-0.123448,0.124869,0.568163,-0.050579,0.165991,0.578761,-0.076967,0.184202,0.57711,-0.087988,0.187047,0.577736,-0.09581,0.130702,0.612059,-0.046897,0.173421,0.616266,-0.068228,0.187964,0.606416,-0.070345,0.19115,0.597888,-0.070777,0.141315,0.642793,-0.04637,0.174669,0.644383,-0.05836,0.188804,0.636627,-0.057629,0.194961,0.628273,-0.056714
thumbs_up,0.251914,0.597278,-0.0,0.243521,0.53537,-0.04277,0.215185,0.467798,-0.059673,0.186995,0.404985,-0.07051,0.168324,0.353759,-0.075413,0.155557,0.477862,-0.024326,0.115305,0.527917,-0.051916,0.148225,0.550915,-0.062571,0.174097,0.542113,-0.063251,0.153216,0.522947,-0.007922,0.119368,0.574869,-0.040113,0.161444,0.582562,-0.045014,0.180199,0.55939,-0.038688,0.154815,0.563503,0.002191,0.13297,0.608625,-0.029543,0.166882,0.610081,-0.026573,0.182538,0.58377,-0.01443,0.158006,0.597876,0.009035,0.139415,0.630225,-0.011297,0.165679,0.628541,-0.010232,0.184127,0.607509,-0.001766
thumbs_up,0.245997,0.582827,-0.0,0.235985,0.524346,-0.041671,0.207407,0.457034,-0.058292,0.180588,0.393372,-0.069138,0.161983,0.342939,-0.074072,0.148613,0.461889,-0.023027,0.110608,0.514381,-0.050599,0.143369,0.53607,-0.060909,0.167161,0.523233,-0.061486,0.146724,0.507494,-0.007575,0.116779,0.561529,-0.039089,0.158911,0.568266,-0.042448,0.1746,0.541415,-0.035171,0.148982,0.54936,0.001416,0.130678,0.595177,-0.03028,0.164914,0.596073,-0.026104,0.177814,0.567045,-0.013155,0.152623,0.585465,0.007156,0.136623,0.616882,-0.012987,0.16296,0.614831,-0.011141,0.179393,0.592493,-0.002084
thumbs_up,0.253303,0.55528,-0.0,0.24438,0.491111,-0.036797,0.215201,0.425268,-0.052658,0.187298,0.362485,-0.064159,0.172432,0.307352,-0.069951,0.156502,0.432414,-0.018321,0.118142,0.474474,-0.046277,0.149259,0.498673,-0.056592,0.173133,0.48968,-0.057134,0.15613,0.477667,-0.006269,0.123264,0.517427,-0.037222,0.164694,0.530197,-0.039343,0.179993,0.504649,-0.03095,0.158391,0.519919,-0.000677,0.138358,0.553528,-0.031627,0.171353,0.557589,-0.02564,0.182779,0.530109,-0.011407,0.161607,0.557607,0.001881,0.145342,0.580798,-0.016396,0.170254,0.57871,-0.01264,0.184532,0.556776,-0.0026
thumbs_up,0.261468,0.546712,-0.0,0.254778,0.48058,-0.039272,0.22667,0.409059,-0.055918,0.200007,0.341621,-0.067792,0.186666,0.284192,-0.073653,0.167646,0.413595,-0.020296,0.124833,0.452044,-0.048528,0.156949,0.479807,-0.059079,0.182399,0.473038,-0.059596,0.165401,0.461643,-0.006665,0.130385,0.499181,-0.037574,0.172612,0.514937,-0.039653,0.188979,0.489976,-0.031369,0.165865,0.505372,0.000337,0.143462,0.537223,-0.030088,0.177248,0.543411,-0.023784,0.191449,0.515882,-0.009586,0.16771,0.54387,0.004034,0.148515,0.566518,-0.013861,0.174382,0.567051,-0.009873,0.19169,0.547119,0.000248
thumbs_up,0.263778,0.55313,-0.0,0.261892,0.483249,-0.039078,0.235931,0.407286,-0.05537,0.209753,0.340041,-0.066865,0.196597,0.283373,-0.072385,0.176721,0.412596,-0.022027,0.13333,0.447782,-0.051476,0.16493,0.478307,-0.062354,0.189596,0.47365,-0.063043,0.172855,0.459772,-0.008809,0.137313,0.494873,-0.040983,0.179734,0.512767,-0.04283,0.19596,0.488859,-0.034266,0.171441,0.502868,-0.00221,0.148502,0.53366,-0.034038,0.182896,0.541946,-0.027073,0.196522,0.514702,-0.012195,0.171401,0.542134,0.001129,0.152453,0.564109,-0.017918,0.179124,0.565478,-0.013812,0.196167,0.545473,-0.003482
thumbs_up,0.262799,0.567282,-0.0,0.272764,0.492108,-0.030307,0.260161,0.399299,-0.043978,0.244545,0.323262,-0.054468,0.240933,0.265333,-0.059452,0.201524,0.387413,-0.018307,0.157329,0.396517,-0.046175,0.184074,0.4402,-0.055458,0.208149,0.4486,-0.055456,0.190108,0.434638,-0.010351,0.151303,0.449037,-0.041224,0.191139,0.483518,-0.041744,0.210167,0.469035,-0.032714,0.181848,0.476249,-0.008137,0.154217,0.491753,-0.038199,0.18906,0.514485,-0.029771,0.20546,0.496569,-0.014593,0.176545,0.515227,-0.00851,0.154209,0.524438,-0.025672,0.18166,0.538887,-0.019986,0.199829,0.527784,-0.009293
thumbs_up,0.278321,0.540965,-0.0,0.295026,0.46656,-0.025365,0.286097,0.366624,-0.035786,0.268553,0.298578,-0.042922,0.266608,0.236475,-0.04519,0.210347,0.352547,-0.019742,0.216903,0.376896,-0.042589,0.245987,0.41311,-0.051761,0.254507,0.414445,-0.055163,0.184693,0.3938,-0.015417,0.205583,0.435062,-0.036291,0.240371,0.460097,-0.036755,0.244883,0.445948,-0.03337,0.171511,0.444848,-0.015431,0.197362,0.487293,-0.036225,0.22986,0.501858,-0.029436,0.233178,0.484117,-0.02108,0.16478,0.495876,-0.018245,0.186275,0.528829,-0.029865,0.213398,0.536524,-0.025929,0.218184,0.523863,-0.01978
thumbs_up,0.277909,0.509931,-0.0,0.291614,0.427611,-0.020471,0.276862,0.333458,-0.030157,0.259002,0.26995,-0.037671,0.249965,0.21174,-0.041966,0.20073,0.338007,-0.02107,0.234678,0.370612,-0.043274,0.259101,0.396282,-0.055629,0.258506,0.393276,-0.062965,0.179179,0.392634,-0.020495,0.22763,0.425785,-0.037915,0.254107,0.437493,-0.040388,0.251129,0.424927,-0.041892,0.17267,0.451588,-0.023339,0.222861,0.479335,-0.038878,0.245713,0.482833,-0.033138,0.239944,0.468451,-0.029166,0.174155,0.508364,-0.029004,0.214113,0.529186,-0.038573,0.235031,0.52511,-0.035847,0.232521,0.512537,-0.032818
thumbs_up,0.24663,0.498984,-0.0,0.259069,0.427419,-0.028528,0.254292,0.351749,-0.045692,0.240409,0.28943,-0.058198,0.222274,0.229328,-0.069856,0.199781,0.388328,-0.052135,0.266918,0.412527,-0.075223,0.264497,0.414874,-0.090581,0.247129,0.41134,-0.102277,0.18743,0.458986,-0.048402,0.267182,0.474866,-0.061846,0.257026,0.46389,-0.063086,0.236684,0.456011,-0.069079,0.189831,0.521908,-0.046445,0.262636,0.532392,-0.056949,0.25435,0.519684,-0.04732,0.233148,0.507712,-0.044161,0.199417,0.578237,-0.048772,0.253573,0.581437,-0.060898,0.248916,0.565806,-0.059504,0.231732,0.555813,-0.058818
thumbs_up,0.242986,0.505869,-0.0,0.255968,0.433754,-0.032292,0.251904,0.357826,-0.051935,0.23863,0.297502,-0.066234,0.21865,0.23536,-0.079562,0.205109,0.403781,-0.060903,0.277296,0.426974,-0.086337,0.271851,0.423527,-0.102074,0.253244,0.416384,-0.113779,0.194772,0.477255,-0.05599,0.280725,0.488398,-0.071603,0.266059,0.473585,-0.072809,0.242763,0.46744,-0.078852,0.197754,0.541225,-0.052816,0.277107,0.546934,-0.065499,0.266771,0.531492,-0.054649,0.243672,0.521677,-0.050361,0.207956,0.596853,-0.054347,0.269685,0.593537,-0.068538,0.263551,0.578288,-0.06731,0.244863,0.573663,-0.066421
thumbs_up,0.507512,0.611618,-0.0,0.534651,0.566789,-0.034315,0.547356,0.506459,-0.054668,0.547548,0.457189,-0.067952,0.547985,0.40114,-0.078031,0.483023,0.489631,-0.058797,0.511571,0.578198,-0.079313,0.524401,0.576619,-0.086233,0.521824,0.551873,-0.090269,0.459469,0.525785,-0.049926,0.496275,0.610012,-0.067111,0.509832,0.599636,-0.066806,0.505991,0.57794,-0.067863,0.44584,0.56547,-0.042509,0.481659,0.639832,-0.057136,0.494796,0.628551,-0.050213,0.490513,0.605994,-0.046039,0.437391,0.607709,-0.038604,0.464471,0.657821,-0.051068,0.476054,0.651223,-0.050829,0.473521,0.633434,-0.049469
thumbs_up,0.511041,0.603597,-0.0,0.536237,0.556681,-0.029246,0.549338,0.498686,-0.047558,0.551745,0.451,-0.059904,0.553102,0.398911,-0.07026,0.490758,0.494142,-0.057089,0.525313,0.571361,-0.075612,0.533853,0.569558,-0.082496,0.528956,0.551052,-0.086746,0.468198,0.534573,-0.050283,0.511096,0.605182,-0.063324,0.517047,0.59355,-0.061605,0.510057,0.577962,-0.062659,0.45698,0.576697,-0.044137,0.496188,0.637565,-0.054941,0.501262,0.626079,-0.045766,0.493602,0.608578,-0.040664,0.450994,0.619838,-0.041284,0.477786,0.658345,-0.052062,0.482953,0.648813,-0.049769,0.477636,0.633498,-0.047018
thumbs_up,0.483021,0.561475,0.0,0.50705,0.508198,-0.026387,0.533309,0.466612,-0.049477,0.544265,0.424677,-0.067823,0.541258,0.371676,-0.086399,0.49864,0.50096,-0.070425,0.555326,0.541594,-0.092155,0.547633,0.526022,-0.103479,0.530347,0.510372,-0.112072,0.485153,0.560506,-0.067295,0.554685,0.588538,-0.079939,0.543488,0.569688,-0.076959,0.521465,0.557633,-0.080759,0.480051,0.607502,-0.063736,0.54656,0.631784,-0.072393,0.536983,0.612497,-0.059875,0.516301,0.596441,-0.055917,0.480054,0.645724,-0.064047,0.534023,0.663182,-0.073802,0.529215,0.647017,-0.070103,0.513123,0.636436,-0.069206
thumbs_up,0.448105,0.53979,-0.0,0.476507,0.471368,-0.010953,0.513657,0.426219,-0.023609,0.534668,0.387928,-0.033212,0.546392,0.346609,-0.040816,0.506866,0.498144,-0.050192,0.572667,0.512952,-0.061792,0.555814,0.49333,-0.058866,0.533656,0.485201,-0.053983,0.498284,0.559634,-0.048636,0.564703,0.560812,-0.059437,0.550731,0.536121,-0.052507,0.528935,0.530403,-0.046733,0.494065,0.604516,-0.04506,0.552359,0.597748,-0.04943,0.540325,0.576807,-0.037033,0.521791,0.574773,-0.029282,0.493975,0.634589,-0.041707,0.540348,0.627401,-0.042056,0.529755,0.609256,-0.031257,0.511094,0.608106,-0.024193
thumbs_up,0.44866,0.494633,-0.0,0.483142,0.427143,-0.006271,0.526381,0.383528,-0.016574,0.559353,0.347919,-0.025392,0.579028,0.307254,-0.032166,0.540692,0.451746,-0.029738,0.590997,0.474762,-0.037656,0.574199,0.460703,-0.036979,0.554531,0.450189,-0.034899,0.531224,0.509191,-0.030205,0.579459,0.520302,-0.033369,0.566146,0.502411,-0.028182,0.547586,0.494748,-0.025841,0.520746,0.555212,-0.029412,0.563362,0.555541,-0.028571,0.552418,0.540968,-0.01906,0.535057,0.536389,-0.014907,0.512096,0.591187,-0.028769,0.549256,0.585555,-0.026564,0.540238,0.571354,-0.017575,0.524786,0.568492,-0.012091
thumbs_up,0.464927,0.468618,-0.0,0.502041,0.401833,-0.004534,0.546027,0.360566,-0.013333,0.583257,0.325252,-0.021156,0.60491,0.286192,-0.026792,0.570215,0.422883,-0.019862,0.609818,0.453639,-0.025509,0.593018,0.449667,-0.025676,0.57517,0.438398,-0.025142,0.560798,0.480094,-0.021731,0.598137,0.4994,-0.020565,0.583402,0.489961,-0.015271,0.56604,0.480166,-0.014044,0.548061,0.529157,-0.022826,0.580641,0.536373,-0.019945,0.567862,0.527631,-0.010117,0.55152,0.521097,-0.006396,0.535195,0.570704,-0.024021,0.565963,0.568061,-0.02028,0.554405,0.55805,-0.009834,0.539946,0.555386,-0.003422
thumbs_up,0.459651,0.470822,-0.0,0.495744,0.401023,-0.001926,0.540346,0.353714,-0.009689,0.575563,0.31322,-0.017271,0.595292,0.27094,-0.02287,0.570249,0.41102,-0.017098,0.609008,0.449248,-0.022402,0.593448,0.452115,-0.022533,0.576554,0.441579,-0.021956,0.562091,0.46858,-0.020726,0.598326,0.494655,-0.018743,0.582671,0.491787,-0.013256,0.564956,0.482113,-0.012161,0.550661,0.521513,-0.023519,0.583773,0.536435,-0.01995,0.569837,0.532064,-0.009939,0.552299,0.523866,-0.006312,0.53827,0.568286,-0.026288,0.571027,0.572053,-0.022007,0.55838,0.565217,-0.011131,0.54277,0.560608,-0.004471
thumbs_up,0.458113,0.505617,-0.0,0.491468,0.427328,-0.000834,0.532039,0.376364,-0.00766,0.562331,0.33118,-0.014824,0.574743,0.282977,-0.020488,0.570134,0.444506,-0.012092,0.606691,0.459188,-0.01483,0.587485,0.455956,-0.015036,0.569031,0.45069,-0.01518,0.565967,0.505739,-0.015299,0.598816,0.508832,-0.011912,0.582416,0.500935,-0.008079,0.563991,0.497731,-0.008096,0.556609,0.55869,-0.017389,0.585565,0.552061,-0.012367,0.571729,0.545086,-0.004684,0.554098,0.543189,-0.002819,0.546143,0.602865,-0.019414,0.574114,0.593807,-0.014531,0.561923,0.584201,-0.004831,0.546236,0.58305,0.001098
thumbs_up,0.459917,0.538762,-0.0,0.493766,0.451837,-0.002607,0.533061,0.404647,-0.009983,0.566706,0.365799,-0.016806,0.583281,0.320154,-0.022149,0.575589,0.487048,-0.013698,0.608544,0.482904,-0.012964,0.589483,0.472006,-0.010986,0.57062,0.470498,-0.010442,0.571356,0.548646,-0.014272,0.600457,0.531978,-0.008513,0.585127,0.51721,-0.004136,0.567644,0.518352,-0.004833,0.560468,0.597668,-0.013258,0.586779,0.576174,-0.007309,0.574425,0.563992,-0.000297,0.556581,0.565097,0.000412,0.549088,0.636139,-0.012114,0.574546,0.617048,-0.007726,0.56337,0.604464,0.00071,0.547136,0.604712,0.005556
thumbs_up,0.433372,0.549121,-0.0,0.462761,0.451433,-0.006636,0.500567,0.403289,-0.014228,0.538354,0.370444,-0.019925,0.556744,0.327658,-0.023989,0.548808,0.497248,-0.016374,0.585571,0.466753,-0.013668,0.564997,0.453103,-0.009821,0.544816,0.456537,-0.008147,0.548626,0.560608,-0.013086,0.577831,0.519344,-0.009251,0.559187,0.50099,-0.005805,0.541248,0.505053,-0.006337,0.539992,0.606703,-0.008116,0.564721,0.563965,-0.005007,0.5507,0.548189,-0.00023,0.532749,0.551497,5.9e-05,0.530634,0.639631,-0.002897,0.551609,0.602988,-0.000333,0.540147,0.587928,0.005521,0.526038,0.59163,0.008898
thumbs_up,0.409292,0.552219,-0.0,0.440244,0.448814,-0.009557,0.47893,0.405046,-0.017707,0.519816,0.382004,-0.023429,0.539689,0.341121,-0.02718,0.529491,0.510374,-0.01614,0.566634,0.471929,-0.012748,0.542755,0.45665,-0.009475,0.522423,0.462161,-0.008478,0.528421,0.574764,-0.011281,0.55899,0.525067,-0.00714,0.539279,0.505188,-0.004903,0.521014,0.509861,-0.006285,0.517981,0.619041,-0.004925,0.54406,0.569079,-0.001862,0.529708,0.55158,0.001895,0.511317,0.554971,0.001658,0.507029,0.649153,0.00142,0.529425,0.607714,0.004022,0.518231,0.590423,0.009419,0.503762,0.59364,0.012551
thumbs_up,0.389976,0.565748,-0.0,0.421706,0.456796,-0.021086,0.462886,0.419765,-0.03236,0.505517,0.40241,-0.037516,0.529088,0.36557,-0.039648,0.521485,0.538612,-0.027379,0.555573,0.466693,-0.019702,0.526571,0.457015,-0.011954,0.505928,0.474594,-0.008223,0.520423,0.601539,-0.013388,0.548315,0.518244,-0.006737,0.525698,0.499827,-0.002928,0.508255,0.510935,-0.003832,0.508399,0.637259,0.00229,0.533559,0.56201,0.008212,0.516381,0.543545,0.011912,0.497861,0.552176,0.010691,0.496371,0.655558,0.017307,0.519235,0.596892,0.02141,0.506019,0.579197,0.025548,0.490425,0.585307,0.027386
thumbs_up,0.389168,0.56012,-0.0,0.418806,0.45035,-0.020039,0.461195,0.409634,-0.0314,0.505779,0.389196,-0.03676,0.527246,0.347636,-0.038765,0.523366,0.523678,-0.028919,0.557697,0.454327,-0.02156,0.529066,0.444558,-0.012356,0.509333,0.460811,-0.007521,0.522648,0.589879,-0.016193,0.551176,0.50662,-0.010457,0.527919,0.48872,-0.004817,0.510893,0.499261,-0.003887,0.511081,0.629015,-0.001645,0.536896,0.552032,0.003487,0.519444,0.534441,0.009188,0.500989,0.540862,0.009835,0.499086,0.649785,0.012213,0.521923,0.591793,0.015728,0.508953,0.575363,0.02077,0.493759,0.579939,0.023768
thumbs_up,0.391291,0.542886,-0.0,0.424985,0.445301,-0.012467,0.465865,0.395882,-0.025608,0.507129,0.360138,-0.035281,0.52503,0.311588,-0.042133,0.514544,0.497145,-0.032072,0.563942,0.473485,-0.03256,0.540491,0.459798,-0.027257,0.517721,0.463592,-0.024104,0.512573,0.568579,-0.027463,0.554772,0.531672,-0.026076,0.535063,0.512398,-0.020366,0.515987,0.515325,-0.019245,0.503362,0.620454,-0.020865,0.5384,0.58016,-0.018624,0.523365,0.564176,-0.010706,0.503918,0.566668,-0.008545,0.493524,0.657497,-0.014498,0.523179,0.622228,-0.012908,0.510421,0.606628,-0.005498,0.494174,0.608638,-0.000914
thumbs_up,0.402477,0.542639,-0.0,0.439878,0.452084,-0.007274,0.48198,0.398019,-0.019904,0.516055,0.354063,-0.030586,0.530642,0.302168,-0.039003,0.516909,0.497402,-0.034066,0.574429,0.486736,-0.038868,0.549099,0.470337,-0.035681,0.52408,0.471168,-0.032895,0.511753,0.569723,-0.033322,0.56416,0.546621,-0.035702,0.543019,0.526201,-0.029939,0.521593,0.52823,-0.027724,0.502013,0.623756,-0.030207,0.547701,0.595461,-0.029194,0.531731,0.579391,-0.019133,0.511187,0.581518,-0.014986,0.493303,0.663399,-0.026945,0.53305,0.637184,-0.025259,0.519763,0.620963,-0.015289,0.501369,0.623201,-0.008785
thumbs_up,0.433594,0.550126,-0.0,0.469699,0.478761,-0.005971,0.515606,0.427505,-0.019648,0.544216,0.378805,-0.032456,0.559031,0.323274,-0.043097,0.523076,0.492565,-0.043537,0.594295,0.530376,-0.059167,0.572129,0.518098,-0.060139,0.546256,0.503818,-0.057168,0.509533,0.557876,-0.046943,0.579837,0.586154,-0.057185,0.560779,0.566421,-0.050322,0.535721,0.552599,-0.045236,0.498752,0.613955,-0.048894,0.562726,0.633348,-0.052237,0.546507,0.613498,-0.037805,0.523634,0.601488,-0.02931,0.491017,0.660629,-0.05101,0.54468,0.669429,-0.049895,0.531453,0.652353,-0.036716,0.510769,0.644261,-0.028226
thumbs_up,0.467296,0.56811,-0.0,0.506495,0.512667,-0.017637,0.549541,0.445324,-0.038655,0.55996,0.376376,-0.056324,0.556898,0.306328,-0.070661,0.516567,0.45739,-0.068403,0.583698,0.517926,-0.095244,0.568674,0.517772,-0.102088,0.542537,0.494737,-0.102942,0.495208,0.508284,-0.070148,0.569398,0.571165,-0.092573,0.550677,0.562593,-0.086338,0.523568,0.543187,-0.082647,0.48506,0.564845,-0.071366,0.555895,0.616341,-0.083558,0.539577,0.603344,-0.066861,0.513782,0.585976,-0.057081,0.481701,0.615927,-0.074077,0.539399,0.648087,-0.07542,0.527543,0.634546,-0.062625,0.503847,0.618299,-0.056218
thumbs_up,0.525514,0.601662,-0.0,0.566569,0.528252,-0.021292,0.573524,0.434626,-0.031326,0.564044,0.366782,-0.037127,0.556433,0.301757,-0.040496,0.509687,0.430175,-0.044191,0.557016,0.477926,-0.065663,0.56026,0.505131,-0.076065,0.545391,0.497536,-0.083676,0.487758,0.480342,-0.042775,0.545694,0.532228,-0.059737,0.548529,0.54481,-0.06301,0.531457,0.531675,-0.069394,0.4793,0.534186,-0.042381,0.531066,0.578548,-0.060283,0.535143,0.586705,-0.057539,0.51923,0.571811,-0.05783,0.477941,0.580357,-0.043825,0.51438,0.62086,-0.060181,0.517662,0.625152,-0.062606,0.504739,0.613676,-0.06487
thumbs_up,0.531265,0.592231,-0.0,0.563472,0.529381,-0.028537,0.567254,0.439364,-0.040707,0.559405,0.375294,-0.048738,0.561551,0.313666,-0.053625,0.500328,0.404844,-0.030603,0.518403,0.466528,-0.051134,0.535559,0.495431,-0.060027,0.535846,0.482546,-0.064698,0.473132,0.441075,-0.024917,0.501509,0.510521,-0.04373,0.521724,0.531148,-0.045647,0.51968,0.514268,-0.045688,0.457816,0.485609,-0.022564,0.483829,0.544846,-0.040554,0.50373,0.559907,-0.035185,0.503558,0.542677,-0.02984,0.448074,0.530509,-0.023347,0.464515,0.56874,-0.035459,0.481398,0.580398,-0.033606,0.483589,0.568098,-0.029888
thumbs_up,0.51115,0.610224,-0.0,0.537375,0.541839,-0.030802,0.534313,0.453845,-0.044157,0.518397,0.396179,-0.052129,0.511853,0.335847,-0.056876,0.463639,0.451283,-0.038869,0.48128,0.517963,-0.060579,0.502661,0.532168,-0.070269,0.505448,0.513233,-0.075354,0.440782,0.494185,-0.031832,0.469508,0.559144,-0.049815,0.494425,0.563446,-0.051369,0.494843,0.543169,-0.05232,0.430477,0.538936,-0.027892,0.455426,0.593891,-0.045633,0.479371,0.595404,-0.040229,0.482049,0.576722,-0.035478,0.425834,0.582066,-0.027084,0.443761,0.618855,-0.040026,0.463075,0.6229,-0.038715,0.467343,0.611993,-0.035732
thumbs_up,0.508972,0.598951,-0.0,0.529421,0.532686,-0.036332,0.520556,0.455799,-0.05325,0.499589,0.408227,-0.062681,0.486329,0.351793,-0.067836,0.456062,0.488605,-0.055393,0.483246,0.562155,-0.079369,0.502241,0.550382,-0.088452,0.500548,0.518634,-0.093307,0.434935,0.534258,-0.045537,0.477558,0.60563,-0.065416,0.497873,0.583254,-0.065757,0.493817,0.554362,-0.066207,0.427415,0.579133,-0.038279,0.469163,0.641501,-0.055888,0.488732,0.622084,-0.048407,0.486462,0.595775,-0.042773,0.426725,0.623512,-0.034852,0.45961,0.666801,-0.049191,0.47602,0.654902,-0.04952,0.476243,0.635542,-0.047798
thumbs_up,0.50062,0.575723,-0.0,0.508402,0.519165,-0.03698,0.492097,0.464025,-0.056267,0.468048,0.430076,-0.067888,0.446386,0.387249,-0.075101,0.433854,0.532406,-0.058572,0.476303,0.591867,-0.0811,0.490533,0.566329,-0.088007,0.481237,0.535543,-0.091451,0.42173,0.580005,-0.048599,0.474447,0.633629,-0.068261,0.48916,0.600751,-0.067337,0.480973,0.574875,-0.066657,0.42134,0.619599,-0.040844,0.471235,0.66426,-0.058063,0.48545,0.633712,-0.050292,0.477992,0.609854,-0.044703,0.42795,0.655771,-0.0369,0.465548,0.685888,-0.050847,0.479045,0.662982,-0.050868,0.475251,0.641518,-0.049064
thumbs_up,0.49698,0.549762,-0.0,0.499031,0.513101,-0.043596,0.47939,0.481316,-0.066864,0.453648,0.452843,-0.081158,0.428315,0.418442,-0.090184,0.422071,0.568675,-0.061852,0.472381,0.614374,-0.086556,0.488943,0.584402,-0.093917,0.478315,0.560804,-0.097182,0.414203,0.615567,-0.048965,0.475472,0.657738,-0.072973,0.493988,0.617787,-0.072122,0.484356,0.591685,-0.069624,0.418386,0.651407,-0.038942,0.473575,0.683096,-0.060286,0.489882,0.646755,-0.052362,0.481938,0.623263,-0.044946,0.428896,0.679643,-0.033148,0.468916,0.697599,-0.049908,0.484918,0.667774,-0.04969,0.481495,0.645819,-0.046281
thumbs_up,0.504381,0.573835,-0.0,0.498312,0.536742,-0.042745,0.469399,0.512117,-0.063905,0.438152,0.494721,-0.076457,0.414048,0.464288,-0.082506,0.413322,0.59776,-0.049673,0.457282,0.651653,-0.073228,0.475811,0.614902,-0.079594,0.467196,0.58582,-0.081373,0.407925,0.645075,-0.036651,0.462237,0.68717,-0.060583,0.479642,0.641659,-0.05946,0.468364,0.613493,-0.054953,0.413974,0.680856,-0.027638,0.460633,0.711835,-0.05048,0.476977,0.672561,-0.04357,0.469197,0.647119,-0.034665,0.426179,0.706526,-0.022812,0.456582,0.72424,-0.040175,0.471845,0.696099,-0.040189,0.471323,0.67423,-0.035287
thumbs_up,0.50088,0.585209,-0.0,0.488958,0.549686,-0.040727,0.456417,0.536936,-0.057925,0.423316,0.530612,-0.067354,0.395956,0.508266,-0.070369,0.401853,0.627209,-0.035922,0.441689,0.681185,-0.057907,0.460919,0.647589,-0.065281,0.455337,0.614788,-0.067148,0.400578,0.66698,-0.022465,0.45051,0.711939,-0.044624,0.468589,0.66684,-0.044152,0.458165,0.634879,-0.038902,0.409877,0.697683,-0.013868,0.452733,0.732814,-0.03728,0.469103,0.693324,-0.031393,0.462919,0.665479,-0.0215,0.424964,0.720352,-0.009316,0.450622,0.747959,-0.027809,0.465546,0.727142,-0.028437,0.467155,0.711397,-0.022728
thumbs_up,0.497131,0.590567,-0.0,0.485628,0.556385,-0.040758,0.453563,0.543193,-0.058833,0.419125,0.539866,-0.068799,0.390714,0.52011,-0.072441,0.398414,0.629867,-0.042507,0.438658,0.684332,-0.063253,0.45752,0.652669,-0.067785,0.452174,0.621101,-0.06818,0.396747,0.668085,-0.028785,0.447291,0.714099,-0.050639,0.466229,0.672008,-0.048344,0.455889,0.641079,-0.042589,0.405392,0.697164,-0.019443,0.448605,0.733427,-0.042446,0.466092,0.698413,-0.036528,0.460212,0.672734,-0.027633,0.420019,0.716339,-0.014044,0.446416,0.743616,-0.033683,0.464276,0.732419,-0.03625,0.468907,0.725437,-0.032605
thumbs_up,0.477498,0.592357,-0.0,0.465556,0.554952,-0.048026,0.435729,0.542262,-0.069012,0.404169,0.542421,-0.080712,0.376562,0.521704,-0.086284,0.38582,0.62663,-0.048905,0.423257,0.680925,-0.073152,0.442891,0.650231,-0.07882,0.441742,0.61598,-0.078508,0.386702,0.664174,-0.031589,0.431897,0.708079,-0.055737,0.452237,0.667691,-0.05315,0.4457,0.637298,-0.045956,0.396024,0.691406,-0.019569,0.434853,0.725484,-0.045059,0.453385,0.690653,-0.039345,0.45101,0.664187,-0.029176,0.409689,0.709316,-0.012011,0.435316,0.734523,-0.032858,0.452085,0.716972,-0.035651,0.456823,0.702935,-0.03136
thumbs_up,0.485177,0.589729,-0.0,0.473152,0.537069,-0.03777,0.442559,0.503028,-0.05582,0.410143,0.487273,-0.066843,0.384372,0.459454,-0.072424,0.384858,0.57799,-0.039313,0.419831,0.639402,-0.062239,0.442644,0.612129,-0.069843,0.440046,0.581533,-0.072469,0.379406,0.619908,-0.027707,0.424003,0.673195,-0.049899,0.447047,0.637,-0.049498,0.439918,0.607377,-0.04562,0.384911,0.654466,-0.020228,0.425106,0.695083,-0.041585,0.4462,0.664384,-0.034714,0.442599,0.6384,-0.026134,0.396503,0.681707,-0.016646,0.425246,0.708095,-0.033071,0.443579,0.684776,-0.033143,0.445093,0.661434,-0.028527
thumbs_up,0.486701,0.578544,-0.0,0.477738,0.523842,-0.035707,0.448104,0.47326,-0.052421,0.4177,0.441705,-0.061995,0.394702,0.403321,-0.066307,0.386812,0.537961,-0.043353,0.421526,0.597045,-0.064553,0.446205,0.575585,-0.070296,0.443057,0.547233,-0.0725,0.378231,0.582844,-0.033168,0.423502,0.635596,-0.054562,0.450104,0.604407,-0.053333,0.444234,0.574922,-0.050168,0.38184,0.62275,-0.026337,0.42296,0.663653,-0.046755,0.447199,0.636447,-0.039242,0.443709,0.610112,-0.031615,0.391778,0.657068,-0.023182,0.422455,0.683143,-0.038505,0.443538,0.664279,-0.037922,0.444444,0.6442,-0.034141
thumbs_up,0.490812,0.580453,-0.0,0.48814,0.515375,-0.037589,0.462071,0.450303,-0.055284,0.432901,0.409063,-0.065522,0.411081,0.362877,-0.070636,0.395344,0.504421,-0.046607,0.43041,0.564809,-0.067858,0.455079,0.547266,-0.073043,0.45173,0.520451,-0.074878,0.383923,0.551127,-0.036053,0.429931,0.608054,-0.057252,0.455651,0.580225,-0.055917,0.45054,0.553357,-0.05278,0.384681,0.594517,-0.028748,0.42783,0.640179,-0.048564,0.451872,0.615304,-0.040392,0.448913,0.591559,-0.032434,0.391569,0.634052,-0.025366,0.424948,0.661934,-0.039904,0.447094,0.642806,-0.038504,0.448536,0.622153,-0.034125
thumbs_up,0.480978,0.569975,-0.0,0.492266,0.501941,-0.0316,0.475642,0.422434,-0.046771,0.451887,0.370822,-0.055864,0.434847,0.317707,-0.061595,0.409884,0.458299,-0.045732,0.442547,0.507807,-0.065454,0.464375,0.506796,-0.071831,0.461027,0.487852,-0.075015,0.394044,0.507453,-0.037806,0.43824,0.556231,-0.054626,0.461736,0.545685,-0.052658,0.458046,0.527035,-0.050893,0.39068,0.55482,-0.032337,0.432272,0.595687,-0.047886,0.454838,0.583553,-0.039928,0.453017,0.565077,-0.033771,0.392776,0.599255,-0.030265,0.423503,0.626496,-0.041478,0.444178,0.617261,-0.039486,0.446048,0.602561,-0.036161
thumbs_up,0.479382,0.563092,-0.0,0.497323,0.501903,-0.030412,0.491862,0.422459,-0.046686,0.478956,0.362264,-0.057594,0.469773,0.301183,-0.066037,0.43155,0.444472,-0.049185,0.476159,0.497592,-0.069222,0.491833,0.502614,-0.077871,0.487008,0.490219,-0.083594,0.411837,0.49336,-0.042485,0.468989,0.549336,-0.058128,0.482145,0.53871,-0.058913,0.475455,0.52128,-0.061232,0.404753,0.543101,-0.037638,0.456416,0.591126,-0.051371,0.471866,0.580799,-0.045376,0.467574,0.563108,-0.04225,0.404271,0.59409,-0.036278,0.443569,0.626785,-0.047799,0.458928,0.617989,-0.047455,0.457645,0.603939,-0.046408
thumbs_up,0.458507,0.534323,-0.0,0.485236,0.468444,-0.016081,0.50964,0.411731,-0.028252,0.52154,0.353052,-0.038966,0.524542,0.290978,-0.048243,0.491079,0.437355,-0.037812,0.554807,0.479526,-0.059416,0.539786,0.487634,-0.070074,0.517016,0.471956,-0.077166,0.47545,0.493821,-0.04118,0.547442,0.534949,-0.057829,0.526687,0.528243,-0.057722,0.506431,0.5119,-0.061453,0.466769,0.544598,-0.045901,0.536717,0.579209,-0.060294,0.516896,0.567947,-0.051851,0.499544,0.550934,-0.048533,0.465342,0.588878,-0.0528,0.51813,0.613867,-0.064138,0.508001,0.599349,-0.061441,0.493327,0.583381,-0.060841
thumbs_up,0.436141,0.50996,-0.0,0.471737,0.444485,-0.004533,0.51816,0.394198,-0.016863,0.546872,0.348843,-0.027393,0.559047,0.298841,-0.035724,0.526078,0.45081,-0.045927,0.586757,0.491265,-0.059599,0.566898,0.487087,-0.059085,0.544067,0.471459,-0.056017,0.5144,0.510551,-0.049363,0.572785,0.547628,-0.055901,0.554285,0.534533,-0.045913,0.53183,0.519071,-0.040496,0.503213,0.565057,-0.050814,0.556498,0.58998,-0.05163,0.540693,0.576352,-0.034816,0.519641,0.565129,-0.026035,0.493119,0.612227,-0.052173,0.539519,0.623659,-0.04898,0.526612,0.611877,-0.034196,0.509122,0.605299,-0.025231
thumbs_up,0.428344,0.500806,-0.0,0.469236,0.431727,-0.003501,0.516648,0.387187,-0.013936,0.551209,0.348445,-0.023051,0.570087,0.302042,-0.030194,0.535213,0.454394,-0.032588,0.587373,0.495826,-0.041383,0.567375,0.486647,-0.040333,0.545851,0.469734,-0.037813,0.524231,0.518566,-0.035033,0.57332,0.546148,-0.036251,0.55646,0.531741,-0.028687,0.536212,0.519055,-0.025637,0.511044,0.573993,-0.035726,0.554562,0.58906,-0.033158,0.540251,0.574928,-0.020428,0.520985,0.565044,-0.015052,0.498275,0.620074,-0.036192,0.537014,0.624094,-0.031962,0.523951,0.609269,-0.019404,0.507332,0.603472,-0.011857
thumbs_up,0.422882,0.503879,-0.0,0.46607,0.425947,-0.003417,0.513521,0.385147,-0.012691,0.554838,0.353536,-0.021092,0.579038,0.310096,-0.027658,0.549032,0.472261,-0.018364,0.585978,0.48911,-0.021326,0.56682,0.47501,-0.020091,0.54678,0.464156,-0.0189,0.539074,0.539864,-0.019045,0.572074,0.538749,-0.016689,0.555734,0.52119,-0.012347,0.536308,0.514986,-0.012091,0.524351,0.592931,-0.018143,0.552554,0.580165,-0.014322,0.538957,0.5666,-0.006404,0.520066,0.561548,-0.004258,0.510247,0.634925,-0.016998,0.53645,0.61746,-0.01267,0.523304,0.602739,-0.003159,0.507278,0.600048,0.002769
thumbs_up,0.422163,0.490124,-0.0,0.466726,0.405241,-0.002417,0.514904,0.359636,-0.010639,0.557107,0.322915,-0.018247,0.581243,0.279779,-0.023905,0.554574,0.444416,-0.014078,0.585717,0.461244,-0.013522,0.566688,0.455593,-0.010917,0.54914,0.446997,-0.009744,0.545972,0.51299,-0.014831,0.572406,0.513339,-0.008451,0.555055,0.502351,-0.003406,0.537249,0.496453,-0.003802,0.530668,0.568459,-0.013909,0.552104,0.554617,-0.006475,0.537878,0.545653,0.002024,0.519263,0.539755,0.003429,0.515186,0.612677,-0.012873,0.535876,0.594317,-0.005802,0.523321,0.584183,0.004593,0.508021,0.581179,0.010549
thumbs_up,0.409894,0.424753,-0.0,0.465393,0.364637,-0.000506,0.521967,0.344765,-0.006246,0.569503,0.329259,-0.012022,0.599532,0.297584,-0.016243,0.560404,0.442775,-0.00752,0.56464,0.499837,-0.006275,0.543689,0.489682,-0.006469,0.530646,0.464832,-0.008317,0.541974,0.504126,-0.010896,0.541174,0.537237,-0.00055,0.522699,0.521076,0.003302,0.508613,0.497136,0.000463,0.515698,0.553083,-0.013,0.514684,0.565586,-0.002351,0.500128,0.550697,0.00566,0.486595,0.527284,0.005249,0.48896,0.592083,-0.015458,0.490782,0.595548,-0.006043,0.478456,0.577873,0.004055,0.468005,0.557683,0.00894
thumbs_up,0.397605,0.379196,-0.0,0.454496,0.333066,-0.002041,0.513119,0.328564,-0.008315,0.561006,0.331766,-0.01462,0.594075,0.309355,-0.019325,0.54608,0.437535,-0.010022,0.538925,0.502318,-0.012219,0.518348,0.48877,-0.014165,0.508044,0.459226,-0.016923,0.525758,0.490857,-0.014161,0.513345,0.531067,-0.007588,0.493809,0.509072,-0.004538,0.483062,0.480468,-0.007122,0.496694,0.533515,-0.01761,0.487125,0.553606,-0.011453,0.471734,0.531243,-0.004126,0.461185,0.501624,-0.003879,0.466067,0.568016,-0.021666,0.461627,0.57866,-0.016299,0.449143,0.555605,-0.007569,0.44123,0.530098,-0.002663
thumbs_up,0.39059,0.373189,-0.0,0.442801,0.30905,-0.000455,0.502992,0.286714,-0.006324,0.550874,0.271534,-0.01285,0.582404,0.241248,-0.017592,0.550182,0.379154,-0.002648,0.550068,0.442577,-0.004108,0.526535,0.435132,-0.00767,0.513102,0.409096,-0.011412,0.536677,0.441527,-0.007416,0.528149,0.481274,0.000856,0.506241,0.466951,0.002102,0.493015,0.442478,-0.001493,0.513118,0.495688,-0.011765,0.506234,0.517042,-0.003658,0.487547,0.502536,0.001748,0.473458,0.477175,0.00071,0.48678,0.541906,-0.016764,0.483799,0.551976,-0.0098,0.467378,0.535487,-0.00162,0.45518,0.513422,0.003
thumbs_up,0.411476,0.446288,-0.0,0.443521,0.339814,-0.005176,0.487274,0.272949,-0.013862,0.528838,0.219664,-0.021919,0.552223,0.165128,-0.02821,0.553343,0.338702,-0.010204,0.563034,0.376981,-0.009177,0.540575,0.382583,-0.009582,0.523566,0.37327,-0.011518,0.55492,0.413479,-0.01097,0.55073,0.433833,-0.002179,0.529432,0.42967,-0.000893,0.512753,0.420318,-0.005033,0.544578,0.480848,-0.010612,0.538215,0.483838,-0.002348,0.520951,0.480041,0.002518,0.503397,0.471419,0.000862,0.531217,0.537213,-0.010865,0.527633,0.534745,-0.003673,0.511658,0.528205,0.0043,0.496908,0.520765,0.00864
thumbs_up,0.414587,0.524743,-0.0,0.438326,0.401843,-0.006667,0.479767,0.327589,-0.014678,0.519742,0.271892,-0.022014,0.540641,0.212906,-0.027903,0.551252,0.397194,-0.007629,0.557207,0.38071,-0.008053,0.530995,0.385079,-0.012006,0.511654,0.395556,-0.016398,0.558378,0.467917,-0.00766,0.550921,0.445217,-0.002019,0.5279,0.44336,-0.003499,0.510462,0.452558,-0.00855,0.550175,0.530323,-0.006721,0.54126,0.499197,-0.001941,0.522248,0.497201,0.001707,0.504579,0.504887,0.000564,0.5373,0.580292,-0.006389,0.532632,0.55281,-0.001744,0.51675,0.548437,0.006197,0.503052,0.55435,0.011358
thumbs_up,0.402876,0.640221,-0.0,0.411827,0.521101,-0.008088,0.442259,0.435085,-0.015167,0.476338,0.374404,-0.021233,0.492688,0.318153,-0.02597,0.517246,0.486377,-0.00784,0.524342,0.442935,-0.00877,0.499657,0.452489,-0.012554,0.482764,0.475324,-0.016506,0.530502,0.547586,-0.006858,0.523678,0.506353,-0.004046,0.500263,0.513418,-0.005959,0.483849,0.533987,-0.010028,0.529209,0.603865,-0.00538,0.52163,0.562535,-0.005145,0.502256,0.566512,-0.003624,0.485641,0.584229,-0.00452,0.522845,0.651307,-0.004254,0.518415,0.614061,-0.004445,0.50145,0.615282,0.000505,0.487982,0.629418,0.004591
thumbs_up,0.370424,0.691395,-0.0,0.376907,0.564696,-0.013234,0.412078,0.485314,-0.020435,0.447769,0.428345,-0.025146,0.464631,0.370003,-0.028341,0.490011,0.540862,-0.008283,0.47743,0.495078,-0.007307,0.451205,0.508908,-0.010324,0.438772,0.533016,-0.014061,0.499799,0.603741,-0.004132,0.481621,0.553742,-0.00031,0.457856,0.560072,-0.003544,0.446086,0.582542,-0.00892,0.493686,0.65972,0.000557,0.479737,0.606425,0.001482,0.459623,0.607369,0.002699,0.447366,0.627925,0.001265,0.481691,0.702349,0.004554,0.472795,0.656082,0.005136,0.456064,0.654996,0.010849,0.446094,0.67236,0.01528
thumbs_up,0.355962,0.640601,-0.0,0.369478,0.512489,-0.017682,0.413603,0.435163,-0.024746,0.456318,0.389747,-0.029211,0.48437,0.339132,-0.032759,0.481633,0.522809,-6.3e-05,0.457039,0.493389,0.001868,0.433908,0.498111,-0.005216,0.425903,0.509752,-0.012952,0.483148,0.595785,0.004761,0.457637,0.554827,0.011117,0.441882,0.552727,0.00341,0.432907,0.569211,-0.006557,0.469552,0.651744,0.008997,0.449985,0.606874,0.013355,0.436358,0.601139,0.012363,0.428585,0.615264,0.008086,0.45049,0.693218,0.011496,0.437735,0.653957,0.015106,0.426342,0.648898,0.020525,0.418578,0.660828,0.023458
thumbs_up,0.381295,0.658284,-0.0,0.390993,0.521344,-0.024195,0.434154,0.427367,-0.030756,0.474537,0.375695,-0.03373,0.504073,0.323835,-0.035717,0.48861,0.523106,-0.00596,0.451922,0.494134,-0.00614,0.434452,0.495535,-0.01419,0.427554,0.503305,-0.022427,0.490154,0.598138,0.001229,0.460558,0.55763,0.004077,0.450323,0.551958,-0.005063,0.441506,0.565142,-0.016365,0.478549,0.653392,0.007037,0.456708,0.610767,0.007219,0.446488,0.607203,0.005879,0.439276,0.620863,0.001687,0.459643,0.692103,0.010471,0.445672,0.660912,0.010479,0.437404,0.659857,0.014845,0.431154,0.670748,0.016683
thumbs_up,0.421968,0.700031,-0.0,0.417076,0.558118,-0.015714,0.446974,0.459715,-0.016137,0.48274,0.399402,-0.015205,0.513453,0.349199,-0.014102,0.487256,0.522065,0.025242,0.468443,0.487741,0.035878,0.44544,0.49546,0.031895,0.435202,0.51117,0.02688,0.498191,0.582549,0.035252,0.472277,0.537305,0.050625,0.456584,0.534153,0.040967,0.449673,0.550674,0.0286,0.497914,0.625117,0.043197,0.475741,0.577407,0.054306,0.460317,0.575121,0.045916,0.451662,0.591759,0.035697,0.492168,0.653273,0.050175,0.473589,0.610887,0.061962,0.462147,0.610171,0.06442,0.454574,0.626428,0.06329
thumbs_up,0.429558,0.69523,-0.0,0.425687,0.559126,-0.010057,0.455293,0.464504,-0.009496,0.491105,0.404473,-0.009645,0.518469,0.356987,-0.0091,0.48074,0.511776,0.028573,0.474988,0.466645,0.032847,0.454461,0.48685,0.028727,0.450635,0.510084,0.025492,0.493256,0.570742,0.034224,0.479839,0.513159,0.038693,0.462613,0.522025,0.029205,0.460034,0.545574,0.021086,0.497783,0.614398,0.037597,0.482759,0.551746,0.039497,0.466611,0.562456,0.034849,0.462651,0.588704,0.030981,0.498569,0.643363,0.040488,0.48494,0.592297,0.046725,0.47188,0.599784,0.05127,0.4675,0.623846,0.054175
thumbs_up,0.389455,0.69195,-0.0,0.401557,0.550826,-0.012587,0.446606,0.460463,-0.015752,0.489022,0.402827,-0.017223,0.518803,0.352989,-0.01886,0.488481,0.521213,0.007527,0.47541,0.500565,0.013199,0.453898,0.511656,0.009715,0.449096,0.523076,0.00564,0.497461,0.598194,0.014617,0.478095,0.560397,0.025372,0.462431,0.556925,0.018879,0.459054,0.570015,0.008966,0.491699,0.661153,0.021529,0.47677,0.6168,0.029735,0.463365,0.61395,0.02692,0.459167,0.630982,0.020864,0.480144,0.704286,0.028108,0.46607,0.672144,0.038461,0.45481,0.669252,0.044185,0.452361,0.681976,0.045988
thumbs_up,0.372795,0.655842,-0.0,0.39658,0.52531,-0.014476,0.443173,0.453451,-0.022334,0.491555,0.413578,-0.027472,0.52312,0.36497,-0.031378,0.511412,0.555532,-0.012391,0.491811,0.536051,-0.010959,0.468559,0.537756,-0.014547,0.457572,0.543499,-0.02003,0.513585,0.633478,-0.009202,0.490656,0.602117,-0.003503,0.471591,0.596269,-0.007557,0.458173,0.60294,-0.015839,0.500661,0.694136,-0.005188,0.480701,0.652566,-0.001794,0.464808,0.644777,-0.000558,0.452576,0.649241,-0.004325,0.481816,0.737517,-0.002449,0.468445,0.703408,-0.00109,0.454937,0.696476,0.004098,0.4449,0.699512,0.00666
thumbs_up,0.403373,0.625859,-0.0,0.438221,0.52146,-0.005429,0.481546,0.465765,-0.012688,0.522765,0.425277,-0.01963,0.548014,0.378267,-0.024627,0.538726,0.543358,-0.004692,0.563255,0.541477,-0.007155,0.541725,0.537219,-0.010151,0.520387,0.537382,-0.012158,0.538277,0.614228,-0.00471,0.54951,0.596102,-0.00022,0.530518,0.588598,0.000374,0.511638,0.593022,-0.002304,0.527445,0.672042,-0.004764,0.535611,0.643811,-0.000552,0.520157,0.63778,0.004823,0.50164,0.641292,0.005429,0.514549,0.718209,-0.005347,0.521545,0.688624,-0.000297,0.507729,0.680766,0.007682,0.493057,0.683205,0.012764
thumbs_up,0.42579,0.578646,-0.0,0.460184,0.496642,-0.002777,0.503452,0.443909,-0.011043,0.53955,0.403034,-0.018886,0.557961,0.357814,-0.024731,0.538849,0.507662,-0.017872,0.582419,0.530644,-0.023817,0.56279,0.526713,-0.024864,0.543062,0.517961,-0.024748,0.53337,0.573705,-0.0204,0.573228,0.582811,-0.019423,0.555395,0.574593,-0.014615,0.53623,0.569288,-0.013566,0.522991,0.629642,-0.021979,0.556545,0.626874,-0.018696,0.541481,0.61937,-0.008142,0.523746,0.616244,-0.003967,0.511377,0.675946,-0.023561,0.542644,0.666004,-0.018656,0.529414,0.657331,-0.006794,0.514439,0.657055,0.000622
thumbs_up,0.438656,0.55538,-0.0,0.471083,0.495172,-0.003745,0.515587,0.449093,-0.014473,0.539593,0.40595,-0.024221,0.551209,0.357177,-0.032081,0.513708,0.497124,-0.041919,0.57403,0.541557,-0.05612,0.557063,0.533502,-0.056148,0.5365,0.516135,-0.053013,0.500246,0.549625,-0.045903,0.559667,0.585861,-0.055063,0.543244,0.57143,-0.047002,0.522141,0.556261,-0.041655,0.490087,0.596854,-0.048268,0.545616,0.623421,-0.051553,0.530614,0.608298,-0.036171,0.51058,0.595246,-0.027126,0.482503,0.637174,-0.050627,0.529935,0.653659,-0.048751,0.517453,0.640235,-0.035108,0.498691,0.631111,-0.026692
thumbs_up,0.471218,0.547335,0.0,0.495609,0.506993,-0.01606,0.519986,0.467556,-0.033031,0.524163,0.425262,-0.046241,0.515932,0.379715,-0.057193,0.480906,0.491492,-0.058372,0.531424,0.544231,-0.077953,0.530243,0.538766,-0.082502,0.515807,0.521797,-0.082868,0.463135,0.537971,-0.058006,0.521611,0.58601,-0.074759,0.516993,0.571088,-0.068335,0.501755,0.553937,-0.064955,0.457543,0.582106,-0.056714,0.512935,0.62035,-0.065847,0.508472,0.603584,-0.051456,0.494475,0.587783,-0.043019,0.45772,0.617924,-0.056827,0.503394,0.643989,-0.056357,0.500984,0.629819,-0.044524,0.487311,0.616097,-0.038573
thumbs_up,0.502407,0.559232,-0.0,0.515737,0.51156,-0.029076,0.509689,0.453021,-0.044917,0.496037,0.410036,-0.055377,0.484534,0.360702,-0.063483,0.45408,0.470374,-0.041425,0.487618,0.524672,-0.060106,0.501121,0.516742,-0.069448,0.496889,0.492659,-0.07514,0.438741,0.510713,-0.034051,0.4792,0.565161,-0.04909,0.492234,0.552711,-0.051197,0.487416,0.53418,-0.053187,0.433283,0.550773,-0.028681,0.470203,0.59805,-0.04159,0.483008,0.584995,-0.0368,0.478318,0.565541,-0.033569,0.432844,0.589698,-0.026432,0.459872,0.62232,-0.036256,0.471377,0.610971,-0.035826,0.468686,0.59401,-0.034306
thumbs_up,0.480166,0.560311,-0.0,0.488127,0.494785,-0.02583,0.470752,0.433465,-0.036997,0.451433,0.393754,-0.043869,0.439757,0.347436,-0.048118,0.41129,0.467761,-0.029956,0.44107,0.510594,-0.047122,0.46292,0.509618,-0.05562,0.463403,0.493049,-0.059965,0.399594,0.511169,-0.02322,0.4384,0.548141,-0.036704,0.460688,0.537705,-0.037143,0.459987,0.520833,-0.036762,0.39883,0.552536,-0.0191,0.434597,0.582184,-0.032577,0.454697,0.569593,-0.02765,0.455564,0.552401,-0.022799,0.402221,0.590279,-0.017754,0.427783,0.605577,-0.027239,0.445821,0.594742,-0.0254,0.449635,0.581319,-0.021746
thumbs_up,0.638775,0.044313,-0.0,0.644446,0.097402,0.003975,0.663682,0.136176,0.002758,0.684997,0.152461,0.000226,0.703611,0.154621,-0.003074,0.672727,0.155183,-0.006085,0.705153,0.18744,-0.013696,0.721042,0.177546,-0.01796,0.727415,0.160351,-0.019463,0.681425,0.130932,-0.011392,0.715758,0.154298,-0.016036,0.730496,0.149053,-0.017931,0.735675,0.139068,-0.019302,0.688806,0.09916,-0.016359,0.720637,0.11618,-0.018612,0.734846,0.115138,-0.017482,0.740967,0.112526,-0.0174,0.695039,0.063122,-0.020777,0.72282,0.067063,-0.022068,0.733556,0.0676,-0.019521,0.737379,0.06857,-0.017435
thumbs_up,0.429716,0.537008,-0.0,0.426186,0.474561,-0.019495,0.402925,0.419206,-0.028144,0.379494,0.379455,-0.034518,0.367458,0.333822,-0.038728,0.352124,0.447171,-0.015804,0.358993,0.47243,-0.032874,0.383779,0.483729,-0.041096,0.395097,0.481933,-0.044053,0.344808,0.489082,-0.011684,0.360349,0.516282,-0.027817,0.386755,0.510797,-0.030376,0.394713,0.496579,-0.028995,0.346068,0.529341,-0.010447,0.362177,0.552322,-0.027853,0.386949,0.541821,-0.0255,0.394299,0.523895,-0.019987,0.351672,0.566529,-0.010963,0.364027,0.58256,-0.023316,0.38604,0.5724,-0.02217,0.394808,0.557039,-0.01758
thumbs_up,0.428133,0.499616,0.0,0.428618,0.462318,-0.014654,0.412146,0.420949,-0.021699,0.393353,0.389242,-0.025873,0.379076,0.365155,-0.030746,0.416076,0.42932,-0.027476,0.397222,0.401074,-0.040224,0.384765,0.381077,-0.048257,0.374326,0.363311,-0.054095,0.40992,0.449958,-0.024361,0.395204,0.446133,-0.039636,0.394851,0.456804,-0.04386,0.396142,0.462453,-0.045631,0.406028,0.470674,-0.021827,0.392344,0.468524,-0.036567,0.395591,0.478324,-0.035842,0.399608,0.482056,-0.033148,0.404191,0.487229,-0.019977,0.392247,0.483892,-0.031941,0.394193,0.490766,-0.032022,0.397839,0.49436,-0.030244
thumbs_up,0.405904,0.54217,-0.0,0.395708,0.483145,-0.022626,0.364939,0.437784,-0.031754,0.336377,0.409891,-0.037495,0.321214,0.370548,-0.040162,0.321611,0.48392,-0.020215,0.326726,0.52914,-0.037622,0.349836,0.525056,-0.043313,0.356196,0.505594,-0.045007,0.321925,0.52377,-0.015415,0.330988,0.562282,-0.034467,0.356833,0.543815,-0.034987,0.359714,0.517239,-0.031753,0.328567,0.559075,-0.01376,0.336278,0.595696,-0.035018,0.360513,0.576436,-0.029974,0.363012,0.549494,-0.022069,0.338173,0.59082,-0.013967,0.343859,0.618827,-0.02945,0.363854,0.601224,-0.027777,0.369121,0.576848,-0.02251
thumbs_up,0.648638,0.060038,-0.0,0.665759,0.091463,0.006548,0.69127,0.114995,0.006457,0.715434,0.123848,0.00447,0.73395,0.124321,0.00266,0.6935,0.142952,0.000429,0.727399,0.1658,-0.005702,0.744226,0.155963,-0.009207,0.751657,0.141675,-0.010197,0.697933,0.128959,-0.005674,0.736461,0.144056,-0.009388,0.752522,0.136769,-0.009936,0.758548,0.126823,-0.010063,0.701758,0.109333,-0.011575,0.739319,0.120931,-0.013282,0.750699,0.117083,-0.009439,0.753101,0.112666,-0.006769,0.704468,0.088295,-0.016952,0.733589,0.099749,-0.017165,0.742452,0.099463,-0.012296,0.743952,0.098111,-0.008169
thumbs_up,0.391946,0.556395,-0.0,0.373746,0.507396,-0.025224,0.339806,0.478787,-0.036157,0.307937,0.458498,-0.04345,0.286966,0.427219,-0.047435,0.303073,0.528329,-0.022298,0.30741,0.578012,-0.040905,0.330162,0.570543,-0.046494,0.336134,0.551149,-0.047639,0.308822,0.566327,-0.015933,0.31555,0.60789,-0.038094,0.340363,0.58452,-0.038988,0.342292,0.55965,-0.034679,0.31875,0.598114,-0.013068,0.325636,0.63343,-0.035801,0.346861,0.608598,-0.030918,0.346989,0.583396,-0.022151,0.33105,0.625417,-0.012271,0.335524,0.650693,-0.027812,0.351518,0.629181,-0.026385,0.353169,0.605454,-0.020823
thumbs_up,0.396757,0.556891,-0.0,0.384942,0.50088,-0.023044,0.355174,0.45959,-0.033885,0.327835,0.428322,-0.041556,0.311067,0.39139,-0.046227,0.312275,0.503413,-0.022372,0.315202,0.548738,-0.040745,0.340719,0.549725,-0.04699,0.350844,0.537064,-0.048607,0.311642,0.54399,-0.017144,0.320219,0.583781,-0.03723,0.348032,0.567584,-0.038204,0.353279,0.546587,-0.034714,0.317817,0.579351,-0.014976,0.326828,0.613164,-0.035408,0.35125,0.593248,-0.030514,0.354192,0.570014,-0.022599,0.327748,0.61009,-0.014759,0.333338,0.635099,-0.028696,0.353223,0.615739,-0.026405,0.357794,0.592764,-0.020749
thumbs_up,0.39455,0.561439,-0.0,0.39684,0.499983,-0.023986,0.375516,0.440854,-0.034477,0.354419,0.395999,-0.041653,0.345073,0.348581,-0.045739,0.321008,0.4616,-0.02104,0.323336,0.501559,-0.039857,0.34836,0.512909,-0.047211,0.357812,0.504532,-0.049732,0.312059,0.502091,-0.015741,0.319914,0.5408,-0.035056,0.350037,0.539661,-0.036243,0.356884,0.522413,-0.033171,0.312031,0.541954,-0.013752,0.320885,0.574997,-0.035364,0.349997,0.568417,-0.030943,0.356976,0.547658,-0.023059,0.316545,0.579007,-0.013747,0.322407,0.60077,-0.029105,0.34724,0.593609,-0.027052,0.356449,0.57632,-0.021265
thumbs_up,0.389297,0.579978,-0.0,0.398615,0.515916,-0.026203,0.38134,0.447833,-0.037246,0.36074,0.399509,-0.044582,0.353405,0.346355,-0.048747,0.325584,0.456712,-0.022361,0.325472,0.495629,-0.042347,0.351787,0.512732,-0.050863,0.3624,0.507951,-0.054003,0.31146,0.496111,-0.016129,0.319629,0.538047,-0.035181,0.350035,0.542502,-0.036738,0.356625,0.527296,-0.034247,0.307755,0.538055,-0.013538,0.316789,0.574374,-0.035199,0.346495,0.57371,-0.031039,0.35361,0.555633,-0.023534,0.309104,0.577729,-0.013183,0.316361,0.60089,-0.028679,0.342349,0.599105,-0.026767,0.352016,0.585476,-0.021174
thumbs_up,0.370421,0.623289,-0.0,0.386496,0.556247,-0.028563,0.370885,0.480622,-0.039774,0.349194,0.432185,-0.046256,0.338654,0.380194,-0.049277,0.307371,0.494428,-0.030833,0.325501,0.545532,-0.051381,0.349153,0.55677,-0.059361,0.353858,0.540628,-0.062458,0.290118,0.537429,-0.023754,0.319954,0.588234,-0.041599,0.346153,0.58878,-0.041157,0.348963,0.568386,-0.038649,0.284793,0.581911,-0.020223,0.313901,0.624732,-0.037804,0.337546,0.620585,-0.031195,0.340346,0.600118,-0.023978,0.285308,0.623233,-0.019791,0.306512,0.650982,-0.032063,0.327488,0.648706,-0.030181,0.332394,0.633905,-0.025698
thumbs_up,0.369134,0.586406,-0.0,0.383433,0.520653,-0.029101,0.367889,0.449713,-0.042078,0.348021,0.404715,-0.049939,0.33652,0.353574,-0.054948,0.306114,0.481106,-0.041993,0.337005,0.533821,-0.063938,0.361694,0.533,-0.073415,0.366112,0.512307,-0.07805,0.290553,0.5317,-0.035272,0.33349,0.579457,-0.053095,0.357573,0.567543,-0.052911,0.359631,0.545138,-0.052497,0.288002,0.579423,-0.031326,0.327934,0.617168,-0.047779,0.350074,0.603771,-0.04094,0.353204,0.583174,-0.035164,0.291609,0.621469,-0.030616,0.318969,0.644546,-0.042967,0.338257,0.634405,-0.041581,0.343282,0.618958,-0.038539
thumbs_up,0.357901,0.538408,0.0,0.368935,0.473259,-0.030006,0.361798,0.410462,-0.049539,0.347993,0.363754,-0.063144,0.333459,0.309719,-0.075155,0.310808,0.454577,-0.056353,0.357701,0.501014,-0.07656,0.360525,0.483609,-0.087336,0.350185,0.45881,-0.094872,0.297386,0.510995,-0.049507,0.355395,0.546291,-0.063902,0.356527,0.520836,-0.065174,0.343757,0.499268,-0.068803,0.294989,0.559231,-0.043532,0.349558,0.587244,-0.05401,0.351455,0.563137,-0.047464,0.338357,0.542407,-0.045038,0.299737,0.601765,-0.041114,0.339611,0.618363,-0.049772,0.34252,0.599646,-0.04862,0.332817,0.58365,-0.048015
thumbs_up,0.312214,0.485386,-0.0,0.337083,0.396006,-0.021106,0.357142,0.322787,-0.035708,0.361435,0.253483,-0.047182,0.358579,0.181909,-0.057053,0.342277,0.373901,-0.051828,0.372297,0.349653,-0.081948,0.353257,0.288204,-0.098129,0.336122,0.238233,-0.107996,0.327899,0.430947,-0.051554,0.387799,0.455355,-0.079387,0.366996,0.416831,-0.080957,0.349905,0.389444,-0.082975,0.322728,0.485851,-0.052903,0.387022,0.508856,-0.078447,0.364444,0.457179,-0.073532,0.344842,0.418005,-0.068904,0.321666,0.535092,-0.056217,0.372045,0.549164,-0.075598,0.353541,0.508282,-0.077012,0.332319,0.472574,-0.07706
thumbs_up,0.284271,0.41139,-0.0,0.31942,0.338554,-0.006646,0.368997,0.283513,-0.018868,0.400116,0.232676,-0.029751,0.413946,0.177334,-0.038468,0.390792,0.341179,-0.037594,0.44821,0.391088,-0.050802,0.428157,0.387943,-0.052453,0.40504,0.371862,-0.051369,0.378535,0.405505,-0.040859,0.434905,0.445209,-0.046527,0.415804,0.433475,-0.039173,0.393328,0.419731,-0.035465,0.365118,0.463704,-0.042998,0.415268,0.486989,-0.043988,0.398103,0.474093,-0.029207,0.377258,0.463919,-0.021523,0.352456,0.513386,-0.045335,0.39708,0.522606,-0.042412,0.382584,0.510538,-0.02809,0.364028,0.503981,-0.019074
thumbs_up,0.2884,0.425522,-0.0,0.33055,0.371706,-0.002981,0.389751,0.326251,-0.015294,0.425893,0.279966,-0.027804,0.442675,0.222408,-0.038309,0.401543,0.340284,-0.04062,0.454725,0.435006,-0.061057,0.433269,0.442093,-0.067115,0.414499,0.416251,-0.069266,0.382378,0.382285,-0.049446,0.43464,0.480173,-0.061793,0.411489,0.475091,-0.054958,0.392735,0.444166,-0.052299,0.362383,0.432597,-0.057566,0.41015,0.518123,-0.063909,0.38963,0.505554,-0.048862,0.372519,0.475194,-0.041532,0.343857,0.484269,-0.065932,0.387604,0.546263,-0.065239,0.372216,0.53355,-0.052358,0.355216,0.506925,-0.045378
thumbs_up,0.306461,0.456059,-0.0,0.348652,0.416626,-0.005515,0.407003,0.387378,-0.016259,0.444552,0.35221,-0.026939,0.464993,0.302817,-0.035395,0.416659,0.386532,-0.03564,0.461217,0.483225,-0.056705,0.440886,0.489277,-0.064142,0.425115,0.460572,-0.067403,0.395119,0.419904,-0.043478,0.440404,0.523574,-0.057266,0.418828,0.517189,-0.052846,0.404087,0.486015,-0.051641,0.372351,0.463401,-0.051432,0.415891,0.556282,-0.061505,0.396943,0.541977,-0.050157,0.383184,0.51123,-0.04437,0.35135,0.508996,-0.059739,0.392259,0.578796,-0.063083,0.378127,0.563113,-0.053661,0.362353,0.533836,-0.048374
thumbs_up,0.338079,0.49283,-0.0,0.376378,0.445393,-0.006536,0.430521,0.406774,-0.018678,0.460979,0.367645,-0.030186,0.476834,0.317902,-0.039343,0.431511,0.432169,-0.040112,0.483251,0.512034,-0.061883,0.466049,0.509507,-0.069624,0.446889,0.482719,-0.071718,0.411034,0.474541,-0.046321,0.46454,0.558296,-0.061866,0.44522,0.5437,-0.057053,0.425194,0.513488,-0.053855,0.392106,0.521707,-0.05226,0.44296,0.591389,-0.06074,0.425181,0.573635,-0.046129,0.406449,0.546852,-0.037218,0.374999,0.568012,-0.058744,0.421573,0.617668,-0.059627,0.407525,0.601339,-0.046854,0.38869,0.577384,-0.038796
thumbs_up,0.375477,0.550921,-0.0,0.409261,0.498454,-0.007518,0.453321,0.458394,-0.020652,0.477765,0.415621,-0.031791,0.487048,0.365933,-0.040824,0.451372,0.504762,-0.046968,0.510718,0.554761,-0.063513,0.494395,0.542271,-0.065242,0.473361,0.522762,-0.062924,0.43656,0.557673,-0.049127,0.497351,0.601706,-0.059634,0.483372,0.582353,-0.051719,0.461735,0.56429,-0.046319,0.425338,0.605095,-0.049978,0.481292,0.635923,-0.053435,0.468255,0.616759,-0.03799,0.447748,0.602793,-0.02896,0.417127,0.646036,-0.051225,0.464354,0.664333,-0.049512,0.453518,0.648994,-0.036632,0.434801,0.639282,-0.028791
thumbs_up,0.396894,0.598692,-0.0,0.426564,0.545214,-0.009973,0.457898,0.511794,-0.023142,0.471987,0.476206,-0.033703,0.471861,0.438011,-0.042622,0.452096,0.579569,-0.049377,0.521159,0.600477,-0.059836,0.504473,0.577794,-0.055058,0.48195,0.569289,-0.048853,0.443371,0.639835,-0.047457,0.513761,0.644538,-0.058815,0.499784,0.617544,-0.051717,0.478264,0.611802,-0.0451,0.440095,0.683472,-0.043325,0.503082,0.676067,-0.048245,0.490555,0.655409,-0.037513,0.471467,0.65414,-0.030089,0.442231,0.712254,-0.039215,0.491208,0.701403,-0.041138,0.481702,0.684128,-0.032849,0.463635,0.684113,-0.026935
thumbs_up,0.398355,0.594835,-0.0,0.421326,0.52808,-0.016158,0.444168,0.479904,-0.037358,0.448428,0.440782,-0.054973,0.436572,0.402903,-0.071588,0.446559,0.562424,-0.065268,0.521636,0.540025,-0.079406,0.498419,0.522468,-0.076534,0.473046,0.527692,-0.072424,0.446634,0.627097,-0.062085,0.520961,0.589808,-0.076928,0.502034,0.568494,-0.070981,0.479151,0.571999,-0.066233,0.451533,0.672649,-0.056422,0.516583,0.627237,-0.063355,0.49876,0.611398,-0.054034,0.478462,0.619988,-0.048695,0.461526,0.701434,-0.051236,0.510225,0.661788,-0.056404,0.495045,0.64903,-0.050565,0.475965,0.658055,-0.046594
thumbs_up,0.383829,0.632482,-0.0,0.402311,0.558403,-0.01955,0.423217,0.504309,-0.042285,0.425059,0.463939,-0.060528,0.409425,0.425733,-0.077639,0.434542,0.593401,-0.071433,0.5098,0.546298,-0.084865,0.487026,0.532583,-0.080274,0.463093,0.543654,-0.075236,0.438974,0.66017,-0.066541,0.512772,0.598493,-0.081818,0.492872,0.580951,-0.075462,0.470246,0.590361,-0.070476,0.446292,0.704677,-0.058903,0.50993,0.63997,-0.066202,0.492052,0.626749,-0.057216,0.471987,0.640388,-0.052179,0.457242,0.730349,-0.051965,0.505167,0.678603,-0.058397,0.490296,0.666637,-0.053667,0.471941,0.679064,-0.050316
thumbs_up,0.325437,0.660533,-0.0,0.344545,0.582204,-0.020676,0.365274,0.527901,-0.045469,0.368121,0.489853,-0.06557,0.351939,0.45263,-0.084342,0.384823,0.62269,-0.074451,0.46127,0.560473,-0.089581,0.435376,0.542439,-0.086092,0.410087,0.556896,-0.081839,0.391704,0.688212,-0.069857,0.466943,0.615025,-0.087132,0.443024,0.592369,-0.080924,0.41857,0.603783,-0.075557,0.399863,0.731088,-0.062446,0.464083,0.65726,-0.07082,0.442732,0.640603,-0.061167,0.421327,0.657524,-0.055472,0.409811,0.75563,-0.055881,0.456448,0.695229,-0.063239,0.439772,0.682271,-0.058304,0.420142,0.697771,-0.054295
thumbs_up,0.309065,0.565219,-0.0,0.332083,0.479667,-0.008469,0.363626,0.41841,-0.022796,0.380755,0.37442,-0.035483,0.380165,0.325783,-0.046261,0.390782,0.488116,-0.042333,0.460915,0.471091,-0.05284,0.435494,0.460312,-0.051143,0.409005,0.464121,-0.047675,0.392865,0.560531,-0.043606,0.459733,0.529036,-0.053121,0.437542,0.514978,-0.048506,0.412486,0.519509,-0.044303,0.39537,0.615362,-0.04304,0.451137,0.574481,-0.045194,0.43289,0.565749,-0.036465,0.411601,0.573414,-0.031637,0.398715,0.655326,-0.042774,0.442672,0.614052,-0.043353,0.428236,0.605325,-0.035613,0.40901,0.613855,-0.030054
thumbs_up,0.303217,0.422042,-0.0,0.328115,0.333611,-0.007244,0.36783,0.263179,-0.019049,0.391185,0.205861,-0.029857,0.394905,0.148421,-0.038257,0.394984,0.318067,-0.032729,0.461464,0.321927,-0.046579,0.436251,0.325379,-0.049958,0.409883,0.325449,-0.049594,0.395508,0.388542,-0.035328,0.454951,0.384301,-0.041564,0.434068,0.378927,-0.036779,0.409838,0.378312,-0.034019,0.392823,0.44809,-0.037349,0.442514,0.43491,-0.037705,0.425832,0.429711,-0.025946,0.40426,0.430963,-0.020087,0.389235,0.496269,-0.039902,0.430428,0.477588,-0.036865,0.417083,0.47148,-0.024781,0.399169,0.475055,-0.017133
thumbs_up,0.432182,0.499221,-0.0,0.448915,0.438974,-0.006777,0.476553,0.381895,-0.018945,0.48629,0.334005,-0.029011,0.483333,0.288281,-0.036925,0.474122,0.413068,-0.047649,0.531249,0.419654,-0.062279,0.51821,0.420638,-0.06211,0.498574,0.415693,-0.059041,0.470338,0.462035,-0.049723,0.52873,0.464944,-0.060265,0.514316,0.460172,-0.051259,0.495102,0.458571,-0.04516,0.469661,0.505368,-0.05026,0.523886,0.503609,-0.054695,0.510432,0.496628,-0.039544,0.491704,0.496004,-0.030192,0.470479,0.541953,-0.051053,0.516146,0.537347,-0.04924,0.506155,0.529703,-0.036909,0.488472,0.528859,-0.02939
thumbs_up,0.613204,0.574729,-0.0,0.580351,0.493498,-0.006015,0.543613,0.435539,-0.017651,0.511327,0.386884,-0.027696,0.490653,0.344728,-0.036207,0.514368,0.508045,-0.032468,0.460025,0.500706,-0.043185,0.481334,0.49164,-0.046112,0.504308,0.494716,-0.045812,0.515841,0.575175,-0.033071,0.464713,0.557174,-0.035254,0.48346,0.54249,-0.030489,0.503768,0.545097,-0.028987,0.521748,0.629626,-0.032298,0.477101,0.603501,-0.030241,0.493293,0.590133,-0.019054,0.511987,0.593901,-0.014224,0.529131,0.672169,-0.031832,0.492688,0.644725,-0.028297,0.506667,0.630696,-0.016896,0.522306,0.633894,-0.009374
thumbs_up,0.611246,0.580631,-0.0,0.582734,0.504561,-0.005102,0.545453,0.441621,-0.019758,0.517805,0.387653,-0.032334,0.500161,0.342536,-0.044218,0.535157,0.502865,-0.052293,0.467072,0.501956,-0.067336,0.485743,0.500141,-0.068211,0.508803,0.500279,-0.065499,0.539868,0.569928,-0.054623,0.470365,0.561191,-0.063197,0.488934,0.552863,-0.054886,0.511414,0.552193,-0.050032,0.543196,0.627245,-0.054544,0.480403,0.612337,-0.056551,0.498142,0.601693,-0.040778,0.519568,0.600936,-0.032176,0.546209,0.67231,-0.054378,0.495585,0.65364,-0.052502,0.510693,0.642455,-0.038903,0.529209,0.643634,-0.030375
thumbs_up,0.616107,0.580834,-0.0,0.58681,0.508925,-0.006783,0.547807,0.450424,-0.024044,0.521544,0.394889,-0.038502,0.506273,0.346771,-0.052439,0.547303,0.505676,-0.06461,0.474389,0.514071,-0.080667,0.490908,0.509454,-0.079101,0.514007,0.504979,-0.074782,0.554204,0.572283,-0.067171,0.477211,0.57436,-0.078621,0.495459,0.562509,-0.068284,0.519219,0.55801,-0.061887,0.557721,0.630268,-0.06683,0.488248,0.626797,-0.071311,0.505781,0.610132,-0.053968,0.528273,0.60498,-0.044103,0.560029,0.677018,-0.066384,0.505101,0.666755,-0.06752,0.519109,0.650062,-0.054522,0.538575,0.647671,-0.046342
thumbs_up,0.613403,0.565972,0.0,0.577377,0.491781,-0.008685,0.53862,0.444792,-0.022105,0.509824,0.399225,-0.032607,0.492603,0.358401,-0.041375,0.521302,0.531548,-0.045947,0.463768,0.540575,-0.057209,0.482584,0.521566,-0.056584,0.506287,0.516864,-0.053377,0.528401,0.598593,-0.045356,0.47203,0.593932,-0.050268,0.488824,0.57,-0.043041,0.509805,0.566402,-0.039686,0.536992,0.649548,-0.042894,0.487749,0.633773,-0.043894,0.501979,0.612235,-0.031446,0.520338,0.610068,-0.025288,0.545626,0.686376,-0.040684,0.504759,0.665968,-0.040884,0.517006,0.64642,-0.030312,0.532916,0.645991,-0.023161
thumbs_up,0.622918,0.535869,0.0,0.585848,0.462803,-0.011369,0.548315,0.431323,-0.020361,0.511011,0.415821,-0.024672,0.489617,0.387456,-0.024379,0.511891,0.54316,-0.030771,0.460961,0.505044,-0.031003,0.483461,0.477409,-0.022961,0.509041,0.480294,-0.016002,0.514709,0.600587,-0.023518,0.467426,0.545385,-0.020785,0.484684,0.515662,-0.012293,0.50393,0.518413,-0.007525,0.52262,0.635309,-0.014306,0.483829,0.579118,-0.007377,0.498025,0.552786,0.002773,0.516961,0.554697,0.006941,0.532687,0.655655,-0.005878,0.502645,0.60617,0.000715,0.514026,0.583677,0.008553,0.528815,0.582508,0.013604
thumbs_up,0.63243,0.540849,0.0,0.605997,0.461926,-0.040932,0.571877,0.431676,-0.058852,0.536014,0.429678,-0.065313,0.517313,0.413171,-0.066018,0.513944,0.543593,-0.055151,0.473808,0.463158,-0.055659,0.506052,0.442098,-0.048039,0.531119,0.459849,-0.042722,0.510914,0.58603,-0.031761,0.477274,0.495677,-0.034067,0.503045,0.473936,-0.029305,0.523631,0.487082,-0.026563,0.515988,0.603998,-0.00785,0.490358,0.523135,-0.006503,0.510179,0.503725,-0.001745,0.530247,0.511956,-0.000225,0.523082,0.612975,0.013446,0.50488,0.550637,0.015507,0.51941,0.533882,0.017606,0.534779,0.5375,0.018613
thumbs_up,0.638578,0.54402,0.0,0.61285,0.457406,-0.012161,0.585434,0.40968,-0.026649,0.556488,0.378033,-0.037049,0.545615,0.340999,-0.043631,0.531083,0.499059,-0.039274,0.481218,0.442476,-0.04734,0.508841,0.43022,-0.045173,0.532513,0.444404,-0.041965,0.52571,0.564237,-0.034838,0.479259,0.492976,-0.037038,0.502001,0.478521,-0.028673,0.521782,0.491079,-0.023685,0.527701,0.610893,-0.028765,0.492614,0.541819,-0.024442,0.511984,0.528118,-0.012763,0.531696,0.539584,-0.007451,0.533848,0.641349,-0.023718,0.508537,0.58223,-0.017377,0.523694,0.567233,-0.007884,0.538139,0.574558,-0.001831
thumbs_up,0.64204,0.543976,-0.0,0.611222,0.463319,0.001077,0.571137,0.387897,-0.010734,0.549609,0.317949,-0.023001,0.544149,0.253499,-0.03628,0.557483,0.416702,-0.03965,0.489486,0.432999,-0.052286,0.506429,0.449614,-0.05389,0.529209,0.444411,-0.053194,0.563263,0.478116,-0.046394,0.493679,0.490781,-0.054643,0.513876,0.501266,-0.047594,0.537444,0.494096,-0.043549,0.568279,0.539276,-0.05081,0.505821,0.544123,-0.053114,0.525098,0.548858,-0.038394,0.547682,0.542959,-0.030097,0.573257,0.59636,-0.054805,0.520571,0.592226,-0.052575,0.536984,0.590657,-0.038272,0.557989,0.587667,-0.02919
thumbs_up,0.635208,0.555921,-0.0,0.600114,0.494659,0.001534,0.557761,0.431454,-0.006608,0.534681,0.373903,-0.016154,0.52767,0.315926,-0.025661,0.555346,0.40269,-0.027802,0.494529,0.461952,-0.04717,0.514112,0.481333,-0.053848,0.533558,0.465914,-0.056868,0.569174,0.443139,-0.038117,0.505299,0.512466,-0.056017,0.526739,0.516682,-0.05334,0.54609,0.49696,-0.051982,0.582221,0.491468,-0.048164,0.521446,0.552482,-0.064795,0.542841,0.554778,-0.054137,0.562735,0.536568,-0.046357,0.59406,0.543933,-0.057664,0.541432,0.587397,-0.07089,0.558095,0.585046,-0.065222,0.578021,0.566982,-0.059616
thumbs_up,0.645608,0.573256,-0.0,0.605273,0.518644,-0.00294,0.563024,0.459135,-0.011701,0.535886,0.404846,-0.02047,0.525648,0.347769,-0.029039,0.564511,0.433055,-0.034412,0.50564,0.496831,-0.051438,0.524023,0.519117,-0.053505,0.54232,0.505666,-0.053659,0.581613,0.474491,-0.042722,0.518197,0.545342,-0.060031,0.539166,0.552889,-0.055338,0.558856,0.536764,-0.052706,0.597148,0.522976,-0.050717,0.53763,0.587369,-0.068134,0.558296,0.591802,-0.057292,0.57761,0.574417,-0.049392,0.611146,0.574492,-0.058281,0.558166,0.61985,-0.072314,0.573038,0.618168,-0.066927,0.592064,0.600845,-0.061612
thumbs_up,0.650071,0.574075,-0.0,0.607877,0.521706,-0.003034,0.564378,0.462261,-0.012602,0.538342,0.407348,-0.021852,0.528373,0.349383,-0.031364,0.569755,0.446498,-0.039674,0.511199,0.50626,-0.055213,0.527304,0.526853,-0.055223,0.545329,0.514808,-0.054029,0.588638,0.490413,-0.047681,0.524233,0.557409,-0.063917,0.543675,0.563222,-0.057591,0.564455,0.547795,-0.054051,0.605352,0.540304,-0.054758,0.544748,0.601156,-0.071412,0.564217,0.601319,-0.060201,0.584513,0.583732,-0.052241,0.61925,0.59228,-0.061156,0.565548,0.633109,-0.074574,0.57964,0.627519,-0.068605,0.599551,0.610289,-0.063124
thumbs_up,0.658117,0.568422,-0.0,0.621536,0.511402,-0.004613,0.574804,0.451401,-0.01886,0.548954,0.397689,-0.031733,0.537602,0.339724,-0.04496,0.582991,0.465294,-0.055113,0.517734,0.520594,-0.07445,0.536894,0.52555,-0.07631,0.558446,0.508946,-0.07539,0.599991,0.522193,-0.06213,0.530046,0.578678,-0.07942,0.550458,0.571917,-0.072253,0.57319,0.556079,-0.068646,0.61465,0.578389,-0.067424,0.549012,0.621684,-0.082508,0.568566,0.610652,-0.068839,0.590773,0.594138,-0.060051,0.625297,0.629932,-0.072118,0.570745,0.655621,-0.084148,0.584067,0.64272,-0.076278,0.603781,0.630154,-0.070184
thumbs_up,0.647072,0.553094,0.0,0.609994,0.48952,-0.00823,0.561305,0.430966,-0.028685,0.539387,0.373849,-0.04537,0.527804,0.316344,-0.062426,0.580619,0.47065,-0.08306,0.50776,0.517092,-0.098574,0.523325,0.51139,-0.093363,0.547504,0.496948,-0.087926,0.597363,0.536221,-0.0878,0.519697,0.578976,-0.103314,0.538632,0.561895,-0.091454,0.565396,0.546545,-0.085052,0.609469,0.595023,-0.088464,0.536641,0.629365,-0.096885,0.55336,0.605839,-0.078408,0.577763,0.588254,-0.068432,0.617274,0.644987,-0.088767,0.560895,0.660668,-0.095651,0.57028,0.640426,-0.08437,0.588897,0.629582,-0.077431
thumbs_up,0.640568,0.567438,0.0,0.601919,0.498747,-0.010601,0.552772,0.445258,-0.029568,0.530432,0.384551,-0.044736,0.520275,0.326037,-0.059996,0.577034,0.514373,-0.075103,0.502727,0.564448,-0.093473,0.515553,0.540168,-0.095034,0.537423,0.519999,-0.093756,0.593338,0.581085,-0.076887,0.513951,0.623552,-0.091546,0.527491,0.591259,-0.084136,0.552783,0.575445,-0.081182,0.60341,0.634997,-0.075526,0.530588,0.663562,-0.082979,0.542248,0.631197,-0.067749,0.564784,0.614474,-0.059514,0.608871,0.676121,-0.074363,0.550504,0.691675,-0.079202,0.558699,0.665119,-0.068253,0.578084,0.652221,-0.061742
thumbs_up,0.662297,0.583326,0.0,0.615745,0.506757,-0.007418,0.575371,0.464237,-0.020005,0.539906,0.422578,-0.030643,0.523795,0.377829,-0.038239,0.547052,0.575935,-0.029444,0.485569,0.558514,-0.040283,0.508451,0.535453,-0.042727,0.533927,0.535448,-0.042141,0.552327,0.64783,-0.027728,0.492323,0.612827,-0.029857,0.511962,0.587731,-0.024108,0.535484,0.590265,-0.021149,0.56021,0.699028,-0.024843,0.511273,0.657075,-0.019342,0.52805,0.633589,-0.00855,0.550261,0.636263,-0.004047,0.569153,0.7331,-0.022872,0.532332,0.694972,-0.014982,0.545576,0.67395,-0.004505,0.563112,0.676002,0.00216
thumbs_up,0.634665,0.537436,0.0,0.605299,0.493795,-0.014551,0.570337,0.473285,-0.03085,0.543301,0.472546,-0.04326,0.518591,0.47918,-0.057304,0.583697,0.459899,-0.05924,0.554654,0.428083,-0.083738,0.53525,0.406797,-0.098525,0.520116,0.382909,-0.108711,0.596446,0.4873,-0.062465,0.566862,0.456975,-0.08909,0.542476,0.437736,-0.103008,0.523156,0.41469,-0.113822,0.607848,0.527339,-0.063495,0.573804,0.544414,-0.085882,0.549677,0.558036,-0.091553,0.5326,0.560077,-0.095237,0.614681,0.571619,-0.064252,0.586868,0.603669,-0.083171,0.569075,0.612556,-0.087554,0.553996,0.612288,-0.090123
thumbs_up,0.667576,0.588467,-0.0,0.624003,0.502367,-0.002767,0.583341,0.448689,-0.012855,0.549298,0.396979,-0.022413,0.536076,0.344727,-0.029749,0.540694,0.554742,-0.019041,0.491996,0.528645,-0.024049,0.514741,0.512081,-0.025174,0.538297,0.515947,-0.025308,0.54217,0.625326,-0.019467,0.497884,0.578914,-0.016447,0.516798,0.5583,-0.012222,0.537433,0.564626,-0.01172,0.549208,0.678145,-0.018294,0.512193,0.627665,-0.009013,0.528615,0.609114,-0.000672,0.549508,0.615186,0.001144,0.558306,0.716398,-0.017744,0.529774,0.672306,-0.007294,0.542224,0.654535,0.002571,0.558563,0.658754,0.00844
thumbs_up,0.627086,0.5538,0.0,0.61829,0.495464,-0.015753,0.581919,0.439353,-0.027785,0.550278,0.398728,-0.036013,0.536695,0.354381,-0.045602,0.586502,0.470781,-0.043147,0.556642,0.431113,-0.060545,0.541395,0.388332,-0.069846,0.531997,0.352215,-0.075481,0.577682,0.516838,-0.040835,0.545471,0.509084,-0.053295,0.530357,0.504789,-0.054541,0.520733,0.499751,-0.056053,0.571955,0.565638,-0.03849,0.539823,0.559077,-0.048027,0.531084,0.552043,-0.042636,0.528095,0.543995,-0.038991,0.568725,0.610389,-0.036927,0.539089,0.604389,-0.044708,0.530081,0.595057,-0.041798,0.526038,0.585449,-0.038898
thumbs_up,0.687169,0.560322,-0.0,0.652341,0.459865,-0.002245,0.617007,0.397926,-0.009999,0.583236,0.34094,-0.0178,0.572996,0.282662,-0.023671,0.554847,0.481297,-0.008252,0.521962,0.447563,-0.009685,0.547158,0.439986,-0.01198,0.569931,0.448314,-0.013533,0.552693,0.550524,-0.008812,0.527935,0.498159,-0.001918,0.54808,0.484033,-0.000331,0.565816,0.493842,-0.002437,0.560562,0.603979,-0.008201,0.540686,0.550696,0.002834,0.556732,0.536892,0.00832,0.575224,0.545105,0.00791,0.571097,0.645178,-0.008322,0.553469,0.601437,0.003032,0.566821,0.58623,0.01244,0.582594,0.58949,0.017959
thumbs_up,0.714956,0.491091,-0.0,0.692143,0.3861,-0.00209,0.661209,0.311709,-0.007482,0.632393,0.249389,-0.013447,0.629728,0.197586,-0.018961,0.587878,0.371585,-0.004045,0.583659,0.339749,-0.005168,0.609033,0.347783,-0.011506,0.623489,0.363024,-0.01739,0.58163,0.436444,-0.005577,0.588361,0.398842,0.000978,0.611179,0.401004,-0.001041,0.623926,0.416139,-0.006173,0.587475,0.491086,-0.006103,0.593709,0.454493,0.002457,0.611891,0.451364,0.00439,0.62655,0.464162,0.001915,0.597219,0.537051,-0.007373,0.598923,0.508399,0.001369,0.614662,0.502538,0.008816,0.627711,0.509365,0.013225
thumbs_up,0.726641,0.45985,-0.0,0.708025,0.358229,-0.00427,0.678831,0.28134,-0.010461,0.652748,0.218881,-0.016577,0.652476,0.16622,-0.022438,0.606599,0.339293,-0.008221,0.611944,0.313219,-0.008133,0.633582,0.320346,-0.012114,0.646352,0.334766,-0.016603,0.600424,0.401195,-0.008624,0.61604,0.371289,-0.00217,0.636515,0.371554,-0.003744,0.64722,0.385589,-0.008917,0.606073,0.453726,-0.007897,0.619759,0.425646,-0.000879,0.636131,0.419494,-0.000825,0.648498,0.42994,-0.004753,0.615972,0.500123,-0.007873,0.624574,0.475332,-0.002516,0.639947,0.46659,0.001704,0.651673,0.471105,0.00388
thumbs_up,0.754607,0.455948,-0.0,0.740535,0.357243,-0.002877,0.715801,0.28089,-0.007852,0.695587,0.219325,-0.013355,0.69587,0.169151,-0.019531,0.652329,0.332344,-0.008114,0.668157,0.314264,-0.009013,0.688113,0.325204,-0.014489,0.698012,0.340316,-0.02037,0.646352,0.38991,-0.010167,0.664501,0.371629,-0.005592,0.681227,0.376273,-0.0087,0.690373,0.389826,-0.015079,0.650401,0.439208,-0.010962,0.666808,0.420498,-0.006277,0.681711,0.419423,-0.006496,0.692165,0.430252,-0.010305,0.658491,0.482439,-0.012352,0.669382,0.464749,-0.008476,0.683166,0.461023,-0.004096,0.692803,0.467216,-0.001976
thumbs_up,0.797017,0.512711,-0.0,0.79059,0.415325,-0.003194,0.76947,0.336185,-0.007506,0.753235,0.27412,-0.01245,0.754066,0.226232,-0.017877,0.707032,0.374115,-0.004888,0.724212,0.351921,-0.007257,0.742944,0.367667,-0.014556,0.750726,0.386589,-0.021712,0.699502,0.43,-0.00728,0.718966,0.404935,-0.003728,0.734544,0.4128,-0.007422,0.741473,0.430261,-0.014276,0.701764,0.47986,-0.009094,0.717489,0.456881,-0.005726,0.731514,0.458172,-0.005304,0.739614,0.47132,-0.008572,0.707946,0.525303,-0.01158,0.718668,0.503226,-0.008535,0.731568,0.500676,-0.003811,0.738614,0.508907,-0.001621
thumbs_up,0.826829,0.532001,-0.0,0.820852,0.439036,-0.002208,0.802891,0.365185,-0.006052,0.786553,0.308778,-0.010236,0.790642,0.26391,-0.01463,0.739428,0.392837,-0.005272,0.754382,0.373841,-0.005693,0.771995,0.388828,-0.010228,0.780647,0.407408,-0.01516,0.729526,0.444178,-0.006848,0.747398,0.424552,-0.00251,0.762735,0.43432,-0.004979,0.769969,0.452098,-0.010146,0.729735,0.4902,-0.007388,0.744229,0.470538,-0.002912,0.757594,0.474376,-0.002548,0.765481,0.489022,-0.005455,0.734101,0.532248,-0.008413,0.744185,0.514335,-0.0052,0.757292,0.513814,-0.0012,0.764995,0.522241,0.001077
thumbs_up,0.829185,0.537867,-0.0,0.823794,0.446957,-0.004152,0.805745,0.371616,-0.010418,0.789732,0.314104,-0.016677,0.79512,0.265521,-0.023076,0.739914,0.406187,-0.009896,0.750871,0.385771,-0.012699,0.769089,0.400326,-0.017976,0.778496,0.418963,-0.022918,0.728294,0.458574,-0.010873,0.745553,0.441475,-0.008318,0.762492,0.449773,-0.010293,0.77108,0.465405,-0.014843,0.726808,0.507432,-0.011069,0.744322,0.490622,-0.007647,0.759001,0.492448,-0.006986,0.768444,0.503856,-0.009448,0.729531,0.552011,-0.011919,0.743571,0.536153,-0.00891,0.7586,0.534895,-0.005493,0.767606,0.541601,-0.003533
thumbs_up,0.804332,0.597347,0.0,0.788269,0.502757,-0.003461,0.762447,0.42504,-0.012258,0.746079,0.356735,-0.020921,0.754381,0.306784,-0.028749,0.71338,0.474061,-0.013036,0.677132,0.452819,-0.0187,0.696066,0.458144,-0.023304,0.715149,0.469375,-0.025429,0.704083,0.53368,-0.014376,0.672548,0.505858,-0.013081,0.68954,0.506952,-0.011504,0.70603,0.517257,-0.011878,0.700318,0.587464,-0.015082,0.674126,0.555096,-0.00973,0.688701,0.553483,-0.003729,0.704544,0.562085,-0.001831,0.700261,0.631683,-0.016369,0.678267,0.600107,-0.008928,0.691941,0.597415,0.000329,0.705743,0.604218,0.006454
thumbs_up,0.778017,0.61342,0.0,0.757727,0.520651,-0.004654,0.732732,0.44695,-0.017145,0.719789,0.378682,-0.028735,0.727299,0.328298,-0.039259,0.701861,0.508275,-0.031189,0.646992,0.477599,-0.043241,0.665391,0.480382,-0.047274,0.687248,0.493975,-0.047212,0.692667,0.571042,-0.032732,0.641568,0.529664,-0.036329,0.65966,0.527386,-0.031579,0.679077,0.538389,-0.029343,0.68662,0.623324,-0.033109,0.642214,0.576601,-0.030683,0.658313,0.573388,-0.020021,0.675967,0.584057,-0.014874,0.682548,0.663263,-0.033955,0.646812,0.622846,-0.028637,0.660463,0.618074,-0.017615,0.674918,0.626762,-0.010619
thumbs_up,0.721118,0.611827,0.0,0.699218,0.527491,-0.005228,0.671827,0.457291,-0.020247,0.65753,0.39333,-0.034081,0.660306,0.334893,-0.047245,0.657863,0.521944,-0.04747,0.588786,0.502758,-0.062848,0.607065,0.500411,-0.064467,0.631376,0.508556,-0.061997,0.654955,0.587746,-0.050164,0.585267,0.558612,-0.058237,0.604009,0.552269,-0.051028,0.627508,0.559402,-0.046738,0.651653,0.64401,-0.050826,0.589372,0.610004,-0.051621,0.606788,0.602502,-0.036651,0.627916,0.608923,-0.028535,0.648342,0.688252,-0.051739,0.599582,0.655527,-0.049273,0.613419,0.646586,-0.036107,0.631025,0.654069,-0.027866
thumbs_up,0.672078,0.620365,0.0,0.64949,0.54284,-0.007325,0.619598,0.472503,-0.025207,0.608347,0.407483,-0.040854,0.610513,0.344503,-0.055942,0.626472,0.537405,-0.063008,0.54976,0.530884,-0.081193,0.567393,0.526983,-0.081856,0.594398,0.530919,-0.078125,0.628848,0.607901,-0.065151,0.547254,0.590896,-0.077077,0.56583,0.580941,-0.067979,0.592822,0.584382,-0.062305,0.626441,0.666619,-0.064659,0.55377,0.644478,-0.067306,0.570723,0.633175,-0.049904,0.594438,0.635105,-0.040053,0.621464,0.713229,-0.064491,0.565176,0.691131,-0.062057,0.577592,0.680969,-0.047755,0.597698,0.685902,-0.039363
thumbs_up,0.593148,0.634999,0.0,0.57519,0.561833,-0.013721,0.561747,0.497933,-0.047096,0.566634,0.438897,-0.075449,0.577583,0.374654,-0.104991,0.595641,0.572897,-0.113942,0.526918,0.583978,-0.136073,0.54051,0.56412,-0.132371,0.563431,0.556473,-0.127441,0.601608,0.647194,-0.119021,0.529433,0.63836,-0.134867,0.541895,0.619069,-0.114917,0.56248,0.619105,-0.105826,0.598373,0.708874,-0.11929,0.530761,0.688982,-0.126207,0.542804,0.671103,-0.096131,0.565944,0.672062,-0.080959,0.589867,0.757749,-0.120407,0.541714,0.73712,-0.126312,0.549516,0.717094,-0.109495,0.56575,0.718334,-0.100392
thumbs_up,0.559929,0.656134,-0.0,0.544165,0.57152,-0.045521,0.543556,0.487092,-0.076099,0.550065,0.423886,-0.095973,0.568237,0.36186,-0.111584,0.595272,0.575635,-0.098083,0.525198,0.575285,-0.125023,0.525171,0.561448,-0.131155,0.548103,0.554585,-0.136281,0.602545,0.65852,-0.086406,0.515131,0.644709,-0.110414,0.526521,0.618485,-0.10479,0.555614,0.60926,-0.103311,0.595908,0.722831,-0.075018,0.515647,0.700038,-0.099495,0.525481,0.672553,-0.084178,0.549396,0.66495,-0.073378,0.584839,0.766543,-0.067931,0.526591,0.749653,-0.095471,0.529127,0.729242,-0.095972,0.546732,0.719993,-0.093144
thumbs_up,0.549357,0.658986,-0.0,0.527654,0.579896,-0.04755,0.535712,0.477834,-0.073413,0.548474,0.414282,-0.08795,0.567024,0.357409,-0.097175,0.593618,0.569217,-0.091006,0.529997,0.569278,-0.120334,0.531098,0.56469,-0.130804,0.550714,0.5598,-0.137762,0.609308,0.654725,-0.075543,0.516031,0.644747,-0.096899,0.531884,0.625144,-0.089072,0.557636,0.613256,-0.084694,0.603749,0.718539,-0.062069,0.51687,0.705105,-0.088031,0.528443,0.678979,-0.068791,0.54989,0.66754,-0.052102,0.59254,0.766317,-0.053076,0.530613,0.752391,-0.086078,0.533707,0.733026,-0.08703,0.549386,0.722284,-0.080826
thumbs_up,0.571653,0.618678,-0.0,0.55844,0.529779,-0.052388,0.559731,0.450193,-0.099029,0.574722,0.399696,-0.135167,0.597633,0.33216,-0.166683,0.63361,0.535228,-0.142245,0.579544,0.537903,-0.187124,0.555572,0.542096,-0.191575,0.563989,0.538628,-0.193506,0.638187,0.617749,-0.136069,0.572139,0.614333,-0.181489,0.540524,0.590127,-0.169162,0.556727,0.581882,-0.160397,0.631651,0.690679,-0.130244,0.561276,0.679237,-0.168248,0.537036,0.64497,-0.142609,0.548175,0.632522,-0.126633,0.619539,0.745325,-0.129585,0.558704,0.730505,-0.167143,0.537193,0.697921,-0.167922,0.545307,0.679953,-0.166737
thumbs_up,0.566496,0.567078,-1e-06,0.556297,0.47614,-0.051937,0.582137,0.385837,-0.082679,0.609812,0.320282,-0.105005,0.637033,0.246041,-0.122105,0.669847,0.464571,-0.083753,0.621005,0.461852,-0.122931,0.590834,0.463738,-0.135995,0.595717,0.459055,-0.144061,0.680168,0.5428,-0.077471,0.618153,0.537537,-0.120554,0.582966,0.520896,-0.126352,0.591823,0.516267,-0.128537,0.672595,0.616551,-0.075121,0.613084,0.614098,-0.118916,0.580612,0.588186,-0.112407,0.588738,0.577405,-0.105079,0.65598,0.67981,-0.077435,0.608255,0.678813,-0.114836,0.580116,0.650065,-0.118926,0.584453,0.631176,-0.118151
thumbs_up,0.588393,0.578708,-1e-06,0.589219,0.488812,-0.048636,0.627235,0.400774,-0.074642,0.658407,0.339816,-0.095152,0.687598,0.277182,-0.109635,0.728774,0.489094,-0.048001,0.690206,0.475232,-0.09025,0.65117,0.478653,-0.1117,0.650634,0.485699,-0.123741,0.73578,0.571513,-0.043594,0.684112,0.556829,-0.085935,0.639985,0.541857,-0.095693,0.64635,0.542268,-0.097851,0.722117,0.645507,-0.04624,0.673469,0.630369,-0.089137,0.635996,0.606329,-0.084173,0.644784,0.602051,-0.075314,0.700255,0.707813,-0.053879,0.659228,0.699057,-0.084504,0.63025,0.668124,-0.085109,0.634584,0.653353,-0.08102
thumbs_up,0.596214,0.593783,-1e-06,0.602899,0.501989,-0.04084,0.646927,0.412963,-0.060867,0.679129,0.348351,-0.075827,0.709024,0.290243,-0.08435,0.732272,0.490371,-0.037681,0.700841,0.485306,-0.067973,0.664067,0.493397,-0.080231,0.668722,0.494561,-0.087825,0.743014,0.570234,-0.032941,0.702492,0.56549,-0.064281,0.661432,0.555751,-0.068819,0.673023,0.54925,-0.06942,0.733917,0.644374,-0.033635,0.695446,0.637759,-0.065563,0.658894,0.620475,-0.057691,0.671127,0.612688,-0.04956,0.716577,0.708915,-0.038621,0.683107,0.70664,-0.058917,0.655461,0.680855,-0.056172,0.66278,0.66671,-0.052193
thumbs_up,0.604089,0.635919,-1e-06,0.615662,0.544828,-0.03859,0.665768,0.463218,-0.055728,0.703778,0.398888,-0.068258,0.730808,0.338387,-0.07463,0.739511,0.532513,-0.029339,0.732273,0.54139,-0.05479,0.690099,0.547904,-0.063521,0.68896,0.544615,-0.069193,0.747817,0.611045,-0.024723,0.733271,0.620031,-0.054188,0.684332,0.608153,-0.05836,0.693478,0.594646,-0.057483,0.738348,0.684093,-0.025328,0.724031,0.694111,-0.057805,0.681214,0.673692,-0.04944,0.690331,0.657116,-0.039213,0.722399,0.747691,-0.029336,0.709055,0.758721,-0.049937,0.677868,0.735423,-0.044632,0.681585,0.716527,-0.03784
thumbs_up,0.592761,0.657747,-1e-06,0.609964,0.575185,-0.037218,0.664511,0.500486,-0.053854,0.707263,0.438416,-0.067028,0.737497,0.381179,-0.074262,0.728639,0.571266,-0.022708,0.740989,0.586894,-0.051901,0.694381,0.587733,-0.063104,0.684825,0.583291,-0.068535,0.730829,0.64878,-0.01811,0.741529,0.662419,-0.051255,0.688985,0.645688,-0.056454,0.689904,0.630466,-0.054151,0.72173,0.718864,-0.019551,0.728998,0.730991,-0.053913,0.683729,0.708437,-0.044976,0.687387,0.692445,-0.032434,0.708502,0.779305,-0.023997,0.714864,0.78925,-0.041753,0.681683,0.765101,-0.032987,0.680139,0.749481,-0.023274
thumbs_up,0.602018,0.65386,-0.0,0.619347,0.565268,-0.03459,0.674218,0.490896,-0.050141,0.719989,0.434493,-0.063632,0.748424,0.377851,-0.070678,0.738764,0.567121,-0.013349,0.763806,0.577279,-0.045826,0.712751,0.577442,-0.058811,0.695249,0.576355,-0.063367,0.738739,0.640732,-0.010554,0.765662,0.65524,-0.047112,0.707173,0.634965,-0.052208,0.701335,0.620999,-0.046937,0.729383,0.70792,-0.014982,0.749312,0.725448,-0.052175,0.699297,0.697993,-0.042056,0.697407,0.680923,-0.026165,0.715754,0.769344,-0.022326,0.73478,0.783114,-0.041128,0.698517,0.756812,-0.030829,0.692772,0.740778,-0.018509
thumbs_up,0.632078,0.61149,-0.0,0.653114,0.533092,-0.033383,0.710317,0.459417,-0.046547,0.754156,0.399103,-0.057425,0.779135,0.34367,-0.061418,0.77121,0.528156,-0.008306,0.795491,0.536517,-0.038109,0.746752,0.535708,-0.049235,0.732866,0.536273,-0.052841,0.769579,0.59988,-0.004567,0.793812,0.613244,-0.038856,0.73529,0.592083,-0.042509,0.734559,0.581987,-0.035985,0.758844,0.665185,-0.008187,0.774632,0.682712,-0.043698,0.726724,0.652933,-0.034448,0.729927,0.639191,-0.019024,0.745072,0.723212,-0.014575,0.756912,0.735246,-0.032449,0.724063,0.708871,-0.023619,0.722918,0.696493,-0.012204
thumbs_up,0.639706,0.58452,-1e-06,0.667062,0.510303,-0.032989,0.728507,0.445319,-0.045438,0.772478,0.388908,-0.055834,0.799551,0.332889,-0.059662,0.789741,0.533472,-0.004429,0.799582,0.545438,-0.032457,0.753522,0.52957,-0.045032,0.745004,0.525083,-0.051057,0.783712,0.604884,-0.001422,0.788744,0.617988,-0.033065,0.736863,0.582992,-0.03841,0.740926,0.574842,-0.035216,0.765993,0.666744,-0.00584,0.769667,0.678343,-0.039465,0.727229,0.640464,-0.03173,0.732382,0.63079,-0.018972,0.745582,0.720436,-0.013318,0.750735,0.730506,-0.031163,0.721017,0.693294,-0.023959,0.720932,0.678418,-0.014513
thumbs_up,0.640801,0.552212,-1e-06,0.673627,0.480448,-0.037615,0.739757,0.434234,-0.052614,0.78828,0.393556,-0.06381,0.822968,0.342918,-0.068432,0.800479,0.54807,-0.015464,0.783239,0.561108,-0.044133,0.744879,0.531243,-0.058113,0.746527,0.523145,-0.066677,0.791922,0.62369,-0.011218,0.763288,0.631721,-0.041631,0.723001,0.581904,-0.047898,0.73664,0.573399,-0.047355,0.767813,0.681829,-0.013786,0.739662,0.681801,-0.046049,0.708316,0.633375,-0.039907,0.723638,0.625723,-0.030454,0.74036,0.724974,-0.020188,0.717472,0.721366,-0.039791,0.695689,0.679668,-0.036049,0.705521,0.668358,-0.029749
thumbs_up,0.636566,0.548212,-1e-06,0.673247,0.480267,-0.03572,0.736731,0.437219,-0.052096,0.786098,0.39767,-0.064647,0.821736,0.348741,-0.071124,0.792698,0.550757,-0.019546,0.776962,0.571526,-0.045583,0.740988,0.539313,-0.057382,0.74342,0.527693,-0.06496,0.783099,0.623536,-0.015437,0.758099,0.639302,-0.043053,0.718707,0.588333,-0.047896,0.731228,0.575755,-0.047427,0.758994,0.679742,-0.016997,0.735254,0.688787,-0.047565,0.703516,0.639424,-0.040902,0.716551,0.627941,-0.031631,0.731254,0.721875,-0.021799,0.714136,0.725978,-0.039659,0.69166,0.682882,-0.034301,0.698699,0.667226,-0.027308
thumbs_up,0.641525,0.54926,-1e-06,0.68264,0.495157,-0.037685,0.751739,0.469947,-0.052559,0.806636,0.444847,-0.063676,0.844925,0.40775,-0.068206,0.797349,0.602077,-0.012762,0.787442,0.628997,-0.038808,0.752504,0.581006,-0.050119,0.753131,0.565349,-0.056397,0.778285,0.668641,-0.006903,0.759848,0.684336,-0.035358,0.723977,0.61825,-0.040496,0.735647,0.607591,-0.038982,0.748156,0.715236,-0.007806,0.732448,0.723757,-0.040153,0.704044,0.661008,-0.034024,0.715097,0.64998,-0.023469,0.716915,0.748739,-0.011972,0.707691,0.751894,-0.030541,0.688148,0.699771,-0.025126,0.694025,0.684239,-0.017229
thumbs_up,0.655355,0.546459,-1e-06,0.698403,0.50107,-0.033968,0.766816,0.488713,-0.048474,0.821844,0.474934,-0.060424,0.86206,0.444588,-0.066595,0.801714,0.623591,-0.01019,0.796032,0.653231,-0.037869,0.76484,0.602083,-0.051297,0.760954,0.584664,-0.058385,0.778424,0.683188,-0.006519,0.764544,0.705112,-0.035747,0.734319,0.631325,-0.041481,0.743065,0.616867,-0.040163,0.746283,0.72197,-0.009555,0.734445,0.737169,-0.041621,0.710397,0.668503,-0.035252,0.719221,0.656107,-0.024541,0.713477,0.74817,-0.01562,0.707176,0.75732,-0.033594,0.690664,0.701382,-0.027343,0.695443,0.685132,-0.018947
thumbs_up,0.665667,0.554824,-0.0,0.710315,0.511565,-0.037651,0.776441,0.502711,-0.054365,0.830966,0.492867,-0.06725,0.872161,0.465454,-0.073979,0.812853,0.629772,-0.016652,0.801238,0.669009,-0.04487,0.76968,0.618588,-0.057963,0.768071,0.595846,-0.064831,0.790621,0.689112,-0.01083,0.772985,0.716912,-0.040643,0.742125,0.648488,-0.047292,0.753672,0.631516,-0.046719,0.759679,0.728243,-0.011534,0.743872,0.746729,-0.045377,0.719046,0.681836,-0.041339,0.730619,0.665764,-0.031888,0.728116,0.754578,-0.015152,0.718106,0.765473,-0.034829,0.701505,0.711276,-0.030289,0.708772,0.690658,-0.022881
thumbs_up,0.663799,0.55652,-0.0,0.707545,0.508823,-0.03873,0.769358,0.494614,-0.058491,0.82175,0.477195,-0.073446,0.862843,0.441164,-0.082006,0.814386,0.620375,-0.027295,0.79007,0.645504,-0.054211,0.760571,0.601469,-0.064315,0.767644,0.586224,-0.070072,0.796879,0.679564,-0.021283,0.765758,0.69745,-0.051383,0.734907,0.632999,-0.055748,0.75155,0.621288,-0.05413,0.769351,0.721341,-0.020691,0.739707,0.729504,-0.053099,0.714675,0.669327,-0.046866,0.730158,0.657931,-0.037169,0.740467,0.749219,-0.023391,0.718697,0.753782,-0.042651,0.700791,0.704598,-0.038239,0.71027,0.688695,-0.03139
thumbs_up,0.66224,0.562975,-1e-06,0.69183,0.493609,-0.039953,0.745984,0.455095,-0.060738,0.792429,0.427888,-0.075555,0.830578,0.381526,-0.08343,0.802352,0.585053,-0.036829,0.755259,0.59143,-0.062314,0.731298,0.556459,-0.070545,0.747711,0.54478,-0.076541,0.795348,0.650502,-0.030678,0.736419,0.649421,-0.060933,0.710485,0.59532,-0.064973,0.731568,0.586076,-0.065022,0.775432,0.698631,-0.029129,0.719454,0.69205,-0.060469,0.698598,0.642757,-0.055801,0.718017,0.633847,-0.049446,0.749857,0.731053,-0.031518,0.706901,0.726021,-0.054621,0.690045,0.68302,-0.056636,0.703978,0.667514,-0.055272
thumbs_up,0.66535,0.555232,-1e-06,0.678429,0.483471,-0.037983,0.716547,0.424446,-0.060079,0.748835,0.376931,-0.075138,0.779557,0.325028,-0.084444,0.773923,0.532686,-0.051703,0.711346,0.53238,-0.073529,0.69768,0.506177,-0.079926,0.715911,0.501899,-0.086079,0.773542,0.603408,-0.045143,0.699834,0.591997,-0.069876,0.686856,0.552835,-0.071113,0.707455,0.550666,-0.071917,0.760198,0.659616,-0.041135,0.691755,0.638857,-0.064744,0.681318,0.600897,-0.057513,0.700718,0.596637,-0.05232,0.741582,0.700176,-0.041291,0.690135,0.681527,-0.061909,0.67903,0.6513,-0.064159,0.693785,0.6422,-0.0642
thumbs_up,0.673139,0.567208,-0.0,0.67557,0.489968,-0.037829,0.705333,0.415519,-0.058155,0.73113,0.358086,-0.070578,0.760418,0.306404,-0.077925,0.758365,0.511232,-0.055768,0.689675,0.510579,-0.075812,0.688224,0.491317,-0.083107,0.709006,0.485007,-0.089905,0.761008,0.586024,-0.047547,0.680166,0.572533,-0.064685,0.688436,0.551363,-0.063884,0.710726,0.54763,-0.065499,0.749271,0.646995,-0.041463,0.676806,0.621657,-0.060293,0.682391,0.60162,-0.050033,0.704242,0.601471,-0.042928,0.731672,0.692127,-0.039753,0.679998,0.66856,-0.061049,0.681785,0.654263,-0.062251,0.700748,0.651478,-0.060457
thumbs_up,0.701165,0.595703,-0.0,0.688985,0.509244,-0.036885,0.694473,0.418237,-0.058062,0.707731,0.353362,-0.071291,0.727757,0.288357,-0.08036,0.735163,0.473388,-0.065624,0.655551,0.456943,-0.08945,0.663285,0.46965,-0.098455,0.688278,0.479577,-0.103977,0.740191,0.540983,-0.05807,0.647899,0.525671,-0.076213,0.664812,0.530335,-0.073042,0.690948,0.536642,-0.072872,0.736036,0.602492,-0.05231,0.653103,0.58218,-0.072072,0.666565,0.582963,-0.058495,0.691103,0.586239,-0.048348,0.725903,0.657647,-0.0508,0.665917,0.638692,-0.071022,0.675367,0.63469,-0.068865,0.6972,0.636641,-0.06462
thumbs_up,0.721486,0.601777,-0.0,0.716569,0.496791,-0.015788,0.71846,0.412171,-0.025602,0.726428,0.345278,-0.033511,0.742827,0.291479,-0.040031,0.741564,0.438368,-0.02602,0.669776,0.400857,-0.044722,0.670884,0.425383,-0.054312,0.691711,0.441459,-0.059053,0.738461,0.502314,-0.027261,0.658683,0.459722,-0.044509,0.670814,0.476929,-0.047498,0.6931,0.491202,-0.050323,0.731829,0.560554,-0.030227,0.658443,0.519203,-0.048759,0.669602,0.532883,-0.044278,0.689862,0.546446,-0.039703,0.722837,0.614846,-0.034676,0.668308,0.57971,-0.048921,0.674145,0.580159,-0.047812,0.689968,0.587246,-0.044977
thumbs_up,0.750873,0.61965,-0.0,0.739605,0.513022,-0.006903,0.734537,0.410819,-0.015772,0.738287,0.335346,-0.024056,0.75449,0.282997,-0.031438,0.750074,0.413424,-0.02793,0.679856,0.3829,-0.044556,0.682703,0.42329,-0.048898,0.703639,0.439678,-0.050338,0.744346,0.471716,-0.03366,0.668961,0.437106,-0.048865,0.681644,0.468922,-0.045852,0.702351,0.484515,-0.044532,0.734724,0.526839,-0.039918,0.666409,0.489565,-0.054989,0.679783,0.515031,-0.045941,0.701112,0.527827,-0.039454,0.723544,0.578247,-0.046471,0.66987,0.539152,-0.056743,0.680473,0.555151,-0.051278,0.699611,0.570608,-0.046141
thumbs_up,0.752103,0.60684,-0.0,0.751951,0.517956,-0.000847,0.750196,0.413083,-0.009804,0.755819,0.33468,-0.019269,0.778377,0.281498,-0.029086,0.764386,0.403661,-0.033709,0.697085,0.345257,-0.052952,0.696088,0.387428,-0.05768,0.714353,0.413517,-0.058748,0.753515,0.458578,-0.042761,0.679558,0.396206,-0.059799,0.685804,0.432114,-0.054598,0.706494,0.454134,-0.051611,0.737396,0.514883,-0.051407,0.671359,0.446464,-0.069153,0.67841,0.479376,-0.056482,0.698187,0.503134,-0.046847,0.719077,0.568111,-0.059296,0.667785,0.501016,-0.073694,0.67587,0.521392,-0.06657,0.694561,0.545258,-0.059583
thumbs_up,0.77042,0.611365,-0.0,0.758689,0.518801,-0.008896,0.750059,0.411931,-0.026655,0.759274,0.339943,-0.042093,0.784886,0.286068,-0.057926,0.764263,0.438783,-0.068216,0.687432,0.386146,-0.08997,0.696994,0.422498,-0.090759,0.721283,0.445447,-0.089641,0.755982,0.507427,-0.075876,0.672446,0.444768,-0.097194,0.689232,0.47576,-0.088481,0.714628,0.500234,-0.084324,0.741905,0.572337,-0.081709,0.665577,0.505422,-0.100955,0.684283,0.533098,-0.084611,0.709872,0.558094,-0.074458,0.724791,0.629695,-0.087199,0.667195,0.572917,-0.104229,0.682872,0.586996,-0.096446,0.7051,0.607868,-0.090313
thumbs_up,0.76841,0.609921,-0.0,0.753388,0.521329,-0.016478,0.744508,0.423551,-0.042786,0.758465,0.360764,-0.064929,0.787758,0.30556,-0.088017,0.77042,0.488561,-0.094508,0.690839,0.440563,-0.12206,0.706956,0.462382,-0.125779,0.734362,0.479495,-0.126204,0.767096,0.563409,-0.100753,0.678811,0.505424,-0.124335,0.698858,0.522359,-0.114018,0.725912,0.542416,-0.110042,0.75558,0.630896,-0.104546,0.675699,0.568001,-0.125118,0.696341,0.582101,-0.105236,0.722956,0.602572,-0.093709,0.739786,0.684878,-0.10862,0.68175,0.633805,-0.126967,0.698105,0.637011,-0.116563,0.719832,0.654069,-0.109556
thumbs_up,0.771009,0.662047,-0.0,0.752475,0.560671,-0.014951,0.748306,0.461656,-0.032598,0.759308,0.392119,-0.047658,0.779371,0.332481,-0.064845,0.777577,0.548257,-0.061962,0.698914,0.52913,-0.087168,0.70616,0.533606,-0.099985,0.729141,0.532964,-0.106941,0.777438,0.627074,-0.067343,0.689077,0.596659,-0.086832,0.705591,0.590184,-0.086435,0.732569,0.596009,-0.089504,0.772037,0.691929,-0.071712,0.691373,0.658183,-0.09094,0.706685,0.652724,-0.080676,0.733854,0.656358,-0.074438,0.76228,0.743544,-0.076807,0.698816,0.712009,-0.090661,0.712483,0.705658,-0.082533,0.738599,0.711302,-0.076798
thumbs_up,0.628104,0.005832,0.0,0.637892,0.049361,0.001363,0.660567,0.080371,0.000576,0.683059,0.089558,-0.00031,0.7001,0.086275,-0.001113,0.66987,0.095446,-0.006922,0.69961,0.123761,-0.011894,0.714194,0.120018,-0.013584,0.719502,0.110626,-0.013395,0.677055,0.06939,-0.00964,0.712058,0.08247,-0.012536,0.730753,0.083446,-0.013003,0.741901,0.081375,-0.01314,0.681561,0.037231,-0.012119,0.714425,0.041861,-0.013265,0.732397,0.04717,-0.01339,0.744218,0.052556,-0.013906,0.683229,0.002901,-0.014123,0.707387,-0.000691,-0.014451,0.719816,-0.000824,-0.012972,0.727763,0.000768,-0.011666
thumbs_up,0.785875,0.676897,-0.0,0.770604,0.584794,-0.011636,0.756433,0.490786,-0.027754,0.756357,0.420153,-0.041016,0.768798,0.360343,-0.055232,0.77967,0.581135,-0.06661,0.689826,0.54892,-0.091069,0.700614,0.542834,-0.099623,0.723796,0.542521,-0.102683,0.776968,0.656212,-0.072095,0.683639,0.620625,-0.091989,0.699989,0.607281,-0.086829,0.723564,0.611783,-0.085775,0.770024,0.716543,-0.075939,0.689001,0.678736,-0.093772,0.702741,0.66713,-0.078261,0.723486,0.670943,-0.06809,0.759783,0.763555,-0.080356,0.70039,0.732878,-0.093808,0.709721,0.72076,-0.084246,0.726372,0.723176,-0.077018
thumbs_up,0.644098,0.006429,0.0,0.654848,0.045881,0.001212,0.675826,0.075067,0.000425,0.696734,0.086164,-0.000707,0.712644,0.084725,-0.002382,0.68533,0.084916,-0.005827,0.708359,0.111002,-0.010534,0.724283,0.118302,-0.013434,0.73498,0.119335,-0.014804,0.692526,0.063325,-0.009221,0.725726,0.076853,-0.011795,0.745632,0.081042,-0.013301,0.758561,0.080467,-0.014311,0.696684,0.035714,-0.012279,0.729513,0.040997,-0.014079,0.748756,0.045649,-0.015691,0.762334,0.048867,-0.017254,0.697058,0.004416,-0.014911,0.720118,-0.001771,-0.016814,0.73292,-0.004062,-0.016647,0.74216,-0.006073,-0.016181
thumbs_up,0.810115,0.689238,0.0,0.792122,0.598003,-0.006285,0.76681,0.509212,-0.02614,0.758483,0.441698,-0.04334,0.766774,0.379463,-0.060942,0.772665,0.58385,-0.074938,0.68465,0.557464,-0.096386,0.702739,0.549236,-0.099559,0.729673,0.554474,-0.098847,0.768287,0.658239,-0.081518,0.67959,0.624667,-0.09885,0.700827,0.610025,-0.090395,0.727886,0.619411,-0.087038,0.76157,0.720196,-0.084735,0.681378,0.678871,-0.095001,0.701652,0.664508,-0.075108,0.726949,0.671631,-0.063809,0.753814,0.767677,-0.087955,0.694963,0.73158,-0.095672,0.708624,0.713179,-0.082457,0.726852,0.716982,-0.073697
thumbs_up,0.655437,0.007728,0.0,0.665259,0.047589,0.001062,0.686245,0.076619,-0.000503,0.706945,0.087463,-0.002357,0.723203,0.086853,-0.005029,0.694473,0.086328,-0.009173,0.718789,0.111383,-0.015423,0.735068,0.118609,-0.0191,0.746535,0.119602,-0.021045,0.701836,0.064391,-0.01298,0.733503,0.079541,-0.017256,0.752377,0.084929,-0.019608,0.765178,0.084793,-0.02133,0.706465,0.03635,-0.016296,0.738719,0.045287,-0.01953,0.758087,0.051116,-0.02146,0.771896,0.05436,-0.023224,0.70776,0.005126,-0.019061,0.731933,0.002919,-0.022315,0.746337,0.003894,-0.022787,0.757078,0.004046,-0.022763
thumbs_up,0.837246,0.665957,0.0,0.805768,0.580447,-0.008499,0.76966,0.518708,-0.028131,0.753278,0.457349,-0.0456,0.757826,0.400978,-0.061212,0.757668,0.602475,-0.059257,0.679688,0.573236,-0.078337,0.703037,0.565607,-0.080274,0.72938,0.571335,-0.077589,0.75752,0.676773,-0.061029,0.677908,0.631733,-0.072133,0.700667,0.619334,-0.063094,0.726567,0.62816,-0.057325,0.756361,0.736311,-0.060517,0.684776,0.688152,-0.062399,0.705767,0.674711,-0.045058,0.729099,0.683586,-0.035423,0.755007,0.779262,-0.06049,0.698133,0.736168,-0.057255,0.714285,0.724072,-0.0425,0.73315,0.734732,-0.033605
thumbs_up,0.673502,0.02285,0.0,0.680791,0.06545,0.002358,0.701022,0.095674,0.002216,0.720126,0.108663,0.001549,0.735945,0.109047,0.000284,0.708461,0.104876,-0.004429,0.73361,0.130218,-0.008846,0.750253,0.134038,-0.011512,0.761399,0.129276,-0.012532,0.716699,0.083195,-0.007538,0.745748,0.10061,-0.009909,0.763312,0.103794,-0.011712,0.775141,0.100633,-0.012974,0.722969,0.056741,-0.01021,0.750803,0.069257,-0.010673,0.767688,0.074646,-0.011353,0.779362,0.075701,-0.012511,0.726504,0.029131,-0.012404,0.74783,0.030454,-0.012787,0.760426,0.033147,-0.011942,0.769325,0.034434,-0.01112
thumbs_up,0.843698,0.658364,0.0,0.806343,0.578452,-0.008308,0.767017,0.522801,-0.026923,0.745367,0.465998,-0.043864,0.747777,0.410886,-0.058994,0.754607,0.608815,-0.052177,0.680872,0.589536,-0.07164,0.70072,0.579476,-0.075884,0.726387,0.58275,-0.074776,0.758308,0.682101,-0.053804,0.68262,0.652627,-0.063218,0.70276,0.635855,-0.054644,0.727564,0.639147,-0.049452,0.760973,0.741493,-0.053832,0.692337,0.705436,-0.05461,0.710569,0.689414,-0.0387,0.733461,0.695295,-0.030271,0.762551,0.785789,-0.054493,0.705497,0.753426,-0.050152,0.720125,0.737192,-0.035906,0.739499,0.744183,-0.027382
thumbs_up,0.829807,0.653524,0.0,0.791806,0.582971,-0.010277,0.752689,0.5319,-0.031685,0.733682,0.47466,-0.050615,0.734996,0.417185,-0.067689,0.76233,0.61338,-0.06883,0.680228,0.614554,-0.091047,0.699796,0.601519,-0.092459,0.727637,0.598455,-0.088609,0.772675,0.684423,-0.070161,0.687056,0.678672,-0.083953,0.70613,0.658663,-0.072448,0.733091,0.654339,-0.064866,0.778053,0.742924,-0.06922,0.698647,0.72946,-0.072134,0.716151,0.709622,-0.052885,0.741196,0.707715,-0.042134,0.780222,0.786434,-0.068941,0.717122,0.773378,-0.064953,0.730502,0.756089,-0.049386,0.751783,0.756209,-0.040645
thumbs_up,0.822837,0.658433,0.0,0.785052,0.589464,-0.010144,0.745982,0.537508,-0.03115,0.727652,0.477908,-0.049245,0.726794,0.417156,-0.065785,0.760103,0.605944,-0.073979,0.678599,0.619915,-0.094594,0.697228,0.610032,-0.09283,0.72412,0.60231,-0.087071,0.772404,0.676778,-0.074975,0.687186,0.684208,-0.088893,0.70615,0.667175,-0.075483,0.732727,0.65873,-0.066634,0.77924,0.737349,-0.073215,0.700526,0.736686,-0.076175,0.717493,0.718244,-0.056033,0.74203,0.711798,-0.044938,0.782494,0.783994,-0.07196,0.720645,0.77888,-0.068959,0.73326,0.762681,-0.05393,0.754038,0.759979,-0.045687
thumbs_up,0.812739,0.656647,-0.0,0.778805,0.594514,-0.00702,0.738704,0.54352,-0.02879,0.720266,0.485211,-0.048214,0.716989,0.421064,-0.068023,0.762544,0.583683,-0.080743,0.680483,0.614406,-0.100578,0.699751,0.608242,-0.098916,0.72652,0.598135,-0.094535,0.778237,0.64643,-0.085482,0.691819,0.67756,-0.100949,0.711664,0.66373,-0.089211,0.738763,0.651737,-0.08259,0.786866,0.705388,-0.086456,0.706018,0.734865,-0.09203,0.724865,0.715406,-0.071907,0.751566,0.701439,-0.061075,0.791384,0.755814,-0.087436,0.728581,0.774378,-0.088392,0.740443,0.756711,-0.073434,0.763158,0.747695,-0.065153
thumbs_up,0.794397,0.646972,0.0,0.75999,0.597276,-0.013369,0.725036,0.543812,-0.036731,0.713796,0.485244,-0.056684,0.714523,0.421,-0.077711,0.770205,0.580426,-0.084036,0.697558,0.636524,-0.107052,0.712134,0.618264,-0.110213,0.736564,0.599596,-0.109648,0.791158,0.645324,-0.088571,0.70908,0.697288,-0.108587,0.726592,0.673343,-0.101691,0.752492,0.659219,-0.09936,0.801975,0.703304,-0.090078,0.724495,0.745718,-0.104597,0.739977,0.721769,-0.087462,0.765087,0.707152,-0.077575,0.80474,0.754784,-0.092069,0.74616,0.778817,-0.103524,0.756835,0.756037,-0.0923,0.77765,0.746702,-0.085357
thumbs_up,0.809105,0.620939,-0.0,0.802997,0.545436,-0.036773,0.799301,0.477285,-0.064098,0.805896,0.42957,-0.08347,0.828554,0.38368,-0.100581,0.822698,0.551419,-0.080741,0.74308,0.537516,-0.104386,0.754726,0.528321,-0.113838,0.778332,0.527061,-0.121104,0.816473,0.622688,-0.07421,0.72938,0.593842,-0.0891,0.75233,0.582534,-0.08322,0.780671,0.586068,-0.082948,0.803925,0.679814,-0.067917,0.726651,0.64036,-0.082769,0.744869,0.6291,-0.06327,0.767727,0.635289,-0.050914,0.79012,0.72227,-0.066356,0.734306,0.681825,-0.085471,0.747446,0.673589,-0.080625,0.768662,0.680392,-0.074953
thumbs_up,0.825856,0.582905,-0.0,0.82882,0.499477,-0.032423,0.825129,0.435915,-0.062555,0.832252,0.386755,-0.08503,0.858899,0.33572,-0.105921,0.837073,0.516069,-0.09179,0.763629,0.481881,-0.107014,0.773201,0.472708,-0.103492,0.793895,0.476323,-0.100727,0.825101,0.585647,-0.087936,0.747217,0.540952,-0.090754,0.76435,0.524648,-0.069528,0.787572,0.529846,-0.059838,0.811296,0.641872,-0.083281,0.73993,0.589886,-0.084753,0.757979,0.56887,-0.05417,0.781858,0.572518,-0.038114,0.797955,0.681953,-0.08345,0.741675,0.635922,-0.092974,0.75465,0.619292,-0.082354,0.774742,0.622889,-0.075023
thumbs_up,0.856926,0.56766,0.0,0.842441,0.479647,-0.014328,0.829753,0.394541,-0.046853,0.848921,0.335496,-0.07267,0.884479,0.284494,-0.09666,0.8435,0.460603,-0.124985,0.767606,0.415342,-0.142751,0.786727,0.430384,-0.123005,0.815469,0.448824,-0.105606,0.839884,0.532401,-0.126316,0.75216,0.473488,-0.143123,0.77365,0.482884,-0.112992,0.801569,0.502009,-0.09313,0.825792,0.593728,-0.121969,0.747012,0.531354,-0.125098,0.769659,0.533434,-0.092361,0.796415,0.55067,-0.074815,0.8088,0.640691,-0.117968,0.749877,0.589916,-0.117783,0.767344,0.587976,-0.099672,0.790531,0.604854,-0.090941
thumbs_up,0.860607,0.569073,-0.0,0.832821,0.464653,0.000858,0.822504,0.380263,-0.034267,0.837548,0.323423,-0.064892,0.869393,0.266428,-0.096378,0.83941,0.421909,-0.133124,0.7708,0.395052,-0.129449,0.780949,0.421637,-0.0904,0.801789,0.430766,-0.065682,0.841588,0.491683,-0.145565,0.762508,0.446843,-0.141553,0.777997,0.472873,-0.093326,0.799934,0.484063,-0.068229,0.831579,0.550561,-0.149092,0.758389,0.502838,-0.134597,0.778879,0.518085,-0.088562,0.80442,0.536772,-0.070891,0.817899,0.59931,-0.152425,0.763762,0.566641,-0.146764,0.77697,0.564433,-0.125411,0.796502,0.579773,-0.118015
thumbs_up,0.841624,0.548991,-0.0,0.812129,0.450911,0.004901,0.802402,0.376635,-0.029474,0.816494,0.331521,-0.062348,0.840514,0.273984,-0.095837,0.825489,0.397881,-0.115061,0.766666,0.387898,-0.121526,0.771027,0.426047,-0.092596,0.78977,0.434567,-0.073114,0.83068,0.461814,-0.131535,0.762956,0.445053,-0.136665,0.776302,0.483933,-0.092263,0.800017,0.492918,-0.066421,0.827591,0.521928,-0.141413,0.767943,0.505216,-0.137081,0.784495,0.535211,-0.093685,0.80881,0.548104,-0.073926,0.822197,0.568595,-0.150614,0.774436,0.559376,-0.149381,0.786481,0.565653,-0.129363,0.808207,0.57546,-0.120467
thumbs_up,0.832195,0.59272,-0.0,0.799556,0.487928,0.009711,0.789369,0.410635,-0.022659,0.789476,0.358277,-0.055356,0.799522,0.289301,-0.088277,0.819599,0.400103,-0.107234,0.758596,0.396757,-0.123502,0.759503,0.438779,-0.101395,0.776046,0.447772,-0.083906,0.826815,0.460003,-0.127187,0.760471,0.445969,-0.140232,0.767793,0.493338,-0.09565,0.78899,0.507423,-0.066047,0.827146,0.522665,-0.141753,0.766011,0.513721,-0.147485,0.775509,0.549346,-0.100973,0.797633,0.559504,-0.074674,0.825282,0.574974,-0.154752,0.778466,0.564317,-0.155983,0.78412,0.578996,-0.131062,0.803803,0.59196,-0.116206
thumbs_up,0.813127,0.619706,-0.0,0.780649,0.532008,-0.00969,0.769624,0.44396,-0.026903,0.768154,0.369256,-0.042069,0.771209,0.300797,-0.056778,0.810076,0.417421,-0.05958,0.741788,0.427786,-0.077729,0.740477,0.472238,-0.072876,0.758289,0.476333,-0.067827,0.824333,0.469748,-0.06736,0.745418,0.480218,-0.083441,0.749577,0.520443,-0.068564,0.769099,0.527209,-0.05898,0.829973,0.528809,-0.074366,0.753873,0.539054,-0.088945,0.759276,0.571316,-0.069322,0.780544,0.577054,-0.057257,0.830804,0.586927,-0.081694,0.768925,0.591683,-0.093825,0.77247,0.607775,-0.085194,0.792694,0.611429,-0.078282
thumbs_up,0.794691,0.646063,-0.0,0.760379,0.557501,-0.014884,0.744201,0.47154,-0.030492,0.737475,0.399466,-0.043051,0.73536,0.330754,-0.053255,0.788785,0.439471,-0.055401,0.718479,0.463826,-0.073044,0.717668,0.510478,-0.070021,0.735912,0.516466,-0.066719,0.807142,0.488029,-0.060898,0.725467,0.517451,-0.07834,0.729355,0.560913,-0.067877,0.748982,0.566634,-0.06104,0.816859,0.547213,-0.06628,0.742094,0.569033,-0.082616,0.746039,0.600521,-0.065781,0.765769,0.60429,-0.054784,0.822115,0.608926,-0.072768,0.766833,0.616496,-0.087079,0.765667,0.627584,-0.080656,0.780822,0.628216,-0.074297
thumbs_up,0.77516,0.662062,-0.0,0.739874,0.576712,-0.012922,0.721461,0.496289,-0.030923,0.712679,0.429294,-0.046296,0.706629,0.360972,-0.058936,0.768004,0.461234,-0.062525,0.701059,0.493076,-0.082616,0.701463,0.543836,-0.079947,0.71954,0.547369,-0.077314,0.788206,0.504657,-0.070887,0.711647,0.542933,-0.090209,0.715897,0.58861,-0.078636,0.735037,0.591178,-0.071654,0.800539,0.560938,-0.078755,0.729157,0.595357,-0.094091,0.733194,0.627786,-0.074598,0.752535,0.629131,-0.063207,0.808448,0.620438,-0.08798,0.754126,0.637759,-0.101464,0.7535,0.648022,-0.094524,0.768819,0.645898,-0.088739
thumbs_up,0.764051,0.649035,-0.0,0.725103,0.571747,-0.018168,0.703587,0.50188,-0.04421,0.692981,0.44345,-0.065811,0.687674,0.373264,-0.084919,0.750435,0.479147,-0.087164,0.684828,0.527863,-0.109163,0.685514,0.573505,-0.104982,0.703309,0.572857,-0.101881,0.771035,0.522706,-0.094172,0.696903,0.57491,-0.112892,0.702825,0.612347,-0.095948,0.721891,0.611172,-0.086898,0.783981,0.578409,-0.099895,0.715314,0.62644,-0.113284,0.719581,0.652518,-0.088176,0.737436,0.652393,-0.075182,0.793554,0.635765,-0.107599,0.739612,0.666391,-0.122113,0.741374,0.671976,-0.114623,0.757484,0.667087,-0.109562
thumbs_up,0.749185,0.648124,-0.0,0.710469,0.571288,-0.017465,0.688328,0.508503,-0.047652,0.6782,0.458062,-0.072689,0.674311,0.388443,-0.096589,0.730905,0.503723,-0.100725,0.667468,0.556258,-0.121606,0.670344,0.579493,-0.115259,0.687295,0.567714,-0.109994,0.750857,0.553719,-0.106726,0.678412,0.609986,-0.120167,0.689232,0.619732,-0.097129,0.708363,0.609141,-0.084911,0.763327,0.612355,-0.110425,0.697012,0.657933,-0.11903,0.705996,0.662396,-0.089993,0.72534,0.654835,-0.075268,0.772839,0.668332,-0.115831,0.721554,0.694265,-0.128537,0.727001,0.686731,-0.11979,0.74472,0.678006,-0.114173
thumbs_up,0.739178,0.65331,-0.0,0.697991,0.583962,-0.017937,0.674583,0.523144,-0.04456,0.664281,0.465785,-0.065871,0.662221,0.394855,-0.086845,0.716135,0.530172,-0.091699,0.646635,0.588155,-0.109294,0.647579,0.608889,-0.103543,0.666648,0.59541,-0.099008,0.73635,0.589158,-0.096007,0.65884,0.646993,-0.106541,0.668977,0.645796,-0.086618,0.689018,0.635806,-0.077806,0.748884,0.649018,-0.098088,0.677342,0.69859,-0.104855,0.687233,0.692005,-0.078728,0.707289,0.682476,-0.066627,0.757436,0.70235,-0.101976,0.70082,0.734129,-0.113722,0.708861,0.72167,-0.105389,0.728438,0.709239,-0.10044
thumbs_up,0.729585,0.666919,-0.0,0.689314,0.60068,-0.018223,0.661601,0.536916,-0.035846,0.648428,0.473547,-0.049172,0.646236,0.406958,-0.06223,0.701907,0.566133,-0.056292,0.630927,0.625982,-0.072845,0.636745,0.628741,-0.076198,0.655148,0.604801,-0.077768,0.722602,0.631157,-0.057953,0.640869,0.682605,-0.068315,0.653068,0.669178,-0.062019,0.673958,0.650336,-0.062451,0.734502,0.687501,-0.059229,0.659221,0.731961,-0.068409,0.669563,0.716859,-0.055038,0.690154,0.70173,-0.049717,0.740529,0.737957,-0.062224,0.682816,0.770739,-0.072599,0.691707,0.756422,-0.067436,0.711914,0.741827,-0.064694
thumbs_up,0.716764,0.661526,-0.0,0.679893,0.60416,-0.014181,0.651692,0.539001,-0.028463,0.640255,0.483022,-0.040007,0.638179,0.423026,-0.053364,0.69388,0.594572,-0.05073,0.620576,0.657867,-0.071096,0.619958,0.656234,-0.083626,0.635451,0.63249,-0.091091,0.712761,0.657229,-0.054348,0.629303,0.71835,-0.068229,0.630631,0.705129,-0.06911,0.649403,0.685247,-0.073845,0.724148,0.710504,-0.05702,0.64698,0.763615,-0.07026,0.647661,0.752165,-0.060987,0.66742,0.733991,-0.056896,0.729654,0.754592,-0.061012,0.670025,0.799613,-0.072343,0.672103,0.787045,-0.066105,0.692261,0.770934,-0.062227
thumbs_up,0.721391,0.688738,-0.0,0.688462,0.624021,-0.010543,0.652238,0.560301,-0.029718,0.636896,0.50188,-0.046715,0.631522,0.442395,-0.064256,0.68375,0.619052,-0.066823,0.602499,0.667674,-0.091661,0.620358,0.650489,-0.101114,0.645866,0.632397,-0.104787,0.698333,0.688593,-0.072438,0.614699,0.729402,-0.091887,0.633055,0.702063,-0.088264,0.65756,0.688564,-0.088571,0.706143,0.748213,-0.07637,0.630352,0.77207,-0.090665,0.646891,0.747917,-0.075468,0.669835,0.736068,-0.066688,0.70778,0.795303,-0.080908,0.650734,0.805951,-0.091203,0.662542,0.785558,-0.080494,0.682111,0.781447,-0.073621
thumbs_up,0.736097,0.683723,-0.0,0.698583,0.621157,-0.006512,0.657471,0.575975,-0.024912,0.637245,0.519885,-0.04193,0.634563,0.457734,-0.059028,0.673418,0.637273,-0.061873,0.595433,0.683762,-0.0825,0.61271,0.665201,-0.087104,0.639282,0.649792,-0.086794,0.688672,0.701735,-0.066557,0.605772,0.741503,-0.080567,0.62232,0.715837,-0.074048,0.648146,0.701947,-0.070894,0.698648,0.755755,-0.068807,0.623504,0.786954,-0.075523,0.638074,0.761601,-0.05925,0.661633,0.747537,-0.049784,0.704267,0.798518,-0.071359,0.644941,0.818414,-0.073609,0.655691,0.796615,-0.059827,0.676784,0.788089,-0.051225
thumbs_up,0.500505,0.337218,-0.0,0.496168,0.411487,-0.020024,0.511494,0.48468,-0.051802,0.532501,0.525536,-0.078904,0.551947,0.544931,-0.108856,0.509285,0.47642,-0.106304,0.545447,0.539041,-0.141093,0.57348,0.560512,-0.1591,0.596179,0.567362,-0.170932,0.517992,0.433414,-0.109608,0.567719,0.489466,-0.148125,0.599129,0.524762,-0.159982,0.620026,0.537414,-0.170677,0.529055,0.387366,-0.107725,0.577014,0.442107,-0.138808,0.603022,0.476007,-0.139867,0.622847,0.496884,-0.141359,0.540968,0.343729,-0.105938,0.574908,0.3849,-0.129216,0.595392,0.419232,-0.130272,0.607475,0.439673,-0.131791
thumbs_up,0.729802,0.681883,0.0,0.693237,0.619078,-0.012001,0.653293,0.579279,-0.031991,0.633897,0.526102,-0.049335,0.62937,0.464089,-0.06554,0.671836,0.65844,-0.064167,0.591435,0.688936,-0.084506,0.605489,0.668892,-0.086877,0.630368,0.655363,-0.084088,0.686105,0.724468,-0.06454,0.600707,0.750383,-0.078518,0.615442,0.722595,-0.070866,0.642307,0.709682,-0.065446,0.694754,0.777037,-0.06289,0.617572,0.79683,-0.067916,0.630989,0.768386,-0.051674,0.654373,0.756722,-0.041678,0.699262,0.815471,-0.061983,0.639334,0.827359,-0.06131,0.648519,0.804667,-0.047743,0.667738,0.796703,-0.039462
thumbs_up,0.725495,0.661665,0.0,0.682131,0.60536,-0.021109,0.64841,0.573073,-0.046246,0.63148,0.521841,-0.066245,0.631648,0.461415,-0.083749,0.659478,0.674459,-0.074298,0.581556,0.690056,-0.092364,0.58603,0.672909,-0.09046,0.603631,0.667313,-0.085489,0.673617,0.741593,-0.069262,0.589539,0.750058,-0.082532,0.597918,0.716554,-0.072219,0.621052,0.701275,-0.064882,0.682931,0.79145,-0.062342,0.603332,0.79822,-0.06507,0.610781,0.762278,-0.049619,0.631455,0.748117,-0.041022,0.688215,0.824901,-0.056905,0.627485,0.825575,-0.055066,0.630689,0.796031,-0.044117,0.645081,0.786035,-0.037978
thumbs_up,0.729975,0.652255,0.0,0.686916,0.600044,-0.019575,0.653397,0.564526,-0.044693,0.637106,0.517665,-0.065701,0.640476,0.451315,-0.083129,0.654927,0.670785,-0.067589,0.580035,0.677025,-0.087392,0.599433,0.653136,-0.086716,0.625245,0.648935,-0.083533,0.664417,0.739555,-0.065119,0.583211,0.735826,-0.080361,0.599408,0.705732,-0.07054,0.624455,0.698128,-0.063625,0.670798,0.791166,-0.061361,0.593144,0.784714,-0.065373,0.605056,0.753951,-0.051088,0.627868,0.744416,-0.043325,0.675641,0.826352,-0.059333,0.616623,0.825525,-0.05796,0.620147,0.798338,-0.048375,0.634923,0.788029,-0.043198
thumbs_up,0.699858,0.690472,0.0,0.678554,0.625315,-0.019494,0.647174,0.569555,-0.039555,0.63215,0.516173,-0.054813,0.633815,0.46521,-0.072681,0.675401,0.625273,-0.064405,0.635457,0.623092,-0.083059,0.624332,0.602,-0.092168,0.621298,0.581081,-0.097627,0.683813,0.682651,-0.062625,0.615889,0.700887,-0.077248,0.595844,0.693969,-0.0806,0.590132,0.685122,-0.084985,0.686231,0.730512,-0.05887,0.618979,0.746552,-0.07058,0.602849,0.736409,-0.067961,0.603639,0.723166,-0.066751,0.686094,0.760658,-0.055508,0.632686,0.77322,-0.065395,0.617465,0.769696,-0.062394,0.616283,0.76682,-0.060243
thumbs_up,0.737896,0.656293,0.0,0.694931,0.595311,-0.018413,0.66005,0.556695,-0.042227,0.643491,0.509886,-0.061687,0.648756,0.444563,-0.077537,0.651316,0.666397,-0.066189,0.576611,0.661323,-0.084448,0.5988,0.636857,-0.082265,0.625831,0.632993,-0.078062,0.658559,0.73753,-0.063475,0.578464,0.717722,-0.076619,0.598918,0.687711,-0.064823,0.624625,0.684241,-0.056634,0.664526,0.789785,-0.059366,0.588798,0.765864,-0.061533,0.605398,0.737061,-0.046022,0.629104,0.732155,-0.037779,0.669726,0.824223,-0.056872,0.613311,0.813047,-0.054668,0.618912,0.786511,-0.04495,0.632682,0.778086,-0.039599
thumbs_up,0.745869,0.663689,0.0,0.704644,0.598712,-0.013972,0.668651,0.554813,-0.035541,0.649067,0.505794,-0.053932,0.654612,0.441991,-0.069415,0.650926,0.659308,-0.056468,0.57872,0.642687,-0.07483,0.600168,0.62582,-0.076434,0.626002,0.626062,-0.074956,0.654461,0.731403,-0.055195,0.581416,0.69465,-0.065522,0.601424,0.670788,-0.055625,0.625422,0.6735,-0.049499,0.658729,0.78458,-0.052601,0.590142,0.746511,-0.052701,0.606243,0.721722,-0.038192,0.628613,0.720731,-0.030989,0.662399,0.820935,-0.05135,0.610443,0.798666,-0.047389,0.615945,0.773233,-0.037119,0.6285,0.766824,-0.031281
thumbs_up,0.747747,0.667836,0.0,0.708738,0.595485,-0.009147,0.671448,0.54627,-0.026847,0.651271,0.494103,-0.042307,0.658537,0.430502,-0.055247,0.648747,0.645993,-0.04784,0.580422,0.630565,-0.063534,0.601549,0.617727,-0.064459,0.626484,0.61878,-0.062373,0.651201,0.718474,-0.047963,0.581157,0.683028,-0.055938,0.600861,0.662609,-0.04674,0.62387,0.665737,-0.041084,0.654296,0.773939,-0.046509,0.586661,0.735687,-0.046181,0.602787,0.712846,-0.032835,0.625578,0.713279,-0.025721,0.656721,0.813607,-0.045805,0.600973,0.794164,-0.042511,0.603721,0.767557,-0.03291,0.614221,0.758947,-0.026915
thumbs_up,0.749378,0.669902,0.0,0.708816,0.591868,-0.006841,0.672207,0.541068,-0.023436,0.652217,0.48767,-0.038581,0.660375,0.431613,-0.051343,0.644577,0.637842,-0.040629,0.580243,0.617265,-0.055545,0.603754,0.607971,-0.058455,0.629317,0.611428,-0.058105,0.644766,0.711174,-0.042136,0.581828,0.671278,-0.04808,0.603979,0.654606,-0.040485,0.626084,0.660228,-0.036805,0.647773,0.768368,-0.042222,0.586585,0.724446,-0.04031,0.605959,0.706238,-0.027347,0.629278,0.71119,-0.021251,0.651144,0.810147,-0.043052,0.599151,0.782636,-0.037458,0.608977,0.760094,-0.025847,0.623944,0.757918,-0.018999
thumbs_up,0.755105,0.671462,0.0,0.714705,0.589233,-0.004789,0.678499,0.536183,-0.019819,0.658214,0.479514,-0.03389,0.667957,0.425538,-0.045736,0.645285,0.628421,-0.034954,0.583736,0.601134,-0.048343,0.607842,0.591244,-0.051587,0.63411,0.596768,-0.051548,0.643177,0.701777,-0.036537,0.586394,0.654446,-0.039412,0.60842,0.638193,-0.031984,0.629815,0.645985,-0.028954,0.645645,0.758648,-0.036667,0.59286,0.705734,-0.03202,0.613201,0.689886,-0.019326,0.636127,0.697918,-0.013996,0.649588,0.799705,-0.037544,0.606261,0.760965,-0.029552,0.619149,0.740483,-0.017398,0.634974,0.740692,-0.010331
thumbs_up,0.760989,0.668424,0.0,0.72328,0.582257,-0.004502,0.688828,0.52674,-0.018349,0.669535,0.468166,-0.030877,0.679716,0.415514,-0.040825,0.649633,0.61369,-0.03398,0.591695,0.581786,-0.04439,0.616552,0.572103,-0.044582,0.643124,0.579741,-0.042585,0.645078,0.6853,-0.034605,0.593058,0.631537,-0.03559,0.61527,0.615922,-0.027575,0.635728,0.624844,-0.024083,0.645484,0.740755,-0.033467,0.599974,0.679846,-0.027557,0.620314,0.666182,-0.016093,0.642119,0.676513,-0.01166,0.647939,0.78038,-0.032953,0.612147,0.734109,-0.024497,0.625872,0.715261,-0.01367,0.641408,0.716656,-0.007393
thumbs_up,0.765296,0.655485,0.0,0.730552,0.566076,-0.003622,0.695991,0.50843,-0.016256,0.675439,0.449091,-0.027999,0.684223,0.398281,-0.037441,0.653422,0.591685,-0.027489,0.599154,0.559875,-0.03702,0.6233,0.549411,-0.038619,0.648375,0.55748,-0.03773,0.648281,0.661678,-0.028289,0.600298,0.608891,-0.028162,0.621947,0.592892,-0.021795,0.641732,0.603075,-0.019355,0.649114,0.716443,-0.027545,0.608247,0.65684,-0.020685,0.627521,0.643885,-0.010374,0.647638,0.656285,-0.006709,0.652554,0.756534,-0.027383,0.620689,0.707736,-0.017753,0.63573,0.692944,-0.006588,0.651437,0.699623,-6.8e-05
thumbs_up,0.773145,0.639011,0.0,0.738395,0.548017,-0.002247,0.702498,0.489279,-0.012435,0.67931,0.429341,-0.02211,0.687435,0.379958,-0.029759,0.656684,0.566212,-0.021105,0.606684,0.537416,-0.028672,0.630451,0.528664,-0.030975,0.653947,0.537166,-0.031117,0.652016,0.635212,-0.022044,0.609482,0.585778,-0.020069,0.629978,0.571062,-0.014963,0.6485,0.580796,-0.013673,0.654222,0.689487,-0.021559,0.619281,0.634657,-0.013452,0.636635,0.622848,-0.005013,0.655649,0.634088,-0.002787,0.658877,0.730459,-0.021668,0.63228,0.684382,-0.011717,0.646008,0.670972,-0.001947,0.660675,0.676215,0.003651
thumbs_up,0.777874,0.620959,0.0,0.744674,0.528367,-0.002102,0.709698,0.467723,-0.011632,0.685735,0.40733,-0.020807,0.692165,0.357485,-0.028495,0.662247,0.539103,-0.017513,0.618043,0.514233,-0.023442,0.638938,0.508897,-0.026259,0.660223,0.516971,-0.027187,0.656896,0.605741,-0.018396,0.62047,0.565315,-0.015432,0.637871,0.554734,-0.011747,0.654814,0.562715,-0.011555,0.659003,0.661367,-0.017992,0.629385,0.616942,-0.010075,0.643352,0.606637,-0.004031,0.660612,0.614996,-0.003155,0.663816,0.704013,-0.018015,0.63814,0.672981,-0.00848,0.647634,0.66052,0.000123,0.660244,0.663013,0.005126
thumbs_up,0.787518,0.609865,0.0,0.755173,0.514508,-0.002003,0.719614,0.450446,-0.010626,0.696043,0.389057,-0.018946,0.700596,0.336652,-0.025814,0.670599,0.520472,-0.014375,0.63196,0.494196,-0.018648,0.653112,0.489637,-0.021226,0.673469,0.497769,-0.022403,0.665447,0.587609,-0.015055,0.632455,0.547945,-0.01115,0.64983,0.537035,-0.007503,0.667518,0.544043,-0.007389,0.667832,0.643164,-0.014539,0.640697,0.601434,-0.005829,0.655203,0.590066,0.000643,0.67336,0.596301,0.001577,0.673354,0.68526,-0.014587,0.653455,0.646439,-0.004879,0.66605,0.634272,0.003913,0.680292,0.636185,0.009051
thumbs_up,0.795464,0.607414,-0.0,0.766071,0.513007,-3.3e-05,0.729933,0.44364,-0.008584,0.707753,0.378421,-0.017812,0.713201,0.324463,-0.026513,0.683831,0.505097,-0.01487,0.641472,0.494468,-0.020673,0.661849,0.493832,-0.024479,0.682395,0.499108,-0.02628,0.679871,0.571769,-0.017974,0.641336,0.549336,-0.015229,0.659377,0.544733,-0.011536,0.677786,0.55005,-0.011335,0.681976,0.630533,-0.019794,0.647911,0.602016,-0.012761,0.663674,0.596158,-0.004354,0.682188,0.601652,-0.001811,0.687438,0.677938,-0.021923,0.658627,0.651008,-0.012596,0.672428,0.643444,-0.001032,0.687354,0.646205,0.006003
thumbs_up,0.800703,0.613653,-0.0,0.772461,0.521871,-0.000526,0.735267,0.449798,-0.00993,0.715493,0.381314,-0.020062,0.72362,0.325078,-0.030276,0.694922,0.498195,-0.018352,0.645883,0.497656,-0.025947,0.66466,0.506898,-0.030327,0.686502,0.509494,-0.032413,0.691408,0.56398,-0.022374,0.644993,0.552607,-0.023128,0.663285,0.556409,-0.020311,0.683614,0.559007,-0.019829,0.692508,0.62507,-0.025069,0.651635,0.606226,-0.021663,0.667999,0.606328,-0.013342,0.687862,0.609711,-0.009881,0.696362,0.677279,-0.027903,0.661602,0.656624,-0.021918,0.677155,0.652265,-0.010633,0.694302,0.653465,-0.003272
thumbs_up,0.7991,0.621027,-0.0,0.770986,0.533312,0.000823,0.732911,0.460174,-0.008117,0.714994,0.392688,-0.018014,0.72288,0.333059,-0.028829,0.6992,0.498097,-0.022949,0.64375,0.510841,-0.031008,0.660771,0.525671,-0.034028,0.681758,0.523975,-0.0354,0.698834,0.560431,-0.028577,0.645571,0.564814,-0.031647,0.664002,0.574009,-0.027582,0.68513,0.571575,-0.025907,0.70127,0.621985,-0.032525,0.653294,0.616774,-0.032637,0.670543,0.621341,-0.022832,0.691011,0.620173,-0.017573,0.705858,0.679473,-0.036167,0.664031,0.668315,-0.033997,0.68041,0.667489,-0.022269,0.699238,0.667203,-0.014001
thumbs_up,0.799936,0.631994,-0.0,0.770839,0.549436,0.002192,0.731568,0.474192,-0.00635,0.71303,0.4066,-0.015735,0.718691,0.348215,-0.026507,0.703922,0.502368,-0.027224,0.644059,0.521648,-0.035191,0.658775,0.542652,-0.036267,0.68077,0.541651,-0.036128,0.704389,0.561568,-0.033712,0.644954,0.574229,-0.037515,0.663399,0.588487,-0.031598,0.685757,0.585064,-0.028661,0.706643,0.622191,-0.038077,0.651597,0.625799,-0.039243,0.670741,0.633631,-0.02775,0.693025,0.630836,-0.021515,0.71061,0.68135,-0.041897,0.665589,0.674519,-0.041918,0.683489,0.676033,-0.030614,0.703809,0.67581,-0.022616
thumbs_up,0.797481,0.63814,-0.0,0.766699,0.560877,0.004648,0.727784,0.487596,-0.002723,0.707479,0.423583,-0.011123,0.708609,0.368705,-0.020669,0.704111,0.510179,-0.02885,0.642952,0.535115,-0.037388,0.658709,0.555915,-0.036878,0.680652,0.553212,-0.035586,0.706596,0.56571,-0.036897,0.64572,0.590985,-0.042429,0.66494,0.604139,-0.035205,0.687298,0.598199,-0.031477,0.710349,0.624416,-0.042658,0.654744,0.642154,-0.045403,0.67494,0.648915,-0.032467,0.697085,0.643073,-0.025452,0.715401,0.68326,-0.047613,0.670449,0.691329,-0.049514,0.688339,0.691462,-0.038958,0.708167,0.686927,-0.031554
thumbs_up,0.797158,0.644329,-0.0,0.765947,0.571475,0.00538,0.723717,0.504062,-0.001382,0.701095,0.442903,-0.009437,0.702344,0.38481,-0.018376,0.703889,0.513514,-0.028111,0.640932,0.54908,-0.038343,0.658891,0.571695,-0.038318,0.681507,0.5654,-0.037406,0.709726,0.565902,-0.03727,0.645643,0.605817,-0.045507,0.666952,0.618033,-0.038134,0.689121,0.60776,-0.033936,0.716265,0.623358,-0.044458,0.65707,0.655758,-0.050969,0.679857,0.661169,-0.037595,0.701978,0.651532,-0.029425,0.723755,0.68293,-0.050671,0.675511,0.702152,-0.055958,0.694632,0.700394,-0.046187,0.714775,0.691796,-0.038831
thumbs_up,0.79685,0.653705,-0.0,0.764217,0.583939,0.005362,0.720249,0.516615,-0.000951,0.696063,0.454716,-0.008813,0.695589,0.39728,-0.017536,0.70532,0.522488,-0.02645,0.641171,0.559213,-0.038476,0.657116,0.584255,-0.039726,0.679012,0.578907,-0.039498,0.712317,0.571483,-0.036325,0.64579,0.616241,-0.047229,0.666465,0.629915,-0.040905,0.688771,0.61826,-0.036793,0.7198,0.627374,-0.044628,0.658062,0.666356,-0.053666,0.680485,0.672584,-0.040723,0.702032,0.660751,-0.032182,0.727769,0.686193,-0.052013,0.677821,0.71151,-0.059059,0.695597,0.709865,-0.050241,0.714819,0.698578,-0.043274
thumbs_up,0.791335,0.664338,-0.0,0.757737,0.595594,0.004363,0.71251,0.529281,-0.003397,0.687856,0.467009,-0.012661,0.686315,0.406167,-0.022828,0.69712,0.538279,-0.028841,0.634313,0.581061,-0.042041,0.653177,0.601276,-0.043865,0.675097,0.589937,-0.043808,0.705292,0.591744,-0.038921,0.639593,0.636946,-0.05002,0.661172,0.648108,-0.043467,0.68358,0.63485,-0.039474,0.713908,0.650969,-0.047486,0.651744,0.689704,-0.057261,0.674047,0.694812,-0.044041,0.696486,0.681646,-0.035326,0.722419,0.711515,-0.055134,0.670404,0.736077,-0.062586,0.68756,0.736262,-0.053387,0.707534,0.726934,-0.046006
thumbs_up,0.781455,0.682032,-0.0,0.747638,0.613168,0.002288,0.702672,0.543907,-0.008117,0.679827,0.480154,-0.018944,0.677153,0.418602,-0.030807,0.69155,0.559652,-0.040896,0.624325,0.596424,-0.05284,0.639841,0.619925,-0.051908,0.660621,0.61261,-0.050431,0.702208,0.616527,-0.05036,0.629211,0.658638,-0.061725,0.650603,0.670383,-0.053357,0.675167,0.657593,-0.048274,0.712405,0.67782,-0.057439,0.642536,0.713922,-0.066504,0.663992,0.717179,-0.051853,0.688131,0.704021,-0.042657,0.721415,0.738774,-0.063536,0.663864,0.760586,-0.07136,0.67875,0.756693,-0.061835,0.699563,0.746398,-0.054557
thumbs_up,0.776456,0.696384,-0.0,0.740107,0.627757,0.000994,0.692138,0.562444,-0.011626,0.670323,0.497746,-0.02476,0.668774,0.4322,-0.038971,0.68786,0.582863,-0.046156,0.616698,0.624127,-0.063405,0.636274,0.638628,-0.066663,0.660806,0.625755,-0.06733,0.701306,0.64514,-0.05584,0.626284,0.688195,-0.072135,0.650223,0.69116,-0.06576,0.676965,0.674892,-0.061534,0.713189,0.708185,-0.063341,0.642555,0.74316,-0.075398,0.663817,0.739223,-0.060638,0.688396,0.723794,-0.050693,0.723346,0.767353,-0.070013,0.665633,0.784703,-0.07857,0.680007,0.777727,-0.06814,0.700978,0.76895,-0.060063
thumbs_up,0.774438,0.72221,-0.0,0.73581,0.653789,-0.002129,0.685104,0.588453,-0.017635,0.661829,0.523373,-0.032466,0.656776,0.456675,-0.048349,0.691377,0.610326,-0.059333,0.615267,0.656608,-0.078223,0.633941,0.665379,-0.080848,0.659262,0.653573,-0.080762,0.707812,0.677014,-0.067963,0.627019,0.728062,-0.084752,0.650063,0.722407,-0.077075,0.676914,0.704462,-0.072831,0.720989,0.742659,-0.074014,0.645588,0.779225,-0.085858,0.666039,0.767521,-0.069775,0.690759,0.751079,-0.059816,0.730429,0.802354,-0.079421,0.670499,0.820849,-0.087999,0.682567,0.807552,-0.07723,0.702181,0.797678,-0.069646
thumbs_up,0.771175,0.734617,-0.0,0.73023,0.673568,-0.006215,0.679576,0.60972,-0.024655,0.655312,0.545915,-0.042055,0.650039,0.476215,-0.060357,0.697628,0.634378,-0.06597,0.619039,0.688545,-0.090057,0.637661,0.690026,-0.095678,0.662816,0.672634,-0.096878,0.716821,0.700072,-0.074129,0.634513,0.757925,-0.095702,0.656077,0.747897,-0.089438,0.681873,0.727591,-0.085998,0.731027,0.762651,-0.080328,0.652639,0.806871,-0.096819,0.671448,0.793592,-0.080851,0.696404,0.775014,-0.070111,0.739255,0.818948,-0.086342,0.67738,0.84483,-0.097943,0.687977,0.829244,-0.087838,0.70835,0.816206,-0.080332
thumbs_up,0.759868,0.738996,-0.0,0.716907,0.680575,-0.011562,0.66872,0.619386,-0.03547,0.648935,0.558389,-0.056259,0.645699,0.488515,-0.077332,0.699288,0.648152,-0.086268,0.621999,0.709683,-0.109551,0.640208,0.699527,-0.109787,0.663655,0.6785,-0.107761,0.721486,0.715052,-0.093161,0.637243,0.775049,-0.116584,0.658404,0.757339,-0.106945,0.684498,0.738368,-0.101865,0.735818,0.777224,-0.097219,0.655563,0.822902,-0.114188,0.673875,0.803063,-0.095173,0.699118,0.784013,-0.083471,0.74286,0.831307,-0.101496,0.681048,0.853795,-0.114257,0.691528,0.834697,-0.103502,0.712157,0.82376,-0.096403
thumbs_up,0.751548,0.729877,0.0,0.709401,0.676265,-0.013847,0.662841,0.618176,-0.03703,0.643974,0.557811,-0.056818,0.640416,0.490632,-0.076954,0.698364,0.651316,-0.083036,0.621626,0.719225,-0.108038,0.638558,0.703693,-0.111576,0.663363,0.680461,-0.111192,0.720812,0.718976,-0.088322,0.636173,0.783905,-0.111966,0.655984,0.760778,-0.105284,0.683244,0.740842,-0.101927,0.735378,0.780803,-0.091183,0.655802,0.831238,-0.108762,0.672334,0.808294,-0.091954,0.697667,0.788901,-0.081184,0.742347,0.834943,-0.094526,0.681412,0.862733,-0.108475,0.691217,0.840131,-0.098883,0.711822,0.827396,-0.092049
thumbs_up,0.758756,0.731652,0.0,0.713407,0.677791,-0.010863,0.663641,0.622295,-0.033443,0.641089,0.560839,-0.053521,0.636564,0.491775,-0.074827,0.699532,0.653693,-0.078451,0.621054,0.726744,-0.105314,0.634844,0.7083,-0.113215,0.659496,0.682629,-0.115145,0.723719,0.72171,-0.084351,0.636329,0.790323,-0.107394,0.6535,0.762984,-0.102733,0.681078,0.740606,-0.100476,0.738917,0.783088,-0.08771,0.65694,0.837655,-0.103284,0.671506,0.810176,-0.08712,0.696803,0.789165,-0.076537,0.746045,0.837421,-0.091461,0.680961,0.869324,-0.101806,0.68937,0.843843,-0.090375,0.710029,0.829592,-0.08243
thumbs_up,0.76303,0.729951,0.0,0.717828,0.672537,-0.010061,0.668195,0.619484,-0.033034,0.644671,0.557059,-0.053172,0.640208,0.485272,-0.074108,0.703596,0.661987,-0.080071,0.622628,0.734204,-0.104642,0.636139,0.711072,-0.109855,0.661464,0.68606,-0.109947,0.724534,0.731721,-0.08551,0.635805,0.796004,-0.105512,0.652162,0.76441,-0.098686,0.679861,0.74398,-0.095466,0.737072,0.793329,-0.087935,0.655934,0.842126,-0.099541,0.670806,0.809759,-0.081669,0.696567,0.789822,-0.071025,0.742971,0.84661,-0.090814,0.677511,0.875471,-0.097915,0.686863,0.846354,-0.084962,0.70792,0.833074,-0.076721
thumbs_up,0.763901,0.740144,0.0,0.724392,0.674928,-0.009283,0.679688,0.622779,-0.028661,0.659838,0.557489,-0.046032,0.659349,0.483141,-0.063449,0.705138,0.685751,-0.067303,0.625045,0.734148,-0.088298,0.641851,0.709925,-0.092424,0.668955,0.689753,-0.091907,0.722596,0.75505,-0.070695,0.635658,0.798091,-0.086366,0.652952,0.767471,-0.079894,0.681206,0.75059,-0.076507,0.732129,0.81341,-0.071542,0.654287,0.844363,-0.078937,0.668965,0.81325,-0.062828,0.694102,0.797548,-0.053244,0.735795,0.861675,-0.072951,0.672462,0.876832,-0.075452,0.683878,0.849189,-0.061685,0.706704,0.838866,-0.05317
thumbs_up,0.762803,0.738136,0.0,0.725682,0.663684,-0.015253,0.691258,0.616643,-0.037386,0.682765,0.555701,-0.055774,0.693384,0.488152,-0.071467,0.711592,0.711304,-0.071633,0.625875,0.721957,-0.091116,0.643561,0.696726,-0.089116,0.670714,0.685631,-0.083355,0.719905,0.786123,-0.069564,0.629822,0.783168,-0.083787,0.647387,0.752654,-0.07244,0.674619,0.744905,-0.064444,0.722186,0.841549,-0.065261,0.641065,0.827672,-0.069283,0.658217,0.79853,-0.050964,0.682327,0.793907,-0.040019,0.720137,0.878322,-0.062085,0.657944,0.856371,-0.059891,0.670165,0.832578,-0.045983,0.689927,0.832334,-0.03809
thumbs_up,0.695869,0.709089,0.0,0.688172,0.651585,-0.036199,0.676724,0.599242,-0.070296,0.682859,0.5449,-0.097979,0.692108,0.48758,-0.130004,0.701833,0.670212,-0.090666,0.661049,0.694873,-0.120423,0.638273,0.7017,-0.139512,0.624912,0.705843,-0.151942,0.711197,0.73213,-0.085339,0.669097,0.749365,-0.109561,0.645485,0.754312,-0.119178,0.631178,0.758988,-0.129461,0.713221,0.774616,-0.079392,0.6748,0.784005,-0.097814,0.65442,0.783897,-0.100086,0.644354,0.781622,-0.104112,0.711323,0.798144,-0.075676,0.677976,0.812368,-0.088379,0.664456,0.814065,-0.08769,0.659472,0.81435,-0.089509
thumbs_up,0.771249,0.710186,0.0,0.734221,0.647194,-0.029272,0.709943,0.602311,-0.062896,0.713377,0.553293,-0.089405,0.742133,0.491972,-0.11111,0.72066,0.714969,-0.099748,0.632065,0.692547,-0.125206,0.654746,0.667877,-0.120419,0.684757,0.670708,-0.113269,0.722839,0.790344,-0.094125,0.629231,0.756235,-0.115379,0.6512,0.725254,-0.099145,0.680313,0.726535,-0.087504,0.719229,0.845533,-0.086927,0.635084,0.803955,-0.094871,0.654615,0.774305,-0.075961,0.68123,0.778267,-0.065808,0.713263,0.882315,-0.082112,0.651965,0.844099,-0.084364,0.665477,0.815436,-0.074883,0.686213,0.818447,-0.070745
thumbs_up,0.768324,0.720509,0.0,0.748018,0.645327,-0.047673,0.734002,0.584477,-0.090755,0.737576,0.535189,-0.122444,0.759513,0.487288,-0.150188,0.730148,0.697056,-0.129533,0.646369,0.653134,-0.159501,0.664543,0.640454,-0.156009,0.692975,0.649999,-0.150302,0.724884,0.772332,-0.11565,0.638252,0.717773,-0.139627,0.657996,0.695866,-0.121135,0.685894,0.7062,-0.108681,0.715564,0.826152,-0.100868,0.642566,0.764041,-0.112895,0.661476,0.741486,-0.094826,0.685321,0.752719,-0.085996,0.704014,0.861508,-0.08987,0.651433,0.811129,-0.09889,0.665527,0.783818,-0.094121,0.685612,0.789654,-0.092707
thumbs_up,0.777505,0.712692,0.0,0.754819,0.635139,-0.036662,0.74157,0.567964,-0.07389,0.749858,0.515223,-0.102119,0.773249,0.461012,-0.125989,0.734836,0.672566,-0.110883,0.65152,0.622577,-0.14032,0.671205,0.615008,-0.13829,0.700988,0.628647,-0.132374,0.730449,0.749436,-0.10122,0.641415,0.690181,-0.125935,0.66186,0.672745,-0.109128,0.692671,0.684528,-0.09583,0.721467,0.805605,-0.090514,0.647112,0.738745,-0.101679,0.666327,0.718075,-0.083487,0.691705,0.729828,-0.072755,0.711133,0.842642,-0.082748,0.655753,0.786121,-0.089953,0.670707,0.761459,-0.083579,0.691278,0.769476,-0.079952
thumbs_up,0.785077,0.70266,0.0,0.75812,0.624626,-0.019544,0.736517,0.556934,-0.049338,0.744267,0.495108,-0.074202,0.769266,0.43288,-0.095455,0.736242,0.64034,-0.092977,0.655341,0.607033,-0.117694,0.678998,0.603562,-0.112611,0.710797,0.615246,-0.10442,0.735296,0.715557,-0.091197,0.646888,0.670476,-0.111294,0.671012,0.659284,-0.093895,0.702522,0.669329,-0.081118,0.728641,0.776383,-0.087058,0.649614,0.724037,-0.09225,0.671456,0.711076,-0.07194,0.698467,0.724061,-0.06116,0.720722,0.820978,-0.084466,0.658444,0.774938,-0.084548,0.675005,0.757662,-0.073302,0.697628,0.768773,-0.067963
thumbs_up,0.794503,0.688467,0.0,0.762654,0.609025,-0.015565,0.735031,0.538514,-0.042835,0.738847,0.474011,-0.063676,0.762144,0.407488,-0.081162,0.739738,0.612455,-0.104986,0.657715,0.584393,-0.121676,0.677368,0.586191,-0.10488,0.705323,0.593868,-0.089542,0.740994,0.685776,-0.103303,0.651642,0.644675,-0.119585,0.67314,0.639577,-0.095012,0.701351,0.648066,-0.077987,0.735449,0.748329,-0.097092,0.653873,0.700268,-0.100676,0.675875,0.691504,-0.074565,0.701689,0.702191,-0.060351,0.728092,0.795949,-0.091463,0.666032,0.752994,-0.092448,0.68285,0.741571,-0.079085,0.704115,0.751992,-0.072367
thumbs_up,0.803396,0.688555,-0.0,0.779062,0.603427,-0.00822,0.748021,0.524945,-0.029272,0.741789,0.453099,-0.048279,0.758321,0.395573,-0.066119,0.744663,0.578725,-0.067473,0.662372,0.555925,-0.088585,0.682723,0.566806,-0.088852,0.709829,0.575032,-0.084912,0.743273,0.650111,-0.070465,0.658062,0.618172,-0.085925,0.679739,0.623243,-0.074902,0.706581,0.629217,-0.06705,0.737802,0.714446,-0.071014,0.66008,0.675951,-0.075416,0.680671,0.677528,-0.057138,0.705931,0.685634,-0.046521,0.73105,0.767201,-0.071996,0.670541,0.730754,-0.069392,0.686858,0.727612,-0.054902,0.707969,0.736152,-0.046756
thumbs_up,0.814691,0.696473,-0.0,0.793018,0.604268,0.001619,0.75918,0.517013,-0.010321,0.745157,0.44138,-0.021898,0.755047,0.379837,-0.03396,0.745883,0.552146,-0.045256,0.671996,0.528135,-0.056812,0.686081,0.551778,-0.055338,0.710126,0.559597,-0.052125,0.740587,0.616848,-0.051029,0.666453,0.584653,-0.057913,0.68427,0.602792,-0.047581,0.707823,0.609959,-0.041176,0.733786,0.679853,-0.053816,0.668244,0.643815,-0.053333,0.686763,0.654099,-0.036335,0.709094,0.661249,-0.027092,0.728494,0.735022,-0.056069,0.674982,0.696863,-0.050533,0.691384,0.700155,-0.034492,0.711253,0.707973,-0.024914
thumbs_up,0.825578,0.687016,-0.0,0.802522,0.599859,0.003361,0.765302,0.514263,-0.00722,0.746719,0.443676,-0.018123,0.749931,0.380689,-0.029683,0.755841,0.531912,-0.044159,0.679678,0.516977,-0.057363,0.694893,0.544281,-0.056991,0.720516,0.552316,-0.054833,0.754065,0.596461,-0.052513,0.675547,0.579823,-0.064374,0.696612,0.600939,-0.055437,0.723543,0.604411,-0.049086,0.750044,0.659776,-0.057993,0.678586,0.638365,-0.06454,0.699602,0.651646,-0.047581,0.725624,0.655944,-0.036527,0.746529,0.719628,-0.062547,0.688771,0.692136,-0.064915,0.705049,0.697116,-0.050733,0.727607,0.70475,-0.040688
thumbs_up,0.831582,0.686148,-0.0,0.802591,0.605515,0.006185,0.76384,0.52282,-0.005351,0.745817,0.454352,-0.017527,0.749828,0.389151,-0.030839,0.768695,0.519834,-0.050917,0.691866,0.524549,-0.063577,0.705952,0.557707,-0.059807,0.727866,0.559599,-0.056539,0.775097,0.578417,-0.062714,0.690403,0.587023,-0.076469,0.709451,0.610472,-0.064869,0.735648,0.607826,-0.057931,0.776887,0.640854,-0.071014,0.697906,0.645738,-0.080347,0.718266,0.660443,-0.061563,0.744224,0.65828,-0.050219,0.776114,0.703352,-0.07795,0.712052,0.697902,-0.084245,0.727293,0.70234,-0.071363,0.750382,0.702451,-0.062665
thumbs_up,0.826085,0.70492,-0.0,0.790017,0.632772,0.000646,0.753796,0.545695,-0.013576,0.738624,0.473478,-0.027407,0.739364,0.4046,-0.042032,0.777888,0.52272,-0.060657,0.705823,0.540615,-0.075188,0.719609,0.582816,-0.069418,0.73851,0.582278,-0.065744,0.793516,0.575349,-0.073366,0.71024,0.605923,-0.090253,0.727559,0.633315,-0.077311,0.753086,0.629207,-0.070926,0.801773,0.637678,-0.083347,0.723074,0.661684,-0.097934,0.742911,0.681004,-0.078417,0.768776,0.676141,-0.06774,0.804352,0.699659,-0.092286,0.740257,0.711818,-0.10551,0.755267,0.720286,-0.095509,0.777739,0.715935,-0.089187
thumbs_up,0.820894,0.729771,-0.0,0.7832,0.64351,-0.009078,0.760484,0.552998,-0.029571,0.749614,0.483476,-0.048053,0.746748,0.413664,-0.066839,0.801408,0.535864,-0.075838,0.733587,0.552319,-0.094267,0.741876,0.591464,-0.086838,0.759893,0.590163,-0.081012,0.817805,0.595005,-0.085475,0.738322,0.609476,-0.105661,0.751372,0.640201,-0.090463,0.774482,0.639728,-0.082265,0.824718,0.656497,-0.092987,0.748385,0.67196,-0.110516,0.763848,0.694724,-0.089154,0.789058,0.694269,-0.077433,0.825307,0.713908,-0.100417,0.764698,0.722577,-0.115477,0.775788,0.732716,-0.10591,0.798454,0.731488,-0.099841
thumbs_up,0.803002,0.753861,-0.0,0.770607,0.657433,-0.015246,0.760579,0.562553,-0.027687,0.759102,0.488864,-0.037532,0.756115,0.422568,-0.046048,0.815474,0.541966,-0.047836,0.755356,0.550795,-0.065621,0.753263,0.593242,-0.06494,0.769296,0.600721,-0.062937,0.831976,0.600857,-0.051957,0.758481,0.613954,-0.070922,0.760004,0.647269,-0.064748,0.780022,0.652019,-0.060457,0.839422,0.663317,-0.056415,0.766751,0.6752,-0.075775,0.771235,0.698285,-0.063714,0.793518,0.699693,-0.054609,0.841755,0.723244,-0.061722,0.786111,0.729826,-0.077418,0.786874,0.737565,-0.072749,0.805903,0.733445,-0.067302
thumbs_up,0.773299,0.757929,-0.0,0.742978,0.663873,-0.025291,0.745842,0.563654,-0.037433,0.757033,0.489666,-0.044882,0.755779,0.425979,-0.048956,0.826932,0.558563,-0.042166,0.774286,0.562443,-0.05956,0.757013,0.609815,-0.060859,0.764703,0.622707,-0.060856,0.846235,0.611202,-0.041244,0.782915,0.617764,-0.058691,0.763708,0.655208,-0.054137,0.773956,0.662244,-0.050134,0.85409,0.673408,-0.042547,0.790016,0.682904,-0.060248,0.774362,0.704483,-0.049423,0.788205,0.706673,-0.040645,0.854092,0.733831,-0.046103,0.804596,0.739819,-0.059116,0.791307,0.745305,-0.054472,0.803681,0.744047,-0.049053
thumbs_up,0.752509,0.747919,-1e-06,0.737113,0.659778,-0.033958,0.751393,0.561499,-0.04709,0.765936,0.489705,-0.055365,0.77029,0.424707,-0.059516,0.836439,0.575864,-0.031635,0.789107,0.587217,-0.055226,0.76533,0.619863,-0.066438,0.771408,0.625428,-0.073301,0.854911,0.634165,-0.027227,0.796184,0.651051,-0.049605,0.76835,0.669493,-0.053797,0.776216,0.664541,-0.055614,0.859162,0.699297,-0.027374,0.802916,0.714357,-0.052379,0.776988,0.719728,-0.048987,0.785309,0.709189,-0.044299,0.856368,0.760387,-0.030884,0.813131,0.774198,-0.049472,0.790236,0.772323,-0.049555,0.7937,0.761747,-0.047138
thumbs_up,0.751887,0.734434,-1e-06,0.736847,0.654197,-0.036346,0.750774,0.564723,-0.054703,0.768049,0.498132,-0.067556,0.77683,0.429117,-0.075775,0.837804,0.59193,-0.044044,0.795553,0.618448,-0.068448,0.770399,0.632902,-0.077804,0.774648,0.628978,-0.084187,0.858084,0.654766,-0.0395,0.798632,0.688068,-0.065029,0.76746,0.687917,-0.068746,0.772855,0.676346,-0.07038,0.86257,0.720618,-0.038551,0.80449,0.749276,-0.065422,0.775598,0.737915,-0.060529,0.781129,0.719668,-0.055387,0.858055,0.781684,-0.041281,0.813229,0.803853,-0.063212,0.7872,0.789573,-0.064391,0.787327,0.768696,-0.062616
thumbs_up,0.743419,0.73531,-1e-06,0.73241,0.65556,-0.040942,0.755759,0.571209,-0.061128,0.780134,0.510785,-0.075548,0.791429,0.438363,-0.084687,0.847361,0.625988,-0.041845,0.800913,0.664183,-0.069444,0.775547,0.659215,-0.080526,0.783785,0.641989,-0.087835,0.864031,0.694538,-0.036088,0.803371,0.73471,-0.064708,0.770095,0.716028,-0.068582,0.783902,0.695385,-0.06903,0.863653,0.759997,-0.035086,0.803539,0.790715,-0.065568,0.773182,0.765185,-0.059737,0.783945,0.74308,-0.05256,0.853443,0.815636,-0.038404,0.806957,0.840363,-0.063163,0.781006,0.812665,-0.065052,0.784751,0.786284,-0.062931
thumbs_up,0.756482,0.75807,-1e-06,0.740021,0.676869,-0.042769,0.760134,0.59427,-0.065451,0.786482,0.535141,-0.081511,0.801922,0.462054,-0.091826,0.845347,0.649064,-0.051444,0.800377,0.705155,-0.07894,0.77279,0.695244,-0.088154,0.782986,0.669475,-0.095014,0.865144,0.713153,-0.044348,0.806139,0.772192,-0.075458,0.770676,0.747886,-0.078996,0.781468,0.724651,-0.079763,0.868635,0.773296,-0.041116,0.811388,0.822534,-0.07383,0.778053,0.797462,-0.068605,0.786009,0.775331,-0.062011,0.862609,0.826387,-0.042049,0.8166,0.865622,-0.067417,0.788743,0.842688,-0.070375,0.792527,0.815819,-0.069763
thumbs_up,0.755447,0.767983,-1e-06,0.738361,0.688914,-0.045635,0.765247,0.610392,-0.066419,0.796138,0.556012,-0.080051,0.815928,0.482828,-0.087672,0.853324,0.672413,-0.046235,0.807242,0.743585,-0.075618,0.779348,0.714457,-0.088894,0.791269,0.680227,-0.099056,0.872065,0.734354,-0.037718,0.811514,0.802062,-0.071489,0.776341,0.763151,-0.077217,0.787887,0.738289,-0.079052,0.872695,0.788539,-0.034218,0.81198,0.844255,-0.068689,0.778828,0.807581,-0.064398,0.788028,0.783866,-0.058057,0.864833,0.835041,-0.035505,0.811816,0.877665,-0.063365,0.783267,0.845891,-0.069141,0.78794,0.812993,-0.070308
thumbs_up,0.757995,0.756761,-1e-06,0.74294,0.681537,-0.046513,0.769124,0.611978,-0.067884,0.801887,0.563191,-0.081848,0.826139,0.495959,-0.089807,0.856168,0.680792,-0.046662,0.812491,0.752666,-0.074936,0.783923,0.720467,-0.087978,0.794136,0.68718,-0.098302,0.87446,0.740956,-0.037278,0.814506,0.810142,-0.070302,0.779638,0.764973,-0.077268,0.788128,0.738091,-0.080376,0.874807,0.793028,-0.032763,0.816226,0.850613,-0.066517,0.784378,0.808362,-0.064024,0.791892,0.783643,-0.059142,0.866757,0.839198,-0.032879,0.817609,0.88209,-0.06049,0.789666,0.847258,-0.066805,0.792541,0.813683,-0.068352
thumbs_up,0.700409,0.037577,-0.0,0.737723,0.022738,0.001736,0.769451,0.034416,-0.001294,0.790229,0.060685,-0.004564,0.796244,0.091866,-0.006022,0.769815,0.072115,-0.012775,0.797833,0.11067,-0.017737,0.799983,0.104068,-0.013849,0.792524,0.087246,-0.008627,0.754898,0.10171,-0.016246,0.787326,0.13709,-0.022759,0.788538,0.127533,-0.018275,0.778966,0.114743,-0.012716,0.738587,0.127073,-0.018941,0.771685,0.161603,-0.023075,0.774308,0.15214,-0.014879,0.767136,0.139524,-0.007218,0.720526,0.148966,-0.021093,0.748939,0.185013,-0.021588,0.755956,0.178481,-0.014195,0.752798,0.166082,-0.007062
thumbs_up,0.749663,0.751475,-1e-06,0.742951,0.676878,-0.048272,0.772781,0.608751,-0.072055,0.804766,0.555313,-0.088262,0.828248,0.486798,-0.097635,0.861498,0.676285,-0.047494,0.818306,0.744383,-0.077147,0.789526,0.717567,-0.08878,0.799786,0.684728,-0.097299,0.876679,0.73894,-0.038052,0.817572,0.806132,-0.072951,0.780851,0.765353,-0.079154,0.792139,0.737036,-0.080579,0.874392,0.795186,-0.03387,0.81661,0.850004,-0.069443,0.783939,0.810731,-0.066177,0.793898,0.784099,-0.060068,0.86305,0.84444,-0.034428,0.816634,0.883011,-0.062679,0.788757,0.850154,-0.068012,0.794264,0.818454,-0.068257
thumbs_up,0.746474,0.739108,-1e-06,0.741838,0.667817,-0.051296,0.77616,0.602863,-0.075918,0.811292,0.551331,-0.092486,0.836387,0.482095,-0.101948,0.861673,0.673121,-0.050036,0.820155,0.738908,-0.080139,0.792934,0.709802,-0.090624,0.803855,0.67841,-0.098281,0.87497,0.735332,-0.039463,0.817449,0.800988,-0.07589,0.780741,0.756454,-0.081517,0.792516,0.728957,-0.082182,0.871302,0.789935,-0.034524,0.81477,0.843424,-0.072156,0.782186,0.800074,-0.068819,0.792537,0.773894,-0.062278,0.858733,0.83739,-0.03453,0.813667,0.874544,-0.06476,0.785747,0.836975,-0.070702,0.791443,0.803278,-0.071229
thumbs_up,0.743899,0.730467,-1e-06,0.741788,0.65452,-0.051725,0.7788,0.591879,-0.076198,0.815967,0.542749,-0.092329,0.842826,0.474357,-0.10123,0.862027,0.664856,-0.050613,0.818235,0.729087,-0.080273,0.792721,0.697247,-0.090419,0.805099,0.664837,-0.098002,0.874873,0.728771,-0.039797,0.813688,0.788456,-0.07535,0.779334,0.741433,-0.080796,0.792883,0.713633,-0.081603,0.870195,0.783908,-0.034621,0.809777,0.829988,-0.07168,0.77891,0.785705,-0.068433,0.790052,0.760386,-0.062237,0.856117,0.83043,-0.034467,0.807201,0.859729,-0.065261,0.780679,0.821504,-0.071853,0.786924,0.788648,-0.072811
thumbs_up,0.750281,0.692512,-1e-06,0.747781,0.627625,-0.053921,0.783931,0.573599,-0.079742,0.822466,0.530385,-0.097016,0.849911,0.464757,-0.107256,0.865971,0.657167,-0.053687,0.824309,0.71556,-0.085585,0.79949,0.68319,-0.096826,0.81179,0.65244,-0.104497,0.878795,0.720803,-0.041906,0.818277,0.776033,-0.079108,0.784173,0.726833,-0.085389,0.798187,0.699587,-0.086234,0.874304,0.775496,-0.036026,0.813908,0.818386,-0.075375,0.783434,0.770941,-0.073211,0.795354,0.745795,-0.066942,0.860994,0.821659,-0.035097,0.813406,0.849071,-0.067296,0.788136,0.80946,-0.074511,0.795463,0.778775,-0.075411
thumbs_up,0.761992,0.651144,-1e-06,0.764129,0.594174,-0.052566,0.800318,0.547601,-0.078319,0.836267,0.508473,-0.09605,0.862999,0.448644,-0.106889,0.878193,0.645388,-0.05216,0.830937,0.696139,-0.083438,0.806841,0.661473,-0.093998,0.821497,0.636877,-0.100736,0.883811,0.711782,-0.040773,0.822264,0.758008,-0.076657,0.791687,0.703779,-0.081485,0.808032,0.680129,-0.081077,0.874388,0.765961,-0.035323,0.813968,0.800574,-0.072587,0.788529,0.749172,-0.070623,0.803284,0.725642,-0.064695,0.857423,0.808738,-0.034758,0.812281,0.827295,-0.063649,0.792269,0.786689,-0.070312,0.802552,0.760897,-0.071378
thumbs_up,0.779215,0.614242,-0.0,0.783098,0.560923,-0.057682,0.82075,0.523244,-0.086931,0.858287,0.493212,-0.106937,0.889469,0.441747,-0.119458,0.890304,0.636531,-0.062425,0.838884,0.68518,-0.09563,0.817006,0.643348,-0.1049,0.833973,0.618719,-0.110508,0.891561,0.702988,-0.049253,0.827797,0.744249,-0.087964,0.800705,0.680721,-0.091505,0.818246,0.65772,-0.089686,0.878976,0.754413,-0.04214,0.816542,0.783373,-0.081845,0.793978,0.724566,-0.078812,0.809479,0.701497,-0.071699,0.859614,0.7943,-0.040232,0.814023,0.808507,-0.070784,0.795108,0.762281,-0.077445,0.805694,0.736225,-0.078361
thumbs_up,0.801648,0.587491,-0.0,0.801613,0.539005,-0.067252,0.836538,0.506816,-0.103243,0.872199,0.485191,-0.127664,0.90456,0.438472,-0.144111,0.898464,0.625022,-0.084742,0.842584,0.675402,-0.121129,0.823244,0.633705,-0.127168,0.843947,0.609305,-0.129746,0.897039,0.689645,-0.067033,0.833243,0.732981,-0.11086,0.807367,0.669231,-0.111341,0.82876,0.648751,-0.106685,0.884755,0.739915,-0.055148,0.823136,0.76775,-0.098248,0.80154,0.709227,-0.092261,0.819854,0.689108,-0.082915,0.867654,0.777364,-0.04894,0.82422,0.791775,-0.081021,0.806311,0.748358,-0.086996,0.818173,0.727259,-0.087656
thumbs_up,0.806955,0.562635,-0.0,0.810213,0.51497,-0.076843,0.844957,0.491955,-0.118738,0.879659,0.477896,-0.146729,0.911737,0.434732,-0.166698,0.904437,0.620157,-0.099245,0.849485,0.661995,-0.135046,0.832131,0.619548,-0.137345,0.853352,0.598182,-0.136941,0.897526,0.679866,-0.076854,0.838528,0.715524,-0.11955,0.81241,0.648297,-0.116294,0.835685,0.634038,-0.10866,0.881855,0.726936,-0.060668,0.827807,0.746747,-0.103413,0.806526,0.686965,-0.096152,0.826126,0.672036,-0.086122,0.863602,0.761815,-0.050674,0.827502,0.772332,-0.082453,0.809813,0.726691,-0.087567,0.820334,0.708141,-0.087787
thumbs_up,0.812644,0.540362,-0.0,0.818792,0.498246,-0.077358,0.854203,0.479307,-0.119601,0.889779,0.466868,-0.146991,0.923389,0.425738,-0.166162,0.909591,0.604891,-0.103468,0.854837,0.642374,-0.135959,0.838623,0.599366,-0.134637,0.8589,0.580491,-0.131892,0.900635,0.662428,-0.079975,0.84262,0.693703,-0.118689,0.818588,0.624491,-0.111755,0.841291,0.612686,-0.101859,0.883422,0.707672,-0.062351,0.830187,0.723616,-0.101353,0.810811,0.663452,-0.092674,0.830568,0.651052,-0.082598,0.864344,0.740383,-0.050959,0.827508,0.745509,-0.081331,0.811034,0.700147,-0.086403,0.82131,0.683434,-0.086964
thumbs_up,0.81058,0.530454,-0.0,0.820022,0.48044,-0.066629,0.857539,0.457537,-0.103273,0.894825,0.443849,-0.127675,0.92648,0.401439,-0.144511,0.913139,0.586251,-0.08432,0.854892,0.615326,-0.11579,0.837508,0.571521,-0.119438,0.85775,0.554917,-0.120789,0.905709,0.647159,-0.065632,0.841968,0.666202,-0.102591,0.819993,0.601171,-0.100534,0.841691,0.589953,-0.094671,0.888052,0.692471,-0.052348,0.830614,0.699304,-0.089743,0.812512,0.64283,-0.083974,0.830703,0.631401,-0.075553,0.86711,0.723961,-0.044479,0.828083,0.724242,-0.072575,0.812307,0.680999,-0.076945,0.82255,0.66628,-0.076638
thumbs_up,0.819525,0.497453,-0.0,0.820727,0.450918,-0.060884,0.85248,0.419871,-0.095016,0.887036,0.398785,-0.11805,0.917538,0.355227,-0.134617,0.907201,0.548583,-0.080619,0.844009,0.577036,-0.111669,0.82889,0.534602,-0.119412,0.8479,0.518207,-0.125114,0.904466,0.617458,-0.064447,0.832893,0.634445,-0.101286,0.815082,0.573851,-0.103802,0.831894,0.559247,-0.103085,0.89083,0.667447,-0.052555,0.824413,0.670895,-0.088394,0.809329,0.614442,-0.084445,0.82415,0.5998,-0.07874,0.872694,0.702414,-0.045888,0.825653,0.699822,-0.074012,0.810001,0.656485,-0.079743,0.820444,0.639838,-0.081228
thumbs_up,0.815142,0.494679,-0.0,0.817142,0.44468,-0.055293,0.843436,0.402921,-0.089659,0.872784,0.371149,-0.113593,0.89847,0.323532,-0.131437,0.89976,0.527678,-0.084631,0.831104,0.550405,-0.114713,0.818355,0.512875,-0.121804,0.840089,0.496436,-0.127509,0.900802,0.599328,-0.071033,0.823434,0.60669,-0.104659,0.808819,0.556434,-0.105738,0.82524,0.543172,-0.106088,0.889107,0.65183,-0.060418,0.818841,0.651649,-0.091757,0.806557,0.603413,-0.087047,0.820883,0.588889,-0.082734,0.871508,0.690663,-0.054741,0.81895,0.684996,-0.079402,0.805799,0.645413,-0.084771,0.817505,0.6291,-0.087247
thumbs_up,0.824038,0.527466,-0.0,0.819802,0.461373,-0.050642,0.841828,0.400525,-0.082744,0.866,0.356162,-0.105276,0.892327,0.306936,-0.121756,0.895612,0.516576,-0.080316,0.824504,0.538492,-0.111423,0.815795,0.502644,-0.120367,0.839335,0.48552,-0.127409,0.903147,0.593328,-0.068842,0.821478,0.598051,-0.101727,0.81043,0.553251,-0.103075,0.827509,0.545795,-0.104413,0.896626,0.65039,-0.060157,0.82075,0.648927,-0.091278,0.811584,0.607418,-0.086824,0.827904,0.598175,-0.083057,0.883103,0.695392,-0.056091,0.825816,0.688932,-0.082146,0.814829,0.652299,-0.088512,0.830156,0.63664,-0.091756
thumbs_up,0.817779,0.573293,-0.0,0.812453,0.493895,-0.042674,0.832612,0.418534,-0.06837,0.855491,0.364497,-0.085992,0.881174,0.310835,-0.09836,0.894906,0.519779,-0.066948,0.823442,0.536517,-0.092905,0.817618,0.509223,-0.102362,0.839547,0.496106,-0.110933,0.905053,0.596637,-0.058162,0.820457,0.600626,-0.082745,0.815335,0.56753,-0.083924,0.83127,0.563373,-0.087129,0.900398,0.65815,-0.051827,0.820877,0.654503,-0.07662,0.815959,0.622098,-0.071761,0.8331,0.618597,-0.069166,0.887392,0.70807,-0.049958,0.826813,0.702261,-0.073744,0.819455,0.675445,-0.079944,0.836089,0.664727,-0.083394
thumbs_up,0.84288,0.604334,-0.0,0.830469,0.517214,-0.048093,0.833263,0.428025,-0.082297,0.841621,0.367755,-0.105548,0.86465,0.314769,-0.1237,0.889212,0.501345,-0.106373,0.804126,0.512495,-0.133829,0.802877,0.507002,-0.137018,0.8249,0.500193,-0.140063,0.896523,0.582722,-0.096249,0.799752,0.58158,-0.119106,0.809864,0.563446,-0.108999,0.835116,0.556715,-0.105002,0.891593,0.653376,-0.086766,0.802348,0.639746,-0.109686,0.81042,0.618637,-0.088997,0.833143,0.615239,-0.075569,0.881916,0.710702,-0.082662,0.818284,0.694685,-0.110529,0.819979,0.676853,-0.109975,0.838827,0.669981,-0.106624
thumbs_up,0.860185,0.604936,-0.0,0.847207,0.51408,-0.041622,0.834349,0.43147,-0.083827,0.832089,0.373242,-0.115385,0.852403,0.300573,-0.143048,0.871976,0.477848,-0.13242,0.782654,0.485567,-0.153316,0.792919,0.491044,-0.141533,0.819506,0.487935,-0.133178,0.880475,0.554427,-0.126495,0.787301,0.559384,-0.136036,0.797951,0.553236,-0.102671,0.827176,0.545839,-0.084523,0.883163,0.626093,-0.119143,0.794981,0.623027,-0.125948,0.802333,0.611825,-0.08374,0.827754,0.604823,-0.061059,0.884318,0.689458,-0.117391,0.815608,0.680006,-0.131823,0.815877,0.667068,-0.119921,0.834654,0.660559,-0.112486
thumbs_up,0.871286,0.608847,0.0,0.845385,0.49321,-0.029882,0.831051,0.422071,-0.071572,0.828151,0.371868,-0.103319,0.842419,0.295987,-0.132549,0.865831,0.462769,-0.145003,0.77994,0.469644,-0.170044,0.788097,0.480958,-0.156338,0.812128,0.479444,-0.143094,0.868592,0.534456,-0.144022,0.77384,0.541841,-0.159003,0.795175,0.545191,-0.121481,0.821775,0.545866,-0.098178,0.866475,0.603204,-0.139835,0.779501,0.612931,-0.147754,0.796934,0.609211,-0.105298,0.823609,0.603644,-0.080972,0.863785,0.662805,-0.138677,0.795848,0.656759,-0.149896,0.809666,0.646811,-0.136305,0.834877,0.645518,-0.126963
thumbs_up,0.885331,0.594541,-0.0,0.857018,0.491899,-0.015565,0.839782,0.409691,-0.03978,0.835317,0.349531,-0.059615,0.847996,0.287205,-0.079027,0.855579,0.451569,-0.088974,0.773,0.467237,-0.111648,0.784684,0.48679,-0.108391,0.809117,0.48517,-0.103356,0.860762,0.526901,-0.093541,0.772582,0.537087,-0.111587,0.789268,0.538177,-0.094018,0.811429,0.539392,-0.084323,0.859891,0.594878,-0.096075,0.780605,0.597734,-0.111105,0.795194,0.592787,-0.086367,0.817357,0.593939,-0.071201,0.856073,0.652273,-0.099521,0.79509,0.645463,-0.113057,0.804129,0.63246,-0.102349,0.821814,0.629337,-0.093964
thumbs_up,0.903847,0.613312,-0.0,0.87788,0.507764,0.004123,0.854529,0.41755,-0.021885,0.849192,0.349181,-0.045245,0.861749,0.284779,-0.069668,0.849189,0.454843,-0.096039,0.77182,0.445506,-0.099617,0.786964,0.457634,-0.076242,0.810237,0.463761,-0.059307,0.846254,0.523452,-0.106769,0.766244,0.506847,-0.105947,0.787188,0.514111,-0.073257,0.811312,0.520542,-0.056103,0.84117,0.586684,-0.110542,0.767975,0.565208,-0.102833,0.789491,0.566817,-0.070573,0.813985,0.575575,-0.057334,0.836624,0.639777,-0.112867,0.781992,0.619093,-0.108256,0.796312,0.610978,-0.08978,0.813856,0.617981,-0.080741
thumbs_up,0.915383,0.60132,0.0,0.890377,0.500251,0.00432,0.862533,0.414923,-0.017804,0.853065,0.343966,-0.037606,0.868222,0.279501,-0.058095,0.850846,0.456741,-0.083296,0.772131,0.441825,-0.082719,0.78723,0.447335,-0.059809,0.810713,0.452805,-0.043979,0.847088,0.527756,-0.092377,0.764727,0.499467,-0.090945,0.78562,0.501311,-0.063366,0.809608,0.507224,-0.048719,0.840634,0.589522,-0.094534,0.764491,0.558175,-0.085376,0.78598,0.551444,-0.056446,0.811512,0.559353,-0.044311,0.834997,0.641798,-0.095464,0.778377,0.606333,-0.089191,0.792618,0.594191,-0.071172,0.811241,0.601911,-0.062065
thumbs_up,0.917786,0.590179,-0.0,0.899655,0.48978,0.001439,0.872645,0.404207,-0.011862,0.862365,0.333319,-0.024502,0.87294,0.27435,-0.037145,0.850049,0.44492,-0.047793,0.773879,0.421711,-0.058699,0.790401,0.433391,-0.055819,0.815856,0.443056,-0.051338,0.841769,0.512056,-0.053399,0.766396,0.478991,-0.059914,0.785685,0.48521,-0.049369,0.810194,0.493411,-0.043098,0.834243,0.572173,-0.055612,0.766348,0.535108,-0.056175,0.785655,0.535353,-0.03872,0.809386,0.542113,-0.028789,0.829196,0.623333,-0.05717,0.776341,0.583614,-0.054515,0.791559,0.580644,-0.039069,0.810664,0.58833,-0.028899
thumbs_up,0.923461,0.585449,-0.0,0.908475,0.481462,0.001031,0.882582,0.393521,-0.010074,0.872652,0.320047,-0.020829,0.884461,0.260316,-0.031451,0.849555,0.436147,-0.037884,0.777379,0.40669,-0.047802,0.794052,0.417534,-0.046774,0.819587,0.4281,-0.043576,0.838641,0.50191,-0.042231,0.769522,0.462635,-0.046365,0.788907,0.468506,-0.037828,0.81255,0.478709,-0.032998,0.830764,0.561214,-0.043833,0.768503,0.51923,-0.042812,0.787815,0.518915,-0.027784,0.810547,0.527412,-0.019468,0.826713,0.611138,-0.044932,0.777885,0.569114,-0.040923,0.793256,0.565733,-0.026289,0.811613,0.573507,-0.016608
thumbs_up,0.928869,0.587705,-0.0,0.910019,0.481111,0.002611,0.882987,0.392263,-0.009644,0.871744,0.316621,-0.021403,0.883307,0.255886,-0.033398,0.851997,0.436729,-0.044202,0.77905,0.416215,-0.050525,0.79462,0.425088,-0.044698,0.819222,0.433735,-0.038805,0.844426,0.504604,-0.04963,0.773565,0.471848,-0.051363,0.792515,0.475518,-0.039628,0.815906,0.48321,-0.033366,0.837869,0.564825,-0.051336,0.77322,0.525875,-0.048269,0.791648,0.523997,-0.031536,0.814848,0.532094,-0.023045,0.833981,0.615526,-0.052247,0.782154,0.574481,-0.047543,0.797071,0.570897,-0.032296,0.816759,0.580195,-0.022658
thumbs_up,0.934475,0.600965,-0.0,0.905916,0.49933,0.009099,0.883201,0.408823,-0.013406,0.874964,0.339612,-0.033914,0.885365,0.271928,-0.055304,0.870131,0.450049,-0.093346,0.792051,0.438402,-0.089841,0.810109,0.449387,-0.060825,0.832789,0.452112,-0.042086,0.871132,0.519774,-0.105364,0.788324,0.497126,-0.1035,0.809013,0.505569,-0.071097,0.833007,0.50883,-0.054708,0.867248,0.583924,-0.108982,0.791389,0.559005,-0.097618,0.813149,0.55946,-0.062812,0.839978,0.565017,-0.048957,0.863168,0.638865,-0.111007,0.805905,0.607352,-0.102511,0.820923,0.602713,-0.080516,0.841636,0.611646,-0.070332
thumbs_up,0.921102,0.609913,0.0,0.881985,0.506888,-0.004339,0.866261,0.424531,-0.045877,0.876441,0.360883,-0.082212,0.899143,0.286613,-0.120261,0.889376,0.463032,-0.145337,0.820984,0.47323,-0.140742,0.835066,0.4906,-0.100974,0.855419,0.490057,-0.07587,0.899634,0.539891,-0.156368,0.822229,0.528745,-0.147498,0.842249,0.542089,-0.096011,0.863677,0.543917,-0.070042,0.896954,0.605298,-0.158332,0.826545,0.586574,-0.136962,0.849112,0.590152,-0.088268,0.873434,0.59666,-0.071287,0.888448,0.655261,-0.160779,0.837381,0.637628,-0.147157,0.84917,0.632103,-0.121859,0.866531,0.639857,-0.113521
thumbs_up,0.916333,0.603202,0.0,0.885847,0.503659,-0.016556,0.871793,0.429516,-0.061127,0.88316,0.378841,-0.098723,0.899115,0.307269,-0.137693,0.904773,0.48341,-0.148462,0.839015,0.485165,-0.155099,0.848853,0.506392,-0.125831,0.871634,0.510059,-0.106281,0.910805,0.558313,-0.152999,0.841928,0.545064,-0.154756,0.85715,0.566035,-0.110447,0.879442,0.572292,-0.088125,0.907881,0.621119,-0.150643,0.849373,0.599929,-0.140822,0.867458,0.618231,-0.097426,0.890012,0.627565,-0.082113,0.900742,0.663707,-0.149556,0.856586,0.654521,-0.146914,0.869863,0.658888,-0.128538,0.888475,0.665733,-0.123568
thumbs_up,0.893738,0.597734,-0.0,0.867784,0.512551,-0.018294,0.86134,0.434572,-0.039466,0.869308,0.37088,-0.056942,0.881288,0.306659,-0.076532,0.907848,0.474841,-0.072018,0.841628,0.508802,-0.099186,0.840584,0.528093,-0.111451,0.8573,0.519011,-0.118653,0.919019,0.549276,-0.076417,0.842708,0.576098,-0.098835,0.845385,0.582036,-0.096014,0.867422,0.576306,-0.097288,0.920786,0.614423,-0.080196,0.849595,0.638035,-0.099331,0.851767,0.638208,-0.084868,0.873325,0.629997,-0.076552,0.917427,0.668081,-0.085264,0.862416,0.689162,-0.099726,0.863151,0.683533,-0.091583,0.880887,0.673037,-0.085943
thumbs_up,0.84621,0.633436,-0.0,0.82529,0.520914,-0.043151,0.831575,0.436192,-0.077606,0.848151,0.379047,-0.100983,0.861996,0.299097,-0.121992,0.900363,0.496333,-0.116709,0.829634,0.50187,-0.142561,0.809369,0.502819,-0.140174,0.816309,0.499662,-0.13761,0.90674,0.574213,-0.111508,0.827828,0.570076,-0.129632,0.812459,0.556347,-0.111624,0.821661,0.54673,-0.103017,0.900643,0.644771,-0.106162,0.824503,0.635921,-0.121226,0.810771,0.613992,-0.093973,0.820538,0.601886,-0.079546,0.888446,0.700422,-0.10519,0.827991,0.693291,-0.123557,0.817052,0.666754,-0.116012,0.824589,0.652197,-0.110532
thumbs_up,0.805132,0.637762,-0.0,0.789788,0.528281,-0.051536,0.800146,0.436735,-0.091071,0.819174,0.380949,-0.117162,0.836966,0.302049,-0.13758,0.870199,0.498357,-0.140328,0.804938,0.511526,-0.173382,0.780837,0.515544,-0.166685,0.794475,0.512154,-0.161257,0.879588,0.577664,-0.133139,0.808576,0.582736,-0.161592,0.779794,0.566793,-0.135751,0.795901,0.557522,-0.119127,0.875767,0.649764,-0.126814,0.803707,0.654225,-0.153106,0.780188,0.626065,-0.121233,0.794673,0.614026,-0.10192,0.868438,0.710351,-0.125437,0.808542,0.713458,-0.153748,0.789251,0.685087,-0.149908,0.79613,0.668737,-0.146303
thumbs_up,0.788714,0.646556,-0.0,0.772948,0.545261,-0.046946,0.774458,0.452985,-0.092026,0.787429,0.393219,-0.123768,0.804475,0.306115,-0.151014,0.834488,0.50383,-0.15884,0.773959,0.530873,-0.188429,0.756203,0.538575,-0.176598,0.769468,0.532391,-0.168969,0.847321,0.585468,-0.153227,0.781031,0.601495,-0.172578,0.755892,0.591361,-0.135869,0.771462,0.581211,-0.115332,0.848079,0.659784,-0.146891,0.779888,0.673968,-0.164991,0.757046,0.650969,-0.125428,0.769885,0.63655,-0.105504,0.846004,0.722567,-0.14522,0.784074,0.733055,-0.170688,0.763581,0.710363,-0.165702,0.768693,0.693008,-0.164503
thumbs_up,0.75934,0.664213,-1e-06,0.733807,0.561338,-0.044667,0.737471,0.459896,-0.071986,0.754154,0.392474,-0.089435,0.772726,0.317391,-0.102196,0.804781,0.519932,-0.092381,0.733511,0.550828,-0.119739,0.712194,0.557175,-0.123914,0.725058,0.548893,-0.127641,0.819826,0.5991,-0.085275,0.735313,0.627301,-0.108837,0.713769,0.61393,-0.101143,0.730274,0.600669,-0.098786,0.820737,0.673204,-0.079725,0.740048,0.694814,-0.10479,0.721633,0.670011,-0.090037,0.734637,0.653961,-0.08178,0.814476,0.735938,-0.078481,0.746083,0.752296,-0.10494,0.729496,0.728694,-0.105993,0.7373,0.708743,-0.105769
thumbs_up,0.731986,0.674545,-1e-06,0.701641,0.569095,-0.044791,0.700919,0.464828,-0.070886,0.71594,0.395902,-0.086786,0.732389,0.319237,-0.098047,0.766115,0.52525,-0.089227,0.691121,0.56261,-0.114447,0.675319,0.56889,-0.119052,0.689884,0.559467,-0.123153,0.783915,0.607677,-0.080465,0.695025,0.640979,-0.098821,0.679197,0.627526,-0.090095,0.698455,0.610409,-0.087904,0.787103,0.682974,-0.073202,0.703995,0.707961,-0.094526,0.691973,0.6844,-0.079016,0.708125,0.66649,-0.070359,0.782543,0.745668,-0.070329,0.71543,0.763682,-0.095286,0.703177,0.74007,-0.095506,0.712365,0.718586,-0.094307
thumbs_up,0.717476,0.683869,-0.0,0.683416,0.57824,-0.045924,0.668866,0.475946,-0.07764,0.673493,0.402218,-0.098795,0.688621,0.31818,-0.116055,0.733208,0.53015,-0.101544,0.652939,0.574503,-0.127605,0.653008,0.573244,-0.133311,0.673432,0.559521,-0.138285,0.752698,0.614514,-0.093594,0.659839,0.656098,-0.109054,0.661691,0.637189,-0.097895,0.684596,0.620935,-0.095443,0.757897,0.693451,-0.086381,0.669203,0.72275,-0.103553,0.671465,0.692046,-0.081787,0.691959,0.672669,-0.069758,0.754814,0.760741,-0.084335,0.682636,0.779376,-0.108089,0.680765,0.747548,-0.104973,0.694714,0.723495,-0.101213
thumbs_up,0.713513,0.691049,-0.0,0.671959,0.586049,-0.041981,0.646216,0.489625,-0.075832,0.642728,0.409707,-0.099354,0.653956,0.319673,-0.1206,0.704071,0.554191,-0.10511,0.616002,0.586528,-0.127668,0.620142,0.583743,-0.129461,0.644392,0.572088,-0.130278,0.720379,0.641365,-0.099341,0.622551,0.668487,-0.108713,0.632836,0.644297,-0.092399,0.659252,0.628009,-0.087272,0.72447,0.717629,-0.093311,0.632834,0.73829,-0.102187,0.642077,0.704309,-0.074764,0.665909,0.68654,-0.060974,0.720304,0.779208,-0.092231,0.646807,0.795172,-0.108402,0.65434,0.768175,-0.099615,0.675543,0.751654,-0.093253
thumbs_up,0.653173,0.712173,-0.0,0.623223,0.590196,-0.029767,0.613758,0.48773,-0.057064,0.61557,0.408765,-0.078105,0.626796,0.326656,-0.100528,0.659508,0.564323,-0.092495,0.601321,0.561056,-0.127378,0.585619,0.56386,-0.144001,0.589351,0.559113,-0.15448,0.665875,0.657263,-0.09441,0.589244,0.643713,-0.126064,0.587297,0.626551,-0.127448,0.604998,0.621368,-0.132531,0.666599,0.730851,-0.095636,0.593001,0.708721,-0.122492,0.591254,0.691933,-0.105671,0.612922,0.687306,-0.095786,0.662692,0.785008,-0.099435,0.600037,0.769963,-0.122714,0.602631,0.752099,-0.115388,0.62803,0.742573,-0.109487
thumbs_up,0.649486,0.6682,-0.0,0.61455,0.557899,-0.038599,0.595606,0.472152,-0.073205,0.590707,0.399359,-0.097434,0.603463,0.31555,-0.120374,0.635409,0.547074,-0.124671,0.529033,0.558946,-0.149471,0.527386,0.555797,-0.145091,0.553256,0.537404,-0.140208,0.639079,0.642665,-0.121023,0.523669,0.64274,-0.139074,0.536288,0.622412,-0.118105,0.561321,0.61448,-0.109103,0.635817,0.716864,-0.115998,0.530771,0.719794,-0.131435,0.538393,0.70126,-0.101549,0.563976,0.691913,-0.085651,0.629571,0.774364,-0.114854,0.549593,0.770442,-0.134687,0.548673,0.751674,-0.126777,0.56464,0.744939,-0.121247
thumbs_up,0.659081,0.702746,0.0,0.625299,0.58049,0.004672,0.590079,0.469765,-0.024343,0.577049,0.38323,-0.049712,0.585307,0.300765,-0.076328,0.581124,0.529115,-0.113391,0.489733,0.525717,-0.116041,0.511172,0.541963,-0.089853,0.540149,0.544816,-0.07168,0.574922,0.622027,-0.124695,0.482556,0.599058,-0.119016,0.506748,0.606639,-0.078132,0.535616,0.615782,-0.057916,0.566657,0.703391,-0.127813,0.487853,0.665492,-0.11205,0.512151,0.66817,-0.068602,0.54094,0.682392,-0.051075,0.559198,0.767011,-0.130066,0.503522,0.724712,-0.120304,0.518409,0.719446,-0.096174,0.537121,0.735544,-0.084666
thumbs_up,0.651931,0.675046,0.0,0.616692,0.561053,-0.001307,0.569669,0.466086,-0.016441,0.547444,0.376207,-0.031068,0.557267,0.295211,-0.04527,0.533767,0.537025,-0.043214,0.45612,0.536181,-0.054969,0.480618,0.535794,-0.055755,0.511282,0.533855,-0.053978,0.528854,0.625145,-0.048987,0.451402,0.605216,-0.052785,0.476657,0.600448,-0.043772,0.50608,0.604342,-0.039619,0.526396,0.704538,-0.052224,0.46164,0.674043,-0.049307,0.483172,0.663593,-0.033245,0.509393,0.666832,-0.025783,0.526174,0.769603,-0.055483,0.475694,0.73329,-0.049932,0.493629,0.720465,-0.034375,0.514438,0.725211,-0.024599
thumbs_up,0.630067,0.676654,0.0,0.589415,0.55282,-0.002638,0.544532,0.461198,-0.016281,0.517686,0.36811,-0.029235,0.523137,0.288435,-0.040679,0.489384,0.5478,-0.027923,0.428746,0.53084,-0.032467,0.452858,0.530039,-0.03102,0.480854,0.537634,-0.028252,0.481428,0.635801,-0.029112,0.424416,0.60111,-0.024194,0.445868,0.593885,-0.01634,0.470311,0.59914,-0.013397,0.479749,0.712985,-0.027977,0.433792,0.666388,-0.015549,0.452576,0.656142,-0.003437,0.475634,0.661251,-6e-06,0.482778,0.774078,-0.027319,0.451112,0.728162,-0.013224,0.467057,0.717388,0.000745,0.48345,0.720744,0.008931
thumbs_up,0.594712,0.669742,0.0,0.558584,0.540655,-0.003267,0.521046,0.45032,-0.016633,0.494519,0.358509,-0.030503,0.497287,0.282809,-0.042911,0.439541,0.54252,-0.0124,0.405054,0.511543,-0.013739,0.432178,0.510993,-0.015861,0.457659,0.522759,-0.016833,0.430861,0.629378,-0.013037,0.399968,0.581149,-0.0038,0.423135,0.576098,-0.000405,0.445811,0.588426,-0.001873,0.432774,0.702852,-0.012006,0.407885,0.648511,0.003574,0.42816,0.641405,0.011479,0.45211,0.651352,0.011468,0.439457,0.761448,-0.011943,0.420504,0.712359,0.005449,0.439082,0.703465,0.018831,0.458703,0.709532,0.026557
thumbs_up,0.560493,0.660184,-0.0,0.532109,0.527703,-0.007312,0.496218,0.430719,-0.020224,0.464762,0.339577,-0.033313,0.467745,0.266955,-0.045684,0.39872,0.516427,-0.012444,0.395062,0.462695,-0.015289,0.428289,0.471829,-0.023582,0.449669,0.495808,-0.030727,0.390118,0.602509,-0.012673,0.3917,0.534825,-0.005637,0.420268,0.535927,-0.007853,0.439432,0.557955,-0.014152,0.395143,0.67366,-0.011483,0.395951,0.609287,-0.000592,0.420005,0.604275,0.00341,0.441823,0.620739,0.001308,0.404665,0.733159,-0.011635,0.400913,0.678954,0.00078,0.422895,0.671015,0.012056,0.442113,0.681899,0.018815
thumbs_up,0.533115,0.651561,-0.0,0.505193,0.517641,-0.010414,0.466825,0.412896,-0.024446,0.438452,0.3223,-0.037891,0.444381,0.24801,-0.051348,0.371897,0.503177,-0.022164,0.385064,0.456115,-0.0281,0.418241,0.465085,-0.038039,0.437582,0.485977,-0.046662,0.362519,0.588885,-0.022106,0.384292,0.533309,-0.017191,0.412465,0.53502,-0.020024,0.429452,0.554195,-0.027339,0.368537,0.660416,-0.020616,0.387266,0.607744,-0.012815,0.411461,0.60208,-0.010074,0.430694,0.615523,-0.013081,0.380659,0.721215,-0.020752,0.391447,0.6753,-0.012893,0.413497,0.665482,-0.004291,0.430684,0.673767,0.000924
thumbs_up,0.513397,0.648788,-0.0,0.482986,0.513843,-0.006895,0.44355,0.412493,-0.018304,0.415063,0.322072,-0.029708,0.415917,0.242739,-0.041284,0.351259,0.498011,-0.018871,0.371105,0.455593,-0.023328,0.402882,0.468183,-0.031736,0.419557,0.492168,-0.039542,0.341514,0.58434,-0.020291,0.36619,0.53591,-0.014766,0.393265,0.541114,-0.016696,0.409574,0.561383,-0.023639,0.34698,0.65837,-0.020021,0.366217,0.61151,-0.012759,0.390593,0.607895,-0.008816,0.409494,0.621368,-0.011054,0.359369,0.722536,-0.020972,0.369234,0.684786,-0.014723,0.390935,0.672329,-0.005764,0.407401,0.675849,-6.4e-05
thumbs_up,0.497687,0.671331,-0.0,0.466019,0.533752,-0.004828,0.424558,0.425142,-0.014978,0.393254,0.328325,-0.025255,0.390757,0.256071,-0.035108,0.328792,0.509362,-0.014617,0.339493,0.458559,-0.018354,0.374149,0.472999,-0.027648,0.392401,0.498409,-0.036049,0.317056,0.59585,-0.017426,0.334769,0.538335,-0.010769,0.365586,0.547235,-0.013744,0.382987,0.572237,-0.021623,0.32069,0.671533,-0.018423,0.329985,0.61718,-0.011075,0.357694,0.615836,-0.006587,0.378986,0.633144,-0.008159,0.330847,0.737723,-0.02027,0.320388,0.702978,-0.013097,0.338324,0.688489,-0.001516,0.355028,0.690186,0.006267
thumbs_up,0.485235,0.697769,0.0,0.447953,0.559948,-0.003955,0.40495,0.449309,-0.017902,0.372178,0.346408,-0.031471,0.371358,0.261336,-0.043731,0.307572,0.5333,-0.022424,0.292216,0.490567,-0.027398,0.328995,0.502668,-0.03421,0.354175,0.528005,-0.039358,0.295227,0.628038,-0.024826,0.293295,0.575724,-0.017037,0.323887,0.580917,-0.015994,0.344331,0.603333,-0.020514,0.298448,0.71147,-0.024882,0.297686,0.655162,-0.011792,0.322849,0.65355,-0.003946,0.345536,0.670686,-0.004464,0.309066,0.78245,-0.02589,0.304114,0.736088,-0.012603,0.327059,0.729056,0.000576,0.347523,0.739212,0.008959
thumbs_up,0.480549,0.737619,0.0,0.442259,0.597986,-0.004442,0.396645,0.479966,-0.020561,0.366152,0.370163,-0.035572,0.366379,0.280627,-0.04988,0.320425,0.551299,-0.033043,0.26505,0.53571,-0.038642,0.293261,0.541629,-0.040111,0.321742,0.551693,-0.040186,0.310593,0.651278,-0.035994,0.256595,0.619483,-0.030209,0.281902,0.619683,-0.023464,0.309424,0.629701,-0.022966,0.309574,0.746851,-0.036309,0.260034,0.705938,-0.025395,0.282025,0.701412,-0.013279,0.310288,0.71097,-0.010344,0.313615,0.829894,-0.036935,0.268513,0.792944,-0.025376,0.289863,0.784155,-0.008978,0.313784,0.789229,0.001502
thumbs_up,0.474405,0.777844,-0.0,0.44122,0.649529,0.00076,0.394623,0.525071,-0.013811,0.365024,0.419977,-0.029082,0.36388,0.332769,-0.0453,0.350695,0.550676,-0.039232,0.26835,0.553513,-0.052506,0.291834,0.585486,-0.055442,0.321681,0.586747,-0.055732,0.341354,0.641283,-0.047222,0.255661,0.633216,-0.055282,0.283586,0.660599,-0.048367,0.317835,0.66507,-0.043983,0.335037,0.735596,-0.052414,0.257158,0.719629,-0.053993,0.285797,0.738405,-0.037409,0.31886,0.743179,-0.027938,0.332006,0.826678,-0.057019,0.266723,0.800513,-0.054,0.294582,0.80801,-0.036158,0.324364,0.814846,-0.023786
thumbs_up,0.475052,0.783714,-0.0,0.445407,0.668068,0.013612,0.397138,0.553671,0.009299,0.3661,0.460642,0.00237,0.367087,0.381111,-0.005275,0.363343,0.537817,-0.025294,0.274098,0.55136,-0.034576,0.293952,0.5949,-0.032263,0.323031,0.598301,-0.029615,0.354104,0.610857,-0.038659,0.263039,0.627173,-0.047093,0.287981,0.666101,-0.036155,0.319785,0.668989,-0.028711,0.344242,0.693423,-0.049048,0.26369,0.70255,-0.053482,0.292527,0.734121,-0.033722,0.3235,0.736408,-0.021367,0.337434,0.781461,-0.057786,0.270232,0.775614,-0.058922,0.298308,0.794521,-0.042113,0.327664,0.79787,-0.029768
thumbs_up,0.471291,0.775003,-0.0,0.438758,0.668073,0.019651,0.394876,0.561807,0.019595,0.366549,0.477147,0.014702,0.368394,0.407126,0.009424,0.364685,0.516595,-0.007775,0.27539,0.535022,-0.018135,0.291409,0.583882,-0.018486,0.31824,0.587014,-0.017735,0.360194,0.572864,-0.025291,0.264947,0.599356,-0.03656,0.286632,0.642949,-0.02852,0.317105,0.641608,-0.022078,0.352325,0.645246,-0.040763,0.26298,0.66669,-0.049878,0.2891,0.705369,-0.032118,0.318473,0.702172,-0.019607,0.345281,0.730676,-0.054366,0.270659,0.738193,-0.061464,0.295634,0.763138,-0.048025,0.325128,0.76369,-0.036547
thumbs_up,0.467013,0.764273,-1e-06,0.436882,0.660039,0.019771,0.394045,0.554767,0.020546,0.366789,0.471649,0.017039,0.365817,0.40423,0.014333,0.36394,0.494368,-0.006678,0.275014,0.522953,-0.020124,0.292227,0.574003,-0.022595,0.318328,0.572071,-0.023018,0.36134,0.55128,-0.023846,0.264141,0.585845,-0.037588,0.286899,0.630718,-0.029182,0.317255,0.624601,-0.022197,0.355317,0.622101,-0.039472,0.26424,0.65331,-0.050516,0.290062,0.693723,-0.032094,0.319419,0.684152,-0.018946,0.349742,0.703965,-0.05336,0.276279,0.724462,-0.061421,0.300748,0.752282,-0.04904,0.329564,0.7469,-0.038101
thumbs_up,0.47059,0.757604,-1e-06,0.43752,0.656267,0.018233,0.392648,0.552388,0.017209,0.363347,0.46834,0.011599,0.361871,0.399557,0.007274,0.363835,0.490171,-0.007235,0.272701,0.52151,-0.023471,0.291542,0.571685,-0.026609,0.318891,0.569537,-0.02703,0.365423,0.543561,-0.025344,0.265064,0.582578,-0.041043,0.289587,0.6247,-0.032983,0.319422,0.616578,-0.026456,0.365045,0.612292,-0.042418,0.268769,0.6516,-0.055116,0.296173,0.690104,-0.0362,0.325645,0.67795,-0.0231,0.364334,0.692335,-0.058115,0.286321,0.722445,-0.068291,0.311204,0.747965,-0.057063,0.340537,0.738861,-0.047033
thumbs_up,0.472238,0.74715,-1e-06,0.434907,0.645613,0.016234,0.384779,0.540763,0.011749,0.352506,0.451169,0.003525,0.351452,0.372178,-0.003871,0.370662,0.476334,-0.026569,0.270134,0.506569,-0.045527,0.287901,0.564055,-0.044967,0.314775,0.56407,-0.042748,0.382014,0.535228,-0.045817,0.269998,0.576867,-0.065302,0.294152,0.622025,-0.054539,0.325201,0.613952,-0.04704,0.389207,0.610732,-0.063079,0.280651,0.651016,-0.079688,0.308247,0.691535,-0.05756,0.340271,0.681341,-0.042749,0.393011,0.695078,-0.078475,0.303007,0.721882,-0.092483,0.325429,0.744577,-0.08071,0.35619,0.733904,-0.070558
thumbs_up,0.464981,0.749705,-1e-06,0.419921,0.643354,0.006189,0.370716,0.527507,-0.005264,0.344273,0.43039,-0.019056,0.348797,0.340877,-0.032902,0.389613,0.470288,-0.047373,0.280664,0.495833,-0.07598,0.297525,0.557998,-0.082191,0.328742,0.56215,-0.084209,0.407069,0.539529,-0.065231,0.287419,0.585464,-0.09239,0.312515,0.625306,-0.084393,0.347929,0.614699,-0.079573,0.418003,0.623792,-0.081927,0.303228,0.660002,-0.107308,0.3303,0.693426,-0.086906,0.366738,0.685094,-0.072296,0.42364,0.714758,-0.097232,0.326512,0.73325,-0.11817,0.346591,0.748702,-0.108105,0.38125,0.739392,-0.098702
thumbs_up,0.475081,0.74052,-0.0,0.420485,0.637312,-0.007813,0.372964,0.520878,-0.025216,0.345942,0.425386,-0.042144,0.34399,0.332141,-0.058844,0.396033,0.468623,-0.065509,0.288344,0.51084,-0.096321,0.305456,0.568567,-0.098824,0.340012,0.569618,-0.097393,0.419399,0.550206,-0.078976,0.297818,0.597168,-0.108878,0.321694,0.636408,-0.097818,0.356838,0.631612,-0.089976,0.434359,0.646079,-0.091965,0.316915,0.689259,-0.121363,0.34215,0.7205,-0.100045,0.378979,0.712937,-0.083965,0.443303,0.745073,-0.104487,0.343963,0.769925,-0.128401,0.3639,0.778018,-0.118421,0.400709,0.766241,-0.108137
thumbs_up,0.470912,0.731637,-0.0,0.403961,0.622715,-0.016566,0.359442,0.507551,-0.046656,0.340605,0.415871,-0.073319,0.340513,0.319021,-0.100323,0.399236,0.495058,-0.108801,0.296605,0.549641,-0.142311,0.311678,0.599221,-0.13839,0.344098,0.590108,-0.132733,0.432918,0.581803,-0.120703,0.313771,0.637427,-0.152083,0.331397,0.672677,-0.130759,0.365136,0.668004,-0.117433,0.453863,0.680136,-0.13082,0.336872,0.734668,-0.159996,0.357568,0.754465,-0.130441,0.396756,0.744406,-0.111226,0.465356,0.775666,-0.140938,0.371203,0.815638,-0.165689,0.386049,0.81338,-0.152701,0.421833,0.800759,-0.141944
thumbs_up,0.453411,0.746305,-0.0,0.386499,0.64127,-0.022608,0.344019,0.527251,-0.045563,0.327242,0.429808,-0.065163,0.326137,0.330334,-0.085498,0.404718,0.543824,-0.085712,0.311516,0.613363,-0.116466,0.323406,0.648792,-0.121731,0.355006,0.632862,-0.123204,0.440695,0.63991,-0.093307,0.331152,0.708047,-0.119897,0.348225,0.716423,-0.109379,0.381356,0.694083,-0.104543,0.462187,0.735622,-0.100531,0.361591,0.802672,-0.128553,0.380633,0.799833,-0.105949,0.418262,0.778544,-0.090212,0.475763,0.82309,-0.10931,0.402228,0.873321,-0.133696,0.413079,0.861873,-0.122792,0.442434,0.842402,-0.112486
thumbs_up,0.434845,0.796012,-0.0,0.370106,0.700234,-0.032844,0.325856,0.593543,-0.058276,0.304651,0.487092,-0.077352,0.294753,0.382136,-0.096249,0.399233,0.641378,-0.078899,0.299613,0.730762,-0.109045,0.311277,0.734336,-0.123199,0.341135,0.692262,-0.132077,0.43966,0.734205,-0.079522,0.317653,0.841782,-0.101846,0.338325,0.809034,-0.102758,0.375314,0.764065,-0.110343,0.464336,0.816785,-0.080666,0.352944,0.91374,-0.102663,0.370512,0.885406,-0.089728,0.405443,0.851169,-0.084549,0.478815,0.893171,-0.08497,0.400116,0.962936,-0.10619,0.411015,0.940269,-0.101707,0.440211,0.914722,-0.098725
thumbs_up,0.434496,0.8123,-0.0,0.368174,0.724056,-0.045597,0.321868,0.626009,-0.083618,0.295136,0.534776,-0.111118,0.280407,0.424346,-0.136718,0.389399,0.700169,-0.116995,0.277614,0.825899,-0.143918,0.294365,0.806877,-0.145958,0.327136,0.758758,-0.145243,0.431964,0.790215,-0.11214,0.306742,0.920107,-0.125577,0.334364,0.867028,-0.109667,0.371024,0.81974,-0.106297,0.459826,0.869593,-0.10694,0.343629,0.988278,-0.117958,0.362477,0.940505,-0.092444,0.394183,0.896079,-0.081615,0.475772,0.943364,-0.107165,0.389911,1.040067,-0.123161,0.403472,1.012381,-0.115684,0.432652,0.984407,-0.111898
thumbs_up,0.431551,0.79645,-0.0,0.370383,0.717922,-0.036519,0.31351,0.617871,-0.062565,0.28007,0.532174,-0.080676,0.256878,0.440251,-0.099767,0.392392,0.71763,-0.101609,0.28693,0.831693,-0.137149,0.290468,0.8042,-0.157252,0.314487,0.749439,-0.168525,0.436681,0.809543,-0.100683,0.31355,0.91764,-0.128462,0.323297,0.855808,-0.130977,0.354853,0.806029,-0.138422,0.466614,0.877041,-0.098607,0.35244,0.970506,-0.126653,0.358495,0.913884,-0.114117,0.389373,0.869598,-0.106506,0.484875,0.930986,-0.099788,0.399353,0.995271,-0.123641,0.403645,0.953248,-0.117029,0.435785,0.917345,-0.111739
thumbs_up,0.430008,0.803992,0.0,0.368108,0.725277,-0.075803,0.315539,0.632857,-0.150651,0.287518,0.52705,-0.212336,0.26416,0.415139,-0.268007,0.39543,0.694727,-0.19685,0.287661,0.827865,-0.253893,0.295142,0.790939,-0.262879,0.320899,0.744933,-0.266656,0.441779,0.777752,-0.183615,0.312544,0.91431,-0.231235,0.327885,0.867421,-0.212298,0.362661,0.821071,-0.203863,0.472396,0.865494,-0.170771,0.347173,0.977139,-0.197516,0.361281,0.932709,-0.174398,0.392538,0.897792,-0.16634,0.486376,0.953898,-0.165631,0.389529,1.017039,-0.178216,0.396499,0.975097,-0.17173,0.428461,0.944619,-0.174612
thumbs_up,0.451876,0.760084,-0.0,0.392468,0.677801,-0.06022,0.340488,0.587066,-0.098997,0.31161,0.510396,-0.124874,0.296972,0.408311,-0.14739,0.414189,0.681201,-0.12253,0.289568,0.808643,-0.155667,0.302074,0.781722,-0.165723,0.338026,0.739995,-0.17106,0.452614,0.788989,-0.110353,0.316797,0.907416,-0.126803,0.334559,0.855886,-0.108663,0.375863,0.801109,-0.100706,0.476891,0.876844,-0.099458,0.345898,0.97095,-0.118852,0.361585,0.912861,-0.080832,0.398691,0.864084,-0.055036,0.487533,0.949747,-0.096659,0.384715,1.022723,-0.123792,0.395636,0.983092,-0.109756,0.42655,0.949533,-0.095131
thumbs_up,0.462256,0.695068,0.0,0.404423,0.626855,-0.063966,0.352204,0.563327,-0.128327,0.333961,0.487996,-0.178932,0.322787,0.382097,-0.222292,0.419828,0.706643,-0.18288,0.298122,0.808028,-0.232727,0.311364,0.761633,-0.232227,0.350132,0.721797,-0.225893,0.458807,0.804541,-0.168546,0.32297,0.90091,-0.210273,0.336594,0.84541,-0.187424,0.377226,0.807361,-0.171976,0.480051,0.889026,-0.152979,0.354835,0.960578,-0.175607,0.36655,0.903407,-0.14923,0.405203,0.869567,-0.135134,0.489719,0.954512,-0.142318,0.392004,1.00624,-0.152479,0.397872,0.948237,-0.140308,0.433755,0.914065,-0.135373
thumbs_up,0.471244,0.675347,0.0,0.41518,0.609472,-0.072357,0.36857,0.552641,-0.142794,0.357105,0.473768,-0.198995,0.352187,0.356093,-0.248603,0.423647,0.715028,-0.18824,0.298846,0.799305,-0.239971,0.320195,0.741011,-0.245227,0.36066,0.701399,-0.245357,0.460714,0.81816,-0.172176,0.323881,0.897564,-0.211479,0.34267,0.838211,-0.191688,0.380521,0.802747,-0.181525,0.480728,0.903869,-0.15572,0.352286,0.958204,-0.174707,0.370012,0.901615,-0.151409,0.408839,0.87084,-0.142599,0.488704,0.970682,-0.145597,0.393259,1.009003,-0.152146,0.401857,0.956181,-0.142102,0.436935,0.930309,-0.140991
thumbs_up,0.483031,0.688192,0.0,0.433496,0.621539,-0.076209,0.396667,0.556569,-0.149291,0.391765,0.469979,-0.205869,0.397462,0.357748,-0.255513,0.426942,0.723494,-0.209896,0.304245,0.787168,-0.259504,0.332904,0.732478,-0.256344,0.376365,0.699991,-0.251526,0.45546,0.82857,-0.191056,0.322832,0.885257,-0.231818,0.347875,0.826808,-0.206667,0.387197,0.797363,-0.193615,0.472559,0.912005,-0.170588,0.348392,0.946938,-0.190258,0.369753,0.893193,-0.165226,0.408568,0.869137,-0.156885,0.479023,0.97717,-0.156353,0.387823,0.997284,-0.166843,0.398968,0.949571,-0.160645,0.433139,0.931442,-0.163071
thumbs_up,0.491986,0.686919,0.0,0.442251,0.609138,-0.08136,0.408881,0.535565,-0.156253,0.408331,0.448649,-0.213033,0.416182,0.328801,-0.262379,0.436382,0.709971,-0.215464,0.306448,0.752072,-0.264233,0.335542,0.706244,-0.257751,0.381934,0.684858,-0.24978,0.456426,0.825104,-0.193383,0.319268,0.852146,-0.233696,0.346395,0.798078,-0.20486,0.389382,0.777973,-0.187761,0.465493,0.914453,-0.170141,0.342659,0.917689,-0.190543,0.367421,0.866737,-0.162394,0.408753,0.851629,-0.150462,0.466162,0.981669,-0.153468,0.380822,0.975977,-0.165414,0.393529,0.928225,-0.15807,0.425565,0.918884,-0.15826
thumbs_up,0.499012,0.683597,0.0,0.449962,0.599192,-0.080607,0.42338,0.523526,-0.155129,0.422579,0.437695,-0.209623,0.439458,0.329962,-0.25684,0.435914,0.698167,-0.231694,0.310308,0.697187,-0.273624,0.338039,0.661007,-0.254077,0.383153,0.655345,-0.237218,0.439294,0.810963,-0.207178,0.308229,0.801011,-0.242963,0.338572,0.746621,-0.20266,0.379606,0.740391,-0.177658,0.435167,0.897965,-0.179741,0.319144,0.869711,-0.198088,0.346216,0.819555,-0.163429,0.384375,0.814634,-0.147521,0.424365,0.96428,-0.158383,0.343548,0.93292,-0.173327,0.358902,0.887661,-0.166853,0.388097,0.88363,-0.167069
thumbs_up,0.510555,0.686355,0.0,0.466794,0.597267,-0.055745,0.435969,0.521595,-0.114943,0.443425,0.444168,-0.160692,0.472074,0.334949,-0.199702,0.43975,0.695968,-0.175095,0.304638,0.683406,-0.219174,0.338648,0.647766,-0.21363,0.389541,0.644813,-0.204878,0.449922,0.812433,-0.16228,0.306754,0.793214,-0.200438,0.336892,0.745534,-0.174241,0.384264,0.738141,-0.155837,0.450664,0.900133,-0.147337,0.325181,0.864134,-0.164481,0.351871,0.821162,-0.135879,0.394902,0.822209,-0.120738,0.446753,0.959629,-0.136606,0.355637,0.931232,-0.144162,0.372229,0.887936,-0.132176,0.406239,0.887468,-0.12722
thumbs_up,0.517619,0.690625,0.0,0.46839,0.594278,-0.047462,0.427835,0.508364,-0.102591,0.435101,0.423064,-0.147945,0.464036,0.306962,-0.187185,0.458798,0.668621,-0.154443,0.321559,0.688908,-0.201676,0.350781,0.651588,-0.203901,0.39669,0.640315,-0.198767,0.477494,0.782802,-0.146212,0.330625,0.800991,-0.185252,0.358263,0.755092,-0.164695,0.403813,0.74125,-0.149165,0.481793,0.872473,-0.13656,0.350378,0.869362,-0.153362,0.37459,0.826999,-0.126819,0.417412,0.820813,-0.111637,0.479733,0.937766,-0.130767,0.38024,0.938133,-0.133687,0.396876,0.896126,-0.118603,0.43339,0.891166,-0.111838
thumbs_up,0.500942,0.746539,0.0,0.457374,0.629384,-0.038245,0.426232,0.517478,-0.088415,0.438023,0.409922,-0.130904,0.465251,0.28796,-0.167464,0.510368,0.626246,-0.150998,0.38734,0.682293,-0.19398,0.404826,0.638469,-0.192446,0.442322,0.614108,-0.184582,0.536444,0.736106,-0.146256,0.394345,0.79162,-0.181067,0.412119,0.737089,-0.156558,0.453107,0.712569,-0.14032,0.536718,0.830484,-0.138836,0.40042,0.872273,-0.152524,0.418325,0.819097,-0.119893,0.45933,0.797777,-0.101578,0.524158,0.905626,-0.134887,0.421686,0.939292,-0.133605,0.432955,0.892867,-0.113525,0.466678,0.874218,-0.10544
thumbs_up,0.439749,0.78043,-1e-06,0.41855,0.642117,-0.068071,0.442023,0.518239,-0.107781,0.474564,0.43347,-0.138634,0.502043,0.332057,-0.162424,0.56105,0.617261,-0.089763,0.485156,0.640242,-0.144092,0.443814,0.642292,-0.16697,0.45001,0.632794,-0.179189,0.577822,0.733716,-0.080635,0.47689,0.754706,-0.132289,0.422608,0.727227,-0.136298,0.437882,0.710969,-0.135261,0.571334,0.836303,-0.078954,0.47447,0.852213,-0.134682,0.425427,0.810628,-0.123044,0.437845,0.787755,-0.108815,0.55251,0.919686,-0.083923,0.473989,0.93392,-0.12747,0.437369,0.89864,-0.128342,0.44526,0.87145,-0.123036
thumbs_up,0.464224,0.78548,-1e-06,0.433901,0.660137,-0.067599,0.455878,0.531418,-0.108886,0.487725,0.445415,-0.142066,0.52288,0.3452,-0.169605,0.581327,0.617364,-0.095415,0.52086,0.623236,-0.158549,0.477284,0.62585,-0.191103,0.474976,0.618093,-0.208749,0.60118,0.734459,-0.088602,0.518705,0.747742,-0.151277,0.460123,0.724564,-0.16544,0.461945,0.708315,-0.169667,0.596471,0.84265,-0.088731,0.521699,0.857852,-0.155511,0.46388,0.824482,-0.149571,0.463285,0.797518,-0.136034,0.57716,0.933159,-0.094476,0.518638,0.956079,-0.146266,0.477699,0.927593,-0.14822,0.477879,0.896159,-0.141438
thumbs_up,0.451461,0.777884,-1e-06,0.443128,0.650195,-0.05681,0.482554,0.524439,-0.088752,0.522343,0.433057,-0.113854,0.554577,0.331849,-0.131998,0.623507,0.632657,-0.062722,0.563435,0.637708,-0.108804,0.51979,0.640453,-0.131526,0.519106,0.634646,-0.144673,0.640897,0.749861,-0.056946,0.561203,0.754373,-0.102024,0.506165,0.733929,-0.111458,0.510894,0.723428,-0.114416,0.631284,0.856574,-0.057951,0.562194,0.858619,-0.10753,0.513209,0.826734,-0.100076,0.51699,0.805834,-0.088616,0.606813,0.946737,-0.064356,0.563507,0.962125,-0.103431,0.531586,0.930768,-0.103372,0.535231,0.901452,-0.096614
thumbs_up,0.480497,0.799033,-1e-06,0.476266,0.66211,-0.060101,0.522554,0.527092,-0.093209,0.563637,0.423176,-0.118494,0.59324,0.319017,-0.135092,0.657111,0.624021,-0.060294,0.613844,0.639504,-0.094596,0.569529,0.648725,-0.101495,0.570681,0.636969,-0.104403,0.675753,0.734907,-0.05157,0.627765,0.756515,-0.085924,0.565051,0.742457,-0.082925,0.575388,0.720843,-0.077817,0.667897,0.8406,-0.049493,0.635879,0.858793,-0.09002,0.579492,0.839542,-0.073089,0.583064,0.815869,-0.0569,0.646102,0.930842,-0.05297,0.634447,0.956577,-0.080242,0.594582,0.935853,-0.069879,0.593272,0.90998,-0.057959
thumbs_up,0.505355,0.810959,-1e-06,0.503287,0.659019,-0.057665,0.555807,0.520964,-0.085778,0.596367,0.411796,-0.10784,0.621233,0.30393,-0.121182,0.675097,0.592606,-0.044876,0.668862,0.609729,-0.078441,0.608099,0.64744,-0.085015,0.59992,0.646209,-0.087277,0.697309,0.700881,-0.03634,0.687802,0.71543,-0.074787,0.610628,0.731165,-0.073829,0.613984,0.71026,-0.06737,0.695853,0.807202,-0.035356,0.695184,0.820666,-0.079229,0.624494,0.823479,-0.060295,0.622784,0.800911,-0.040583,0.682755,0.900269,-0.039398,0.68827,0.917793,-0.064109,0.635042,0.908694,-0.049087,0.626805,0.886671,-0.034216
thumbs_up,0.525788,0.811674,-1e-06,0.528769,0.66233,-0.060179,0.582552,0.516782,-0.086489,0.619791,0.399508,-0.106045,0.642907,0.300473,-0.114321,0.712893,0.554653,-0.035015,0.713042,0.570069,-0.074822,0.643246,0.610017,-0.087054,0.640174,0.604836,-0.092225,0.73372,0.667571,-0.025144,0.727968,0.690243,-0.069533,0.644026,0.708896,-0.07206,0.652515,0.686774,-0.06582,0.732238,0.782198,-0.024952,0.73742,0.807886,-0.073051,0.660671,0.808598,-0.054355,0.662447,0.78531,-0.032713,0.720798,0.883261,-0.030371,0.731436,0.908791,-0.057983,0.674676,0.896758,-0.044609,0.667911,0.872727,-0.029093
thumbs_up,0.57414,0.799167,-1e-06,0.580119,0.658127,-0.053722,0.633064,0.511556,-0.077824,0.670137,0.394433,-0.0977,0.688113,0.294968,-0.108337,0.744897,0.566751,-0.027924,0.768598,0.576059,-0.069416,0.699503,0.613153,-0.084743,0.680176,0.6185,-0.090712,0.765105,0.672387,-0.021818,0.798634,0.686403,-0.06688,0.716718,0.705733,-0.069549,0.705948,0.693713,-0.062162,0.768335,0.775639,-0.025493,0.807213,0.793322,-0.072531,0.73224,0.800217,-0.052372,0.720151,0.786016,-0.028956,0.760681,0.869066,-0.034193,0.795318,0.888077,-0.057978,0.741313,0.884948,-0.040539,0.727031,0.873085,-0.022685
thumbs_up,0.603842,0.75704,-1e-06,0.623662,0.631859,-0.044829,0.690429,0.487065,-0.062614,0.732516,0.376098,-0.078628,0.753197,0.286043,-0.085401,0.801336,0.548911,-0.00868,0.833918,0.559032,-0.052965,0.758363,0.587817,-0.072658,0.732684,0.593699,-0.080023,0.814699,0.656802,-0.005948,0.856048,0.673657,-0.05426,0.768491,0.677351,-0.060666,0.755168,0.65775,-0.053556,0.811958,0.758444,-0.013628,0.853777,0.777799,-0.061659,0.776298,0.772766,-0.044475,0.764491,0.752132,-0.021243,0.800887,0.850061,-0.025528,0.83911,0.864808,-0.04684,0.783121,0.852483,-0.029256,0.768618,0.834496,-0.010618
thumbs_up,0.637012,0.741193,-1e-06,0.650058,0.616813,-0.043277,0.718722,0.480502,-0.060951,0.767406,0.378748,-0.076932,0.790722,0.288378,-0.083922,0.817865,0.55209,-0.011895,0.859528,0.548775,-0.056487,0.78478,0.577741,-0.074384,0.758067,0.586483,-0.080111,0.83005,0.65564,-0.009909,0.876245,0.661664,-0.059887,0.787254,0.664159,-0.065632,0.774325,0.646572,-0.057057,0.82763,0.754017,-0.017844,0.870924,0.771123,-0.068257,0.792132,0.760939,-0.051142,0.78187,0.739012,-0.027062,0.816756,0.844659,-0.029605,0.85471,0.860843,-0.054063,0.797747,0.84575,-0.036924,0.783122,0.826039,-0.017889
thumbs_up,0.651765,0.748399,-1e-06,0.662663,0.624112,-0.043386,0.729497,0.488623,-0.061935,0.779242,0.38836,-0.0785,0.805852,0.299892,-0.086509,0.836879,0.554721,-0.015091,0.875127,0.553443,-0.059728,0.802979,0.582015,-0.077578,0.770207,0.591401,-0.082448,0.848383,0.658872,-0.01269,0.892366,0.672051,-0.061029,0.805347,0.673333,-0.067346,0.790361,0.650919,-0.059042,0.844686,0.758558,-0.019662,0.88425,0.779565,-0.068964,0.809334,0.768807,-0.054252,0.799043,0.742357,-0.031765,0.831491,0.84874,-0.030125,0.866473,0.86503,-0.054768,0.812422,0.850465,-0.038517,0.798194,0.827331,-0.019625
thumbs_up,0.674733,0.755574,-1e-06,0.692765,0.63812,-0.038703,0.755547,0.509504,-0.056473,0.803578,0.409642,-0.073407,0.828929,0.3259,-0.082055,0.853311,0.574887,-0.012127,0.900301,0.57171,-0.052435,0.828771,0.599916,-0.068669,0.795063,0.610429,-0.073213,0.864671,0.671951,-0.010413,0.915442,0.685541,-0.054158,0.829822,0.686788,-0.058574,0.811294,0.668237,-0.050096,0.861618,0.764558,-0.017256,0.909906,0.789466,-0.060807,0.836925,0.777551,-0.045101,0.82081,0.755793,-0.023167,0.848959,0.848591,-0.027453,0.888988,0.870388,-0.048508,0.838581,0.852496,-0.032652,0.821105,0.82927,-0.01489
thumbs_up,0.700284,0.734482,-1e-06,0.712461,0.61444,-0.038955,0.77396,0.489406,-0.055987,0.821753,0.393189,-0.072183,0.847416,0.313609,-0.079593,0.881196,0.547055,-0.005438,0.927734,0.545846,-0.047625,0.857218,0.573518,-0.066499,0.823117,0.583279,-0.071774,0.893599,0.640112,-0.00338,0.94639,0.652462,-0.049508,0.859518,0.656297,-0.055586,0.838543,0.638377,-0.046428,0.892374,0.731895,-0.01074,0.941534,0.755115,-0.054893,0.867815,0.746467,-0.03951,0.851073,0.725362,-0.016423,0.882778,0.817358,-0.021753,0.924768,0.832964,-0.041437,0.873814,0.817684,-0.0251,0.857328,0.800618,-0.006419
thumbs_up,0.724678,0.692152,-1e-06,0.73969,0.571807,-0.036396,0.803896,0.451083,-0.053287,0.85014,0.354515,-0.06965,0.877818,0.275249,-0.077405,0.912108,0.512777,-0.006512,0.966243,0.502603,-0.050171,0.897522,0.530648,-0.070693,0.855659,0.539361,-0.07572,0.923655,0.603493,-0.004314,0.976311,0.608798,-0.048955,0.888762,0.618333,-0.055234,0.863746,0.599403,-0.046544,0.922022,0.695173,-0.011059,0.976061,0.711732,-0.052884,0.900224,0.709738,-0.035806,0.878149,0.690659,-0.011963,0.911359,0.781494,-0.021151,0.957147,0.795387,-0.040349,0.904065,0.781594,-0.022459,0.883746,0.763323,-0.0021
thumbs_up,0.757717,0.683748,-1e-06,0.774307,0.554784,-0.032135,0.836418,0.427028,-0.043724,0.884024,0.331444,-0.055952,0.91106,0.25179,-0.060381,0.94738,0.504464,0.010033,0.998192,0.483351,-0.03026,0.933333,0.508857,-0.052461,0.893611,0.521171,-0.058118,0.960506,0.588075,0.012703,1.001773,0.580267,-0.028716,0.928186,0.59015,-0.039608,0.899194,0.585702,-0.033972,0.961673,0.672557,0.006077,1.00008,0.673649,-0.034033,0.932101,0.672353,-0.025195,0.904922,0.666513,-0.006109,0.954854,0.756164,-0.003466,0.99296,0.755421,-0.022255,0.939365,0.740696,-0.009073,0.911903,0.734067,0.008829
thumbs_up,0.785326,0.685389,-1e-06,0.80683,0.550149,-0.027399,0.864883,0.418669,-0.035528,0.907216,0.321899,-0.044387,0.933012,0.245019,-0.046869,0.969724,0.495487,0.015298,1.017275,0.477367,-0.016324,0.956979,0.500934,-0.036117,0.916918,0.510683,-0.042465,0.984461,0.581706,0.017905,1.022612,0.573707,-0.016033,0.953635,0.584686,-0.028211,0.91921,0.582031,-0.025495,0.985993,0.668079,0.012675,1.020038,0.665583,-0.020808,0.955508,0.667437,-0.015293,0.924008,0.662834,-0.000568,0.977493,0.753012,0.00514,1.008501,0.74911,-0.011404,0.956086,0.737684,-0.00054,0.929043,0.731196,0.014516
thumbs_up,0.788711,0.668265,-1e-06,0.813358,0.541173,-0.029762,0.87902,0.414551,-0.037453,0.927358,0.322038,-0.045839,0.958359,0.252544,-0.046411,0.977208,0.500713,0.016647,1.020945,0.490077,-0.019359,0.957033,0.51111,-0.039287,0.920531,0.516435,-0.045256,0.986634,0.586356,0.018574,1.020443,0.583998,-0.018647,0.949842,0.590943,-0.028731,0.926761,0.580814,-0.02452,0.982488,0.672364,0.011252,1.01459,0.676507,-0.026226,0.94967,0.673994,-0.01716,0.928908,0.661553,0.000308,0.970099,0.756647,0.001238,0.998668,0.75617,-0.015273,0.94731,0.742287,-0.001742,0.928504,0.729447,0.014756
thumbs_up,0.788835,0.666514,-1e-06,0.815066,0.539149,-0.029167,0.88151,0.413348,-0.037527,0.929822,0.321338,-0.046713,0.958232,0.248779,-0.048525,0.974839,0.501721,0.016605,1.021674,0.485387,-0.01902,0.960727,0.506686,-0.03995,0.923698,0.514401,-0.046659,0.984972,0.587847,0.018707,1.022284,0.583618,-0.019248,0.954213,0.588899,-0.031721,0.928098,0.579448,-0.028821,0.981613,0.672588,0.012043,1.014541,0.676265,-0.02459,0.951191,0.672511,-0.017214,0.927808,0.661647,-0.000821,0.969774,0.755131,0.002697,0.998011,0.754883,-0.013046,0.947676,0.739156,-0.000346,0.927513,0.727444,0.015473
thumbs_up,0.785886,0.660101,-1e-06,0.813652,0.531755,-0.027497,0.883156,0.407258,-0.033977,0.933185,0.319547,-0.04163,0.962909,0.250418,-0.042051,0.974173,0.497914,0.019946,1.018557,0.48319,-0.015274,0.958544,0.50385,-0.035846,0.922276,0.512874,-0.042383,0.983599,0.583593,0.020714,1.018822,0.577607,-0.017031,0.950813,0.582139,-0.028915,0.925273,0.576327,-0.025361,0.979309,0.668138,0.012493,1.010047,0.668457,-0.024429,0.946431,0.664221,-0.016567,0.924047,0.656723,0.000382,0.966584,0.750224,0.001623,0.992981,0.745185,-0.014173,0.942296,0.730397,-0.001025,0.923338,0.723338,0.01517
thumbs_up,0.766895,0.650987,-1e-06,0.790932,0.526641,-0.031337,0.865922,0.403844,-0.039186,0.918939,0.314679,-0.047724,0.951691,0.244295,-0.048612,0.957343,0.488065,0.014916,1.005802,0.472675,-0.025524,0.942676,0.496534,-0.047985,0.903791,0.510234,-0.054589,0.966296,0.577409,0.015408,1.009748,0.5764,-0.028239,0.934003,0.58042,-0.039807,0.905497,0.575991,-0.033839,0.961082,0.665155,0.0061,1.00196,0.672581,-0.037413,0.931869,0.664451,-0.02776,0.906012,0.655774,-0.007143,0.947753,0.751421,-0.006102,0.986574,0.755141,-0.02767,0.93178,0.734591,-0.013524,0.905869,0.720324,0.005236
thumbs_up,0.725831,0.673241,-1e-06,0.746035,0.543002,-0.033216,0.823269,0.421293,-0.044562,0.878171,0.328103,-0.056296,0.912215,0.256259,-0.059138,0.918226,0.494129,0.0029,0.975426,0.477423,-0.04512,0.904223,0.505755,-0.068888,0.863129,0.519164,-0.075642,0.924041,0.585879,0.001755,0.978345,0.581452,-0.047399,0.890812,0.590209,-0.056169,0.865659,0.581413,-0.047854,0.916061,0.677892,-0.009345,0.968363,0.685365,-0.057056,0.889299,0.680784,-0.040017,0.866542,0.668791,-0.014083,0.899254,0.767918,-0.023712,0.944823,0.774931,-0.046914,0.887934,0.756091,-0.028251,0.865378,0.739609,-0.006215
thumbs_up,0.678725,0.682885,-1e-06,0.699063,0.557468,-0.037338,0.776218,0.433035,-0.051018,0.834335,0.339403,-0.064067,0.869697,0.268081,-0.067845,0.86918,0.499801,-0.005725,0.9276,0.483014,-0.053474,0.855212,0.516859,-0.075635,0.816491,0.530395,-0.082301,0.876012,0.595147,-0.005935,0.933806,0.591773,-0.056914,0.844373,0.604653,-0.064346,0.81936,0.59314,-0.055368,0.867291,0.68814,-0.015903,0.91864,0.699035,-0.066339,0.839014,0.696034,-0.049596,0.818596,0.678936,-0.023824,0.849935,0.778242,-0.029291,0.892388,0.792938,-0.055067,0.838742,0.777133,-0.038564,0.821297,0.757304,-0.01843
thumbs_up,0.633708,0.688158,-1e-06,0.653223,0.566427,-0.037492,0.730481,0.440025,-0.0519,0.785561,0.346488,-0.065544,0.821477,0.275127,-0.070446,0.826448,0.504427,-0.006026,0.877724,0.485822,-0.054257,0.80694,0.520304,-0.077653,0.767703,0.536507,-0.084957,0.833144,0.602014,-0.006527,0.885668,0.598368,-0.057137,0.797976,0.606831,-0.065264,0.773519,0.594673,-0.056873,0.824447,0.697476,-0.016874,0.870377,0.709349,-0.065813,0.79522,0.701213,-0.049933,0.779136,0.684214,-0.025469,0.807718,0.787091,-0.030678,0.847121,0.795894,-0.053681,0.795542,0.780438,-0.035969,0.781274,0.766861,-0.015646
thumbs_up,0.596392,0.690836,-1e-06,0.61559,0.568852,-0.036339,0.693115,0.444153,-0.049475,0.748581,0.350985,-0.062287,0.784003,0.279142,-0.066188,0.786382,0.512834,-0.000926,0.836789,0.492657,-0.046342,0.767649,0.521854,-0.067507,0.731591,0.536977,-0.073787,0.793039,0.606265,-0.001322,0.843481,0.60142,-0.049479,0.756481,0.60679,-0.056387,0.736234,0.596331,-0.047564,0.784091,0.697537,-0.011726,0.826488,0.706484,-0.058882,0.752633,0.696568,-0.042993,0.739977,0.682261,-0.018916,0.767387,0.784389,-0.025539,0.806041,0.788622,-0.046678,0.755036,0.770739,-0.028819,0.741089,0.758846,-0.008824
thumbs_up,0.572401,0.695311,-1e-06,0.587806,0.568226,-0.037805,0.664171,0.434992,-0.050058,0.718668,0.339868,-0.061317,0.751512,0.264748,-0.063466,0.756786,0.495681,0.000821,0.802203,0.473687,-0.044424,0.734097,0.507193,-0.065542,0.699702,0.529171,-0.072008,0.768083,0.589366,0.001153,0.813417,0.582131,-0.048602,0.729339,0.592892,-0.056494,0.710898,0.590607,-0.047302,0.763521,0.681962,-0.009053,0.797473,0.684391,-0.057916,0.724282,0.679975,-0.04404,0.715317,0.672557,-0.02044,0.751296,0.772382,-0.022862,0.778455,0.772745,-0.045901,0.727301,0.758721,-0.030809,0.717954,0.749441,-0.012191
thumbs_up,0.560061,0.673446,-1e-06,0.576835,0.551533,-0.036407,0.648561,0.421668,-0.048038,0.699886,0.327147,-0.05913,0.730846,0.255099,-0.060877,0.736905,0.482505,0.001701,0.77919,0.457026,-0.040657,0.714117,0.488737,-0.059466,0.684749,0.513023,-0.065485,0.747626,0.573129,0.001971,0.787072,0.561501,-0.043564,0.706626,0.569429,-0.048933,0.697292,0.570048,-0.039933,0.743033,0.663812,-0.008184,0.776581,0.662695,-0.053657,0.70553,0.653644,-0.03796,0.700361,0.649644,-0.014697,0.730739,0.750699,-0.022183,0.756978,0.751654,-0.044549,0.708735,0.734253,-0.030036,0.701371,0.728454,-0.012386
thumbs_up,0.551644,0.648613,-1e-06,0.568433,0.517964,-0.0388,0.632492,0.394966,-0.05315,0.681413,0.302443,-0.065259,0.715851,0.227503,-0.069929,0.737246,0.463926,-0.010484,0.726274,0.409869,-0.05049,0.670938,0.448297,-0.074515,0.657314,0.48018,-0.087595,0.754558,0.549168,-0.009333,0.715579,0.508393,-0.04907,0.655589,0.529384,-0.060547,0.65675,0.549466,-0.06152,0.746057,0.639655,-0.017056,0.703626,0.61096,-0.056715,0.650586,0.609568,-0.049566,0.657947,0.619617,-0.03726,0.727041,0.724824,-0.029577,0.687991,0.706262,-0.052245,0.649014,0.687803,-0.047482,0.65388,0.687779,-0.039007
thumbs_up,0.580502,0.633166,-1e-06,0.578044,0.508361,-0.049938,0.619678,0.378782,-0.075562,0.649698,0.291407,-0.091488,0.677694,0.203127,-0.100905,0.701965,0.460316,-0.08387,0.616982,0.397164,-0.124993,0.576499,0.431858,-0.142776,0.587283,0.463634,-0.153915,0.703674,0.564599,-0.077301,0.593403,0.50726,-0.113854,0.562475,0.526766,-0.115019,0.579637,0.551951,-0.115485,0.683511,0.661985,-0.074664,0.580464,0.619004,-0.109764,0.563255,0.618614,-0.095757,0.588171,0.627852,-0.084671,0.656209,0.742629,-0.076996,0.573458,0.708912,-0.108505,0.565778,0.707565,-0.107981,0.593753,0.71707,-0.103624
thumbs_up,0.609834,0.662486,-0.0,0.599735,0.529521,-0.057581,0.598277,0.397378,-0.100106,0.610359,0.298814,-0.129504,0.648128,0.210695,-0.154237,0.637732,0.483934,-0.127837,0.519095,0.433055,-0.170984,0.536243,0.451351,-0.188342,0.57488,0.472483,-0.199407,0.636004,0.597171,-0.119568,0.497498,0.541206,-0.15121,0.52581,0.552735,-0.146602,0.567931,0.574046,-0.148157,0.62328,0.69481,-0.112476,0.496095,0.636227,-0.141087,0.520696,0.634288,-0.116456,0.559537,0.647092,-0.101483,0.603359,0.777228,-0.112263,0.499021,0.726397,-0.14386,0.513466,0.717922,-0.139963,0.548212,0.725029,-0.13448
thumbs_up,0.609973,0.64629,-0.0,0.588997,0.511219,-0.040425,0.57456,0.379394,-0.073156,0.576092,0.274687,-0.096556,0.608326,0.190993,-0.118036,0.597437,0.520066,-0.106885,0.473283,0.481961,-0.134216,0.490093,0.474464,-0.139078,0.531448,0.468434,-0.140533,0.590547,0.633397,-0.104045,0.451358,0.572117,-0.121364,0.488444,0.55373,-0.109241,0.5325,0.555405,-0.108945,0.582527,0.716053,-0.100955,0.452635,0.660676,-0.115521,0.483824,0.643625,-0.092017,0.52439,0.646649,-0.082617,0.569039,0.782243,-0.102379,0.469758,0.740184,-0.120312,0.49161,0.733813,-0.11238,0.527433,0.747625,-0.108812
thumbs_up,0.648751,0.683381,-0.0,0.613859,0.537716,-0.004068,0.567164,0.405609,-0.030903,0.555168,0.291858,-0.055742,0.574017,0.196511,-0.081498,0.554393,0.497284,-0.097459,0.43582,0.477459,-0.119718,0.462497,0.478767,-0.117473,0.500665,0.484038,-0.112584,0.554052,0.609856,-0.107009,0.428468,0.568738,-0.123035,0.459632,0.557939,-0.10815,0.499966,0.565545,-0.101145,0.54871,0.705135,-0.110995,0.43272,0.653873,-0.11643,0.463219,0.637277,-0.090207,0.501882,0.644435,-0.076762,0.540821,0.781818,-0.114525,0.452904,0.727547,-0.115688,0.474998,0.706781,-0.095549,0.505303,0.714429,-0.083958
thumbs_up,0.643471,0.688474,0.0,0.610227,0.544848,-0.010012,0.565019,0.428242,-0.036317,0.550245,0.319215,-0.060169,0.567348,0.219615,-0.083692,0.537529,0.528208,-0.079513,0.426373,0.512138,-0.104269,0.455535,0.506311,-0.109443,0.495233,0.508145,-0.108509,0.531151,0.639957,-0.0838,0.42083,0.597248,-0.097495,0.452391,0.582483,-0.088423,0.490754,0.590515,-0.084111,0.525267,0.733179,-0.084617,0.426523,0.68011,-0.088476,0.45572,0.661984,-0.06797,0.490263,0.669202,-0.057113,0.52027,0.802862,-0.085724,0.446502,0.748049,-0.084368,0.470441,0.730524,-0.065565,0.498217,0.739508,-0.053775
thumbs_up,0.636046,0.674305,0.0,0.600167,0.536173,-0.013119,0.55771,0.427453,-0.03821,0.539229,0.321692,-0.059916,0.555058,0.230515,-0.079972,0.5102,0.530697,-0.073417,0.408031,0.507554,-0.091795,0.43992,0.501039,-0.092213,0.477065,0.509696,-0.088396,0.502049,0.635436,-0.072843,0.405912,0.588349,-0.077532,0.436105,0.571968,-0.064933,0.469642,0.581146,-0.059427,0.497654,0.721269,-0.069039,0.414607,0.661406,-0.064166,0.441543,0.643793,-0.043044,0.471508,0.654528,-0.033511,0.494825,0.787456,-0.066136,0.430511,0.724974,-0.057836,0.452829,0.706947,-0.038023,0.476486,0.718187,-0.026201
thumbs_up,0.631689,0.646247,0.0,0.588715,0.509073,-0.007327,0.542711,0.405092,-0.026869,0.518827,0.302872,-0.044969,0.535981,0.220269,-0.061439,0.487644,0.513555,-0.048486,0.40232,0.491514,-0.059982,0.432051,0.481699,-0.060512,0.465508,0.485537,-0.058542,0.480494,0.612377,-0.049807,0.401489,0.565171,-0.048346,0.428585,0.54977,-0.038064,0.458126,0.558542,-0.034743,0.481105,0.694257,-0.048346,0.412167,0.636357,-0.039107,0.436116,0.620026,-0.022048,0.464818,0.630401,-0.015695,0.485286,0.758051,-0.04767,0.430446,0.701675,-0.035986,0.450455,0.684145,-0.017725,0.47345,0.691841,-0.007012
thumbs_up,0.634093,0.628396,0.0,0.591773,0.491245,-0.00752,0.546198,0.385484,-0.026145,0.522472,0.28146,-0.043678,0.537535,0.195296,-0.059137,0.487348,0.488556,-0.040217,0.407794,0.462328,-0.0522,0.436513,0.45171,-0.054806,0.468629,0.456267,-0.054074,0.477927,0.588352,-0.040869,0.406421,0.538722,-0.039852,0.434162,0.52292,-0.031875,0.463041,0.531957,-0.029381,0.476944,0.669983,-0.039447,0.415043,0.609037,-0.02998,0.439527,0.592937,-0.015131,0.467851,0.60363,-0.009676,0.48025,0.732489,-0.039075,0.433073,0.672208,-0.026524,0.453772,0.656692,-0.009961,0.476208,0.66496,-4.3e-05
thumbs_up,0.631055,0.617638,0.0,0.594197,0.482251,-0.013479,0.555956,0.375988,-0.037097,0.540679,0.272931,-0.058792,0.561641,0.193942,-0.077713,0.498555,0.486614,-0.052773,0.412906,0.44332,-0.071134,0.443431,0.43199,-0.075854,0.476427,0.443505,-0.075219,0.487568,0.588556,-0.052044,0.408249,0.522724,-0.057427,0.437741,0.50441,-0.050232,0.468328,0.51905,-0.046933,0.483649,0.668858,-0.04957,0.41704,0.592361,-0.044719,0.442886,0.574477,-0.02883,0.471066,0.591076,-0.021479,0.482908,0.728169,-0.048643,0.432577,0.651601,-0.038617,0.453974,0.63347,-0.021676,0.476335,0.647079,-0.011136
thumbs_up,0.632157,0.630402,0.0,0.599835,0.495192,-0.018444,0.566912,0.395463,-0.046808,0.562807,0.292381,-0.072585,0.591,0.215644,-0.094935,0.505813,0.50487,-0.064817,0.418494,0.441411,-0.088375,0.453801,0.436879,-0.093867,0.489072,0.45544,-0.092912,0.493511,0.609604,-0.062604,0.410181,0.52549,-0.072873,0.442811,0.5115,-0.064747,0.475923,0.530791,-0.06008,0.487947,0.687695,-0.058896,0.417598,0.596921,-0.056597,0.446669,0.583371,-0.039315,0.476219,0.605443,-0.030795,0.485764,0.74286,-0.057163,0.434954,0.657289,-0.047753,0.459379,0.643229,-0.030771,0.482145,0.66193,-0.020605
thumbs_up,0.631895,0.644586,0.0,0.595243,0.514018,-0.017722,0.561187,0.422994,-0.044537,0.559787,0.329488,-0.068322,0.595294,0.260764,-0.088543,0.506454,0.536215,-0.06565,0.413952,0.475059,-0.088281,0.449209,0.464754,-0.092157,0.484335,0.480175,-0.090257,0.494081,0.63876,-0.063234,0.407434,0.551419,-0.072667,0.440826,0.532438,-0.062888,0.47342,0.55207,-0.057162,0.489188,0.713684,-0.059143,0.415793,0.619455,-0.055991,0.445753,0.602013,-0.038047,0.474741,0.623895,-0.029369,0.487797,0.766767,-0.057036,0.436155,0.678673,-0.048635,0.46058,0.660735,-0.032872,0.483386,0.679119,-0.023763
thumbs_up,0.631618,0.652034,0.0,0.594175,0.524877,-0.015518,0.556448,0.431188,-0.042563,0.5511,0.332571,-0.067446,0.581862,0.261697,-0.08931,0.502428,0.545261,-0.061746,0.408942,0.500565,-0.084945,0.443457,0.486687,-0.090909,0.478964,0.498684,-0.090133,0.496264,0.650607,-0.06099,0.405632,0.583251,-0.070424,0.438153,0.56176,-0.06228,0.471828,0.576638,-0.057408,0.495091,0.729678,-0.058561,0.417355,0.654526,-0.054889,0.446068,0.634625,-0.03714,0.475855,0.652172,-0.0282,0.49566,0.78563,-0.057878,0.437123,0.713772,-0.047075,0.46053,0.69454,-0.028967,0.4839,0.709499,-0.018104
thumbs_up,0.629634,0.644643,0.0,0.589806,0.514146,-0.011595,0.547176,0.411321,-0.038667,0.539512,0.314938,-0.064081,0.567352,0.239281,-0.087934,0.512604,0.522048,-0.071143,0.409285,0.499771,-0.098212,0.436983,0.485911,-0.104929,0.473306,0.492012,-0.103645,0.511969,0.629932,-0.073468,0.408659,0.586159,-0.086226,0.436283,0.564336,-0.076935,0.471817,0.571822,-0.071437,0.512122,0.714788,-0.073354,0.41859,0.660039,-0.072564,0.445209,0.640032,-0.052335,0.477441,0.649942,-0.041789,0.512623,0.77729,-0.074302,0.440262,0.726831,-0.065392,0.463164,0.709369,-0.045335,0.489017,0.720613,-0.033605
thumbs_up,0.635212,0.631238,-0.0,0.590956,0.505872,-0.005205,0.540429,0.40391,-0.030257,0.525901,0.304031,-0.055138,0.545299,0.217808,-0.080332,0.519436,0.486734,-0.072503,0.409799,0.497835,-0.097924,0.439491,0.497691,-0.103622,0.475358,0.493625,-0.103083,0.525408,0.591748,-0.079904,0.415491,0.586344,-0.094458,0.444355,0.576049,-0.085188,0.480765,0.572225,-0.080089,0.529702,0.682698,-0.083938,0.429948,0.667342,-0.086039,0.457166,0.652405,-0.064759,0.491517,0.649512,-0.0533,0.532625,0.754935,-0.088283,0.454569,0.73257,-0.082521,0.476785,0.716933,-0.061608,0.504984,0.716239,-0.049178
thumbs_up,0.648414,0.629054,-0.0,0.600981,0.51357,-0.001069,0.538071,0.41476,-0.022237,0.514327,0.314924,-0.04407,0.527107,0.221148,-0.067873,0.525739,0.471872,-0.069962,0.416065,0.511361,-0.093988,0.442715,0.518447,-0.099938,0.477919,0.50538,-0.100819,0.539465,0.568161,-0.080631,0.423864,0.594498,-0.098058,0.45332,0.588787,-0.090639,0.491154,0.576784,-0.086389,0.549042,0.657996,-0.08764,0.44194,0.674953,-0.096225,0.469806,0.660962,-0.077521,0.506328,0.649258,-0.066196,0.555281,0.737985,-0.094107,0.469909,0.738768,-0.097092,0.492482,0.721809,-0.079964,0.524582,0.714076,-0.068679
palm_open,0.442977,0.559862,0.0,0.405093,0.524734,-0.020069,0.381565,0.460643,-0.029623,0.372188,0.399984,-0.036953,0.357833,0.354271,-0.044274,0.418411,0.380712,-0.020804,0.411605,0.303847,-0.034515,0.408601,0.255776,-0.04503,0.40922,0.211091,-0.053043,0.445705,0.375804,-0.021383,0.451815,0.289737,-0.032197,0.458554,0.236542,-0.041389,0.466763,0.191428,-0.04884,0.468625,0.390828,-0.024415,0.48214,0.31592,-0.03696,0.491956,0.269741,-0.04473,0.501025,0.228099,-0.050587,0.488926,0.419847,-0.029207,0.506473,0.368856,-0.040967,0.519346,0.33539,-0.045619,0.531026,0.302572,-0.048962
palm_open,0.422101,0.54941,0.0,0.388106,0.504985,-0.016318,0.371154,0.436627,-0.024215,0.366001,0.37713,-0.03055,0.353071,0.33423,-0.037253,0.410374,0.370721,-0.019494,0.408204,0.296025,-0.03247,0.406249,0.250352,-0.042171,0.406023,0.208154,-0.049485,0.436777,0.374906,-0.021673,0.448904,0.29239,-0.032319,0.456622,0.240708,-0.041446,0.46384,0.19581,-0.048603,0.457836,0.396079,-0.025749,0.477231,0.325609,-0.038434,0.487979,0.280702,-0.046361,0.496698,0.239994,-0.052011,0.474828,0.42997,-0.031095,0.497392,0.384302,-0.043131,0.511777,0.353064,-0.047629,0.523333,0.323045,-0.050591
palm_open,0.414664,0.533688,0.0,0.384566,0.481136,-0.018196,0.375552,0.409069,-0.027146,0.376203,0.347893,-0.034017,0.368604,0.297971,-0.041238,0.421717,0.357813,-0.023176,0.427745,0.283337,-0.036376,0.433005,0.238722,-0.045491,0.440349,0.198693,-0.052223,0.448481,0.373171,-0.024234,0.472159,0.299833,-0.035968,0.487463,0.254882,-0.045101,0.501391,0.216626,-0.052114,0.466837,0.402348,-0.027246,0.49491,0.343327,-0.042245,0.512828,0.304952,-0.051448,0.528416,0.270325,-0.057369,0.478756,0.440306,-0.031322,0.507219,0.402859,-0.045984,0.526204,0.378848,-0.052073,0.542468,0.354893,-0.055694
palm_open,0.408142,0.527888,0.0,0.381794,0.468228,-0.017504,0.378227,0.394366,-0.026014,0.38255,0.333223,-0.032646,0.377112,0.283857,-0.039484,0.428662,0.354279,-0.020756,0.4415,0.280958,-0.033142,0.450158,0.236784,-0.041572,0.459791,0.198721,-0.047886,0.454552,0.37469,-0.02217,0.482875,0.307256,-0.033373,0.501981,0.264789,-0.042459,0.519101,0.228848,-0.049281,0.47104,0.407491,-0.025563,0.502955,0.355373,-0.040332,0.524,0.32235,-0.050089,0.542511,0.292355,-0.056318,0.480387,0.447774,-0.029941,0.510825,0.418757,-0.044602,0.531803,0.401583,-0.051029,0.550098,0.383954,-0.054821
palm_open,0.403409,0.525753,0.0,0.379536,0.464956,-0.01857,0.378479,0.388943,-0.027794,0.384644,0.32824,-0.034959,0.380886,0.277963,-0.042441,0.429527,0.355596,-0.023387,0.445764,0.283913,-0.036312,0.456722,0.241253,-0.045044,0.469235,0.204844,-0.051757,0.454141,0.379455,-0.025014,0.485447,0.314974,-0.036529,0.5071,0.27359,-0.045866,0.526638,0.23949,-0.053147,0.469003,0.415016,-0.028604,0.504095,0.366153,-0.043385,0.526231,0.335226,-0.053177,0.545799,0.306998,-0.059756,0.47644,0.457612,-0.033322,0.50874,0.43283,-0.048205,0.530662,0.416832,-0.054867,0.550103,0.399752,-0.059064
palm_open,0.403734,0.532525,0.0,0.378402,0.470098,-0.015451,0.376013,0.392901,-0.02388,0.381164,0.332378,-0.030877,0.376879,0.28083,-0.038362,0.420906,0.355523,-0.020132,0.434793,0.279715,-0.032377,0.445145,0.233928,-0.040826,0.455945,0.19552,-0.047239,0.445339,0.378315,-0.023306,0.475489,0.309225,-0.03378,0.495337,0.266884,-0.042635,0.512208,0.231173,-0.049403,0.460468,0.413911,-0.028131,0.493648,0.358795,-0.040743,0.514734,0.325551,-0.049097,0.532576,0.294514,-0.055069,0.468619,0.457287,-0.033917,0.49884,0.428625,-0.045782,0.519258,0.41153,-0.050148,0.537206,0.393199,-0.053073
palm_open,0.401203,0.533268,0.0,0.376394,0.473316,-0.01385,0.371639,0.399094,-0.021843,0.37409,0.340986,-0.028776,0.369843,0.291213,-0.036048,0.408749,0.354115,-0.018633,0.417489,0.276113,-0.031844,0.424905,0.22987,-0.040967,0.433195,0.191115,-0.047504,0.431109,0.373425,-0.022211,0.455734,0.300038,-0.034021,0.471596,0.253228,-0.043577,0.484742,0.213637,-0.050552,0.445863,0.406825,-0.027411,0.474275,0.350352,-0.040719,0.49201,0.313737,-0.049661,0.505642,0.280282,-0.055778,0.454858,0.449567,-0.033429,0.48227,0.41765,-0.045965,0.499924,0.39483,-0.051163,0.514552,0.371148,-0.054534
palm_open,0.402945,0.538627,0.0,0.37449,0.480916,-0.013006,0.366215,0.406952,-0.021153,0.36605,0.34841,-0.028465,0.359973,0.297982,-0.036406,0.398345,0.355814,-0.020752,0.404552,0.276752,-0.03585,0.408197,0.227609,-0.04618,0.411926,0.184052,-0.053661,0.420791,0.371682,-0.025526,0.439601,0.293283,-0.039879,0.451473,0.240351,-0.050961,0.461029,0.193362,-0.05889,0.436987,0.403533,-0.031726,0.460627,0.338875,-0.047516,0.475344,0.295667,-0.057886,0.486343,0.254755,-0.064828,0.448576,0.445657,-0.038525,0.473288,0.407192,-0.053716,0.488824,0.379209,-0.060438,0.501248,0.350668,-0.064698
palm_open,0.404031,0.541032,0.0,0.372901,0.486616,-0.013391,0.363122,0.413178,-0.022037,0.362733,0.35433,-0.029645,0.35617,0.303489,-0.038142,0.392622,0.358256,-0.025079,0.397457,0.277403,-0.040981,0.399889,0.228311,-0.05171,0.402434,0.183881,-0.05972,0.415157,0.372988,-0.030452,0.43246,0.292502,-0.046212,0.442731,0.238018,-0.058042,0.450919,0.190296,-0.066811,0.431711,0.404415,-0.037034,0.454321,0.338966,-0.054496,0.466942,0.29161,-0.066073,0.476508,0.246944,-0.074155,0.443223,0.446953,-0.044105,0.467185,0.406431,-0.061617,0.482925,0.37608,-0.069844,0.495941,0.345307,-0.075328
palm_open,0.410278,0.555564,0.0,0.376249,0.508546,-0.015392,0.36063,0.437029,-0.024216,0.355301,0.376666,-0.031604,0.344878,0.326585,-0.039514,0.390929,0.371517,-0.022991,0.390803,0.288291,-0.0381,0.391604,0.236946,-0.048577,0.394033,0.1908,-0.056374,0.416439,0.379454,-0.026855,0.426838,0.293256,-0.04067,0.434933,0.237635,-0.051509,0.441932,0.190053,-0.059539,0.436657,0.40577,-0.032299,0.453852,0.334702,-0.047917,0.465184,0.285894,-0.058196,0.47385,0.24172,-0.065266,0.452897,0.444124,-0.03856,0.473124,0.397723,-0.053894,0.487129,0.364605,-0.06063,0.498762,0.332753,-0.064979
palm_open,0.425441,0.566714,0.0,0.385673,0.533288,-0.015596,0.359101,0.468498,-0.024402,0.345908,0.409209,-0.031869,0.328871,0.365958,-0.039791,0.385978,0.388978,-0.02048,0.37508,0.305322,-0.034906,0.370957,0.252915,-0.045078,0.369696,0.207214,-0.052454,0.414344,0.385694,-0.023995,0.416259,0.293529,-0.036484,0.418752,0.23432,-0.046932,0.420859,0.183489,-0.054629,0.439183,0.401751,-0.029288,0.44958,0.319553,-0.04363,0.457613,0.267753,-0.053366,0.463345,0.222238,-0.060017,0.461034,0.431446,-0.035493,0.477502,0.375486,-0.049019,0.489963,0.339149,-0.054482,0.500068,0.304716,-0.057906
palm_open,0.433414,0.571778,0.0,0.390783,0.546973,-0.017553,0.359635,0.486949,-0.026639,0.342728,0.428313,-0.033898,0.321777,0.388538,-0.041574,0.384834,0.39913,-0.021436,0.36795,0.320062,-0.035204,0.359807,0.269671,-0.045135,0.35506,0.224424,-0.052587,0.414219,0.388009,-0.024071,0.410466,0.294916,-0.036327,0.409074,0.236064,-0.046656,0.408068,0.184922,-0.054384,0.44053,0.397943,-0.0286,0.446891,0.312306,-0.043319,0.45157,0.257601,-0.052896,0.454146,0.208366,-0.059457,0.464287,0.422282,-0.034161,0.47775,0.361649,-0.047803,0.487837,0.322491,-0.052898,0.495376,0.284762,-0.056158
palm_open,0.431232,0.582599,0.0,0.38754,0.559145,-0.019182,0.356487,0.497227,-0.028252,0.339084,0.436427,-0.035269,0.317095,0.396364,-0.042699,0.385241,0.406292,-0.021649,0.36866,0.326934,-0.035212,0.359757,0.276966,-0.045168,0.354394,0.231418,-0.05282,0.414638,0.393947,-0.023523,0.410775,0.299762,-0.035256,0.40848,0.239732,-0.045818,0.407035,0.188039,-0.05407,0.440899,0.402572,-0.027543,0.446545,0.316041,-0.042017,0.450423,0.260954,-0.051887,0.452593,0.211709,-0.058865,0.464508,0.425747,-0.032826,0.477298,0.362966,-0.04661,0.486782,0.323461,-0.05212,0.493925,0.286197,-0.055843
palm_open,0.428287,0.59962,0.0,0.386002,0.576836,-0.022431,0.357074,0.516919,-0.033928,0.340583,0.455509,-0.042972,0.317742,0.414855,-0.052398,0.390488,0.423402,-0.027549,0.374703,0.341537,-0.04349,0.365826,0.290026,-0.05482,0.360696,0.24245,-0.063262,0.419195,0.411175,-0.028677,0.414335,0.31719,-0.042295,0.412505,0.257555,-0.053362,0.412426,0.2055,-0.062125,0.444788,0.419084,-0.032111,0.45035,0.332527,-0.047956,0.45588,0.27944,-0.057682,0.459928,0.23273,-0.064526,0.46781,0.441621,-0.037233,0.480228,0.378067,-0.051971,0.49088,0.33937,-0.057962,0.499578,0.303584,-0.062005
palm_open,0.436542,0.609815,0.0,0.395809,0.594028,-0.027563,0.366646,0.54282,-0.042104,0.350788,0.483066,-0.05304,0.328383,0.441952,-0.064054,0.400672,0.451963,-0.035921,0.38973,0.366308,-0.05381,0.383492,0.312676,-0.066238,0.380595,0.262533,-0.075305,0.428112,0.435847,-0.034204,0.426886,0.340405,-0.048851,0.428165,0.280005,-0.059759,0.431364,0.227003,-0.068521,0.452237,0.440221,-0.034855,0.461527,0.357174,-0.050574,0.46969,0.303928,-0.060226,0.476624,0.256886,-0.067176,0.473891,0.459569,-0.037713,0.487594,0.399985,-0.052439,0.498681,0.362467,-0.058915,0.508546,0.327517,-0.063354
palm_open,0.449754,0.614722,0.0,0.409614,0.606923,-0.030174,0.380504,0.563124,-0.047189,0.364799,0.507011,-0.059913,0.342477,0.467024,-0.072662,0.417304,0.469241,-0.042136,0.409937,0.387109,-0.061796,0.40546,0.335304,-0.075415,0.403478,0.285389,-0.085327,0.443309,0.45216,-0.039077,0.44575,0.358174,-0.055881,0.448007,0.299414,-0.067738,0.452172,0.245434,-0.077148,0.465057,0.454707,-0.038148,0.474814,0.371132,-0.055141,0.484184,0.319689,-0.064896,0.492906,0.274085,-0.071863,0.48383,0.471092,-0.039534,0.497192,0.41143,-0.054412,0.508168,0.37497,-0.060844,0.518278,0.34054,-0.065408
palm_open,0.457582,0.603602,0.0,0.421154,0.60388,-0.032908,0.395045,0.564977,-0.051325,0.381629,0.514371,-0.064593,0.361622,0.481563,-0.078112,0.434296,0.466667,-0.046538,0.429375,0.39339,-0.066772,0.428043,0.34557,-0.081362,0.429832,0.299949,-0.091851,0.457924,0.44797,-0.041329,0.464712,0.35839,-0.058073,0.469845,0.303219,-0.069983,0.477013,0.251517,-0.079726,0.476576,0.447636,-0.038263,0.487572,0.366545,-0.053886,0.497629,0.316011,-0.063801,0.508642,0.271724,-0.071326,0.491769,0.461026,-0.037825,0.50396,0.399951,-0.051042,0.514713,0.363499,-0.057694,0.525391,0.329803,-0.062896
palm_open,0.457804,0.576083,0.0,0.424269,0.582749,-0.037836,0.400267,0.54936,-0.059975,0.389998,0.502821,-0.075518,0.371515,0.470133,-0.091428,0.442455,0.4608,-0.058998,0.443016,0.387734,-0.081838,0.445347,0.337828,-0.097306,0.450607,0.292603,-0.108143,0.465484,0.44012,-0.051113,0.473648,0.351858,-0.070378,0.481259,0.295868,-0.082895,0.491659,0.246811,-0.093262,0.482291,0.435416,-0.045097,0.493478,0.354751,-0.062477,0.504853,0.302332,-0.074245,0.518418,0.259567,-0.083249,0.495138,0.443808,-0.041779,0.506803,0.381276,-0.057329,0.519109,0.3439,-0.066757,0.532159,0.311997,-0.07403
palm_open,0.449252,0.540377,0.0,0.414869,0.543574,-0.037738,0.395321,0.510397,-0.060915,0.386968,0.465023,-0.076619,0.368041,0.434167,-0.092517,0.440673,0.439533,-0.064923,0.44476,0.370147,-0.088458,0.448832,0.318278,-0.103558,0.454643,0.271804,-0.113671,0.465885,0.419666,-0.055627,0.478492,0.331954,-0.075422,0.488221,0.273426,-0.086043,0.498932,0.224724,-0.094704,0.482488,0.413123,-0.047384,0.497237,0.333243,-0.06445,0.508431,0.280225,-0.073253,0.520433,0.236893,-0.07975,0.492945,0.4178,-0.041574,0.507634,0.355194,-0.056048,0.52006,0.319012,-0.062858,0.531491,0.287613,-0.06794
palm_open,0.436466,0.517155,0.0,0.403696,0.504564,-0.033704,0.384855,0.457235,-0.053192,0.374708,0.404733,-0.067413,0.353757,0.368003,-0.082187,0.433614,0.383167,-0.04859,0.438024,0.313013,-0.067877,0.442313,0.26517,-0.081191,0.44819,0.224165,-0.090404,0.458606,0.375123,-0.042552,0.474943,0.292145,-0.059588,0.485819,0.239452,-0.070709,0.497409,0.195682,-0.079153,0.477042,0.380857,-0.038519,0.494849,0.30219,-0.054454,0.508263,0.254425,-0.064545,0.521721,0.215119,-0.071683,0.490259,0.397502,-0.036892,0.507466,0.338617,-0.050187,0.521328,0.304857,-0.056768,0.534813,0.275586,-0.061558
palm_open,0.424162,0.507798,0.0,0.389291,0.482958,-0.028388,0.371024,0.428477,-0.045044,0.360062,0.370885,-0.057669,0.338383,0.328069,-0.070796,0.415482,0.352218,-0.037375,0.418364,0.275253,-0.054567,0.42159,0.22405,-0.067124,0.427096,0.179252,-0.076375,0.443445,0.349335,-0.034747,0.458112,0.264435,-0.049712,0.468733,0.209931,-0.061276,0.480369,0.161563,-0.070106,0.464694,0.363731,-0.034201,0.483729,0.285678,-0.049798,0.498643,0.238498,-0.060204,0.512445,0.196282,-0.067452,0.480836,0.389309,-0.035588,0.499331,0.334365,-0.049863,0.514024,0.301096,-0.05643,0.527582,0.269107,-0.060764
palm_open,0.41641,0.515027,0.0,0.379856,0.483122,-0.02222,0.358815,0.420903,-0.035016,0.346144,0.361709,-0.045113,0.325248,0.321081,-0.055732,0.401569,0.338989,-0.025872,0.398793,0.260724,-0.040149,0.39956,0.209938,-0.05131,0.403216,0.165822,-0.059803,0.430193,0.337362,-0.02593,0.441327,0.249808,-0.03842,0.449438,0.194709,-0.049349,0.458351,0.147058,-0.057627,0.453172,0.355199,-0.028024,0.47045,0.277711,-0.041606,0.483505,0.228423,-0.051535,0.495129,0.185394,-0.058541,0.471653,0.385407,-0.031681,0.490323,0.332148,-0.043978,0.504277,0.2966,-0.0495,0.516802,0.262733,-0.053235
palm_open,0.415558,0.5307,0.0,0.376538,0.495053,-0.019885,0.354217,0.427285,-0.030258,0.342033,0.36325,-0.038562,0.320179,0.322817,-0.047497,0.396374,0.344171,-0.022002,0.39185,0.261965,-0.035657,0.391042,0.209984,-0.046611,0.392973,0.163681,-0.055157,0.425374,0.342058,-0.023549,0.433625,0.250369,-0.035257,0.440222,0.193286,-0.045871,0.447282,0.144045,-0.054093,0.449392,0.359888,-0.027154,0.464794,0.277121,-0.040717,0.475922,0.226863,-0.049712,0.48562,0.180942,-0.056169,0.469172,0.390867,-0.032247,0.487423,0.334532,-0.044815,0.500672,0.300584,-0.049385,0.512486,0.267515,-0.052439
palm_open,0.415417,0.540826,0.0,0.376391,0.502342,-0.019003,0.353352,0.430916,-0.027766,0.341384,0.366061,-0.034643,0.320866,0.324028,-0.04192,0.39519,0.348941,-0.018822,0.389931,0.265698,-0.031307,0.38818,0.21348,-0.041161,0.389598,0.167263,-0.04896,0.42436,0.347419,-0.020224,0.432395,0.255313,-0.030893,0.438723,0.197211,-0.04061,0.445087,0.148244,-0.04832,0.448647,0.364594,-0.02393,0.464325,0.284582,-0.036695,0.475161,0.23398,-0.045158,0.483789,0.1885,-0.05134,0.468774,0.394193,-0.02919,0.487038,0.339007,-0.040857,0.500329,0.304919,-0.045186,0.5118,0.272384,-0.048322
palm_open,0.410793,0.543511,0.0,0.372193,0.501714,-0.017331,0.350549,0.425898,-0.024309,0.340877,0.360422,-0.029624,0.322351,0.321343,-0.035413,0.392055,0.346664,-0.016344,0.387759,0.263137,-0.027351,0.386339,0.211838,-0.036223,0.38804,0.166793,-0.043404,0.42177,0.346686,-0.017996,0.431035,0.255412,-0.026808,0.437573,0.197585,-0.035799,0.443912,0.149929,-0.043249,0.446058,0.365539,-0.021865,0.463567,0.287203,-0.03314,0.474332,0.236639,-0.041809,0.482868,0.191591,-0.048513,0.465771,0.397033,-0.027186,0.486113,0.345154,-0.038285,0.499907,0.311178,-0.043103,0.511832,0.278419,-0.046753
palm_open,0.400342,0.541662,0.0,0.363993,0.494889,-0.015127,0.346467,0.415618,-0.020929,0.341382,0.349826,-0.025432,0.326386,0.308188,-0.030525,0.38905,0.342634,-0.015464,0.388327,0.259443,-0.026397,0.388422,0.209129,-0.034777,0.391106,0.16524,-0.041497,0.418822,0.347107,-0.018323,0.431069,0.257327,-0.027048,0.438927,0.199919,-0.035797,0.445901,0.152382,-0.043102,0.442367,0.369597,-0.023252,0.462854,0.292811,-0.034663,0.475535,0.242348,-0.043382,0.4857,0.197321,-0.050135,0.460723,0.404227,-0.029421,0.484022,0.353908,-0.040701,0.49955,0.320293,-0.045671,0.512779,0.288269,-0.049467
palm_open,0.39236,0.547442,0.0,0.357648,0.49763,-0.013069,0.342268,0.415864,-0.017798,0.339418,0.350938,-0.021606,0.326458,0.307753,-0.026052,0.384578,0.343908,-0.012735,0.386378,0.262007,-0.023228,0.389118,0.211824,-0.031447,0.394049,0.16938,-0.03795,0.413717,0.351224,-0.01655,0.429307,0.261487,-0.024807,0.440056,0.205149,-0.033319,0.449307,0.159762,-0.040255,0.436573,0.376378,-0.022379,0.458668,0.298977,-0.033578,0.472656,0.249781,-0.042425,0.483837,0.20631,-0.049184,0.454209,0.414164,-0.02922,0.478903,0.365059,-0.040535,0.496103,0.333521,-0.045555,0.510674,0.303342,-0.049277
palm_open,0.386971,0.559073,0.0,0.352978,0.506592,-0.011942,0.339239,0.423443,-0.016042,0.338027,0.358395,-0.019384,0.326253,0.313696,-0.023336,0.379958,0.351812,-0.01118,0.382814,0.269835,-0.021125,0.38594,0.220027,-0.028928,0.391019,0.177925,-0.03519,0.409153,0.359842,-0.01551,0.424663,0.269883,-0.023675,0.435286,0.212993,-0.032265,0.444086,0.166671,-0.039206,0.431688,0.385916,-0.021797,0.454429,0.310023,-0.032926,0.469053,0.260497,-0.042399,0.480491,0.216547,-0.049567,0.448446,0.424534,-0.028954,0.473066,0.376815,-0.040253,0.490396,0.344754,-0.045835,0.505339,0.31389,-0.049999
palm_open,0.383886,0.571438,0.0,0.350054,0.516333,-0.011894,0.336935,0.431862,-0.016201,0.336782,0.36588,-0.019742,0.325989,0.318923,-0.023843,0.377047,0.362399,-0.011922,0.380589,0.27922,-0.022133,0.383771,0.22818,-0.029958,0.388501,0.185078,-0.036218,0.405713,0.371509,-0.0164,0.421859,0.282156,-0.025233,0.432724,0.224743,-0.034017,0.44149,0.178454,-0.040994,0.427346,0.398179,-0.022795,0.451179,0.324539,-0.034406,0.466131,0.274533,-0.04417,0.477665,0.230459,-0.051481,0.443119,0.437622,-0.030048,0.468617,0.393089,-0.041706,0.486038,0.360877,-0.047644,0.500925,0.330135,-0.052026
palm_open,0.383587,0.585459,0.0,0.350071,0.527808,-0.013578,0.338301,0.444611,-0.020046,0.337983,0.378266,-0.025595,0.328438,0.32793,-0.031714,0.373441,0.379875,-0.017237,0.37803,0.294436,-0.030346,0.38193,0.242144,-0.039738,0.387324,0.197433,-0.046941,0.400195,0.390156,-0.02191,0.416945,0.300656,-0.033814,0.427772,0.243006,-0.044186,0.436858,0.195638,-0.052253,0.419881,0.417456,-0.028419,0.443419,0.344043,-0.042688,0.457706,0.293843,-0.053567,0.46866,0.24974,-0.061555,0.434034,0.458149,-0.035809,0.459667,0.415357,-0.050225,0.477125,0.383051,-0.057697,0.49197,0.352043,-0.063009
palm_open,0.38835,0.596605,0.0,0.35438,0.541204,-0.013619,0.341967,0.461249,-0.021438,0.339831,0.39693,-0.028295,0.328668,0.346986,-0.035951,0.372989,0.400855,-0.023131,0.374689,0.313234,-0.038307,0.376909,0.260468,-0.048423,0.38104,0.213912,-0.05616,0.398448,0.411752,-0.028673,0.412205,0.321868,-0.043225,0.420665,0.263888,-0.0546,0.427931,0.214521,-0.063262,0.417774,0.440619,-0.035584,0.438684,0.366348,-0.052118,0.451008,0.315943,-0.063136,0.460359,0.26964,-0.071112,0.431877,0.482902,-0.043182,0.454617,0.440741,-0.059781,0.470247,0.40803,-0.067631,0.483531,0.375587,-0.073091
palm_open,0.393803,0.596665,0.0,0.360276,0.538523,-0.012706,0.349113,0.461957,-0.022134,0.346522,0.401033,-0.030863,0.34011,0.347899,-0.040629,0.375248,0.409671,-0.029531,0.381624,0.325424,-0.048503,0.385782,0.274632,-0.060756,0.390607,0.227983,-0.069775,0.394662,0.426904,-0.036767,0.412667,0.345738,-0.056006,0.423516,0.289565,-0.068808,0.433057,0.240425,-0.078127,0.409229,0.460557,-0.045048,0.433147,0.39749,-0.065784,0.445472,0.351119,-0.077194,0.454131,0.304538,-0.084968,0.41935,0.506145,-0.053759,0.442354,0.470319,-0.073875,0.456872,0.441261,-0.082241,0.46871,0.410562,-0.087736
palm_open,0.395509,0.595855,0.0,0.362561,0.538606,-0.012775,0.352219,0.46324,-0.022774,0.351573,0.404185,-0.032088,0.348875,0.351417,-0.042692,0.376004,0.414236,-0.03235,0.382983,0.331668,-0.053277,0.387024,0.280063,-0.067368,0.39124,0.233157,-0.077804,0.394195,0.431664,-0.040096,0.410128,0.353132,-0.061677,0.418627,0.297273,-0.076499,0.426017,0.247199,-0.087469,0.408084,0.465163,-0.048749,0.430475,0.403516,-0.071267,0.439844,0.355939,-0.08446,0.445478,0.309011,-0.093646,0.417807,0.511001,-0.057808,0.439628,0.475103,-0.079503,0.452298,0.443652,-0.089623,0.462318,0.41174,-0.096615
palm_open,0.395638,0.594166,0.0,0.362621,0.538673,-0.012218,0.353533,0.463478,-0.022134,0.353619,0.404802,-0.031463,0.350291,0.351957,-0.042156,0.377899,0.414268,-0.032347,0.385127,0.332765,-0.053429,0.389226,0.28158,-0.067669,0.393142,0.234591,-0.078187,0.395445,0.431092,-0.040459,0.410812,0.353525,-0.06244,0.419062,0.297,-0.077488,0.426055,0.246464,-0.088498,0.408898,0.464751,-0.049395,0.431489,0.402321,-0.072474,0.441093,0.35494,-0.085844,0.446836,0.3078,-0.094973,0.418187,0.510821,-0.058645,0.44048,0.473754,-0.081064,0.45338,0.442322,-0.091449,0.463448,0.410234,-0.098431
palm_open,0.395238,0.599134,0.0,0.362424,0.549066,-0.013914,0.351615,0.474543,-0.023632,0.350621,0.415116,-0.032228,0.344378,0.36258,-0.041721,0.377207,0.420245,-0.030853,0.382786,0.336119,-0.050244,0.386991,0.283723,-0.0629,0.391473,0.236682,-0.072072,0.398291,0.434732,-0.037356,0.412653,0.352885,-0.057226,0.421406,0.29567,-0.07069,0.4288,0.245147,-0.080328,0.415213,0.466362,-0.044887,0.436021,0.399832,-0.066257,0.446506,0.353002,-0.077964,0.45319,0.306525,-0.085613,0.427921,0.509851,-0.052884,0.448641,0.468355,-0.073521,0.461503,0.436716,-0.082082,0.471305,0.40413,-0.087432
palm_open,0.405786,0.618448,0.0,0.366955,0.579784,-0.014915,0.346204,0.50889,-0.022708,0.338342,0.448248,-0.029185,0.324783,0.402324,-0.036221,0.374721,0.433648,-0.02028,0.368703,0.349133,-0.034475,0.367608,0.296563,-0.044494,0.368494,0.251272,-0.051784,0.402484,0.436069,-0.024325,0.40754,0.34346,-0.03721,0.411877,0.283017,-0.048311,0.415176,0.232414,-0.056333,0.425813,0.457152,-0.030048,0.439137,0.377981,-0.045383,0.448209,0.325298,-0.056571,0.45446,0.27813,-0.064015,0.445665,0.49116,-0.036507,0.464889,0.437753,-0.051957,0.478539,0.402298,-0.059012,0.489361,0.36846,-0.063281
palm_open,0.417319,0.637684,0.0,0.374793,0.607242,-0.015374,0.34693,0.5386,-0.022868,0.334495,0.475729,-0.029024,0.315527,0.434033,-0.035899,0.374653,0.452193,-0.018401,0.360746,0.369437,-0.031776,0.354631,0.315988,-0.041861,0.351433,0.269078,-0.049465,0.405424,0.444413,-0.022398,0.40454,0.347454,-0.034426,0.405128,0.285151,-0.045504,0.40535,0.231741,-0.053636,0.432508,0.458318,-0.028207,0.441118,0.371532,-0.04267,0.447209,0.314514,-0.053381,0.450919,0.263175,-0.06073,0.456232,0.486794,-0.034856,0.471401,0.425229,-0.048323,0.482669,0.385426,-0.053773,0.491503,0.346947,-0.057326
palm_open,0.418271,0.656928,0.0,0.374765,0.624534,-0.017559,0.347035,0.553292,-0.025077,0.334614,0.48834,-0.031089,0.315071,0.445324,-0.037477,0.378148,0.464601,-0.018335,0.364673,0.38111,-0.031706,0.358409,0.328349,-0.041576,0.35581,0.281319,-0.049145,0.408872,0.456366,-0.021451,0.408632,0.358617,-0.03325,0.409852,0.296015,-0.044291,0.411464,0.243352,-0.052704,0.435679,0.468509,-0.026868,0.443556,0.381521,-0.041825,0.450974,0.325967,-0.052832,0.45617,0.276755,-0.060358,0.459859,0.495109,-0.033485,0.475737,0.431648,-0.047593,0.488134,0.392078,-0.053932,0.497782,0.355331,-0.058184
palm_open,0.417735,0.662253,0.0,0.374407,0.629435,-0.015808,0.347324,0.559112,-0.02191,0.33567,0.49601,-0.02682,0.317082,0.452783,-0.032185,0.380605,0.468391,-0.014031,0.365809,0.387781,-0.026101,0.358323,0.336334,-0.035567,0.35489,0.290551,-0.042914,0.410944,0.45972,-0.017174,0.411173,0.363527,-0.02715,0.411781,0.302514,-0.036988,0.412491,0.252326,-0.044597,0.437416,0.472195,-0.022685,0.445933,0.386795,-0.035183,0.450908,0.331555,-0.044165,0.453876,0.282264,-0.05066,0.461251,0.50001,-0.029492,0.476486,0.439363,-0.040844,0.487136,0.39996,-0.045268,0.49537,0.362717,-0.048484
palm_open,0.424378,0.650751,0.0,0.380675,0.615834,-0.013168,0.35298,0.545122,-0.018216,0.341048,0.481853,-0.022559,0.321555,0.443391,-0.027467,0.384922,0.459793,-0.011177,0.369681,0.379774,-0.021678,0.362186,0.329721,-0.030288,0.358482,0.285154,-0.037093,0.415243,0.451544,-0.01486,0.414742,0.356694,-0.023228,0.414542,0.297464,-0.032067,0.414407,0.24917,-0.039143,0.442201,0.463719,-0.02059,0.450163,0.378954,-0.031537,0.453943,0.325384,-0.039429,0.455835,0.278469,-0.045327,0.466706,0.490764,-0.027433,0.481123,0.430133,-0.037558,0.490553,0.391695,-0.040934,0.497789,0.355679,-0.043405
palm_open,0.429285,0.624615,0.0,0.38442,0.587668,-0.012372,0.357584,0.517066,-0.016754,0.347199,0.454638,-0.020474,0.329018,0.417393,-0.024529,0.390488,0.432241,-0.008525,0.377815,0.353581,-0.017927,0.371572,0.305534,-0.026232,0.368486,0.263036,-0.032833,0.419652,0.425279,-0.011896,0.419649,0.334908,-0.01913,0.420527,0.279562,-0.027765,0.421917,0.233702,-0.034836,0.446019,0.437529,-0.017363,0.45501,0.35846,-0.027459,0.459622,0.308334,-0.035494,0.462555,0.263388,-0.04161,0.470733,0.463986,-0.02394,0.485798,0.406283,-0.033698,0.495522,0.369848,-0.037347,0.503117,0.335316,-0.039968
palm_open,0.431183,0.59391,0.0,0.388928,0.548902,-0.010964,0.365152,0.477504,-0.014069,0.355676,0.416131,-0.016793,0.339357,0.379681,-0.01985,0.40072,0.396509,-0.005338,0.390815,0.31922,-0.013913,0.387046,0.272024,-0.02201,0.385756,0.23023,-0.028385,0.429613,0.392549,-0.0088,0.432992,0.306283,-0.014975,0.435876,0.254091,-0.022887,0.438931,0.210434,-0.029256,0.455258,0.407365,-0.014439,0.466953,0.332954,-0.023544,0.472747,0.285571,-0.030734,0.476941,0.242897,-0.036145,0.478649,0.437322,-0.021186,0.495443,0.384734,-0.030217,0.505633,0.351209,-0.033271,0.513736,0.319274,-0.035302
palm_open,0.43432,0.561524,0.0,0.394039,0.510538,-0.008167,0.373521,0.435525,-0.008383,0.367251,0.375236,-0.008796,0.353367,0.3394,-0.009677,0.412646,0.360919,0.001659,0.405287,0.287681,-0.003792,0.403452,0.244376,-0.010139,0.403822,0.206124,-0.015547,0.441642,0.361021,-0.002141,0.4499,0.279151,-0.005492,0.455495,0.231163,-0.012348,0.460375,0.189896,-0.018109,0.466134,0.378877,-0.008215,0.480607,0.309708,-0.015309,0.488399,0.266264,-0.022227,0.49424,0.225834,-0.027558,0.487231,0.4106,-0.015229,0.505291,0.362685,-0.022712,0.516753,0.333084,-0.025449,0.526085,0.304005,-0.027441
palm_open,0.438473,0.531184,0.0,0.399126,0.479778,-0.009691,0.379034,0.408284,-0.010548,0.372816,0.35058,-0.011304,0.358646,0.315923,-0.012279,0.418746,0.338989,0.001643,0.414235,0.267946,-0.003225,0.413939,0.225864,-0.00906,0.416102,0.188983,-0.014036,0.447647,0.340057,-0.000687,0.457672,0.262321,-0.002875,0.46468,0.216252,-0.008497,0.471863,0.179068,-0.01356,0.472005,0.357949,-0.005506,0.48654,0.294331,-0.010854,0.494807,0.254956,-0.016902,0.502048,0.220079,-0.021838,0.492959,0.388239,-0.011555,0.510859,0.345116,-0.017023,0.52199,0.318906,-0.019135,0.532108,0.293249,-0.020942
palm_open,0.443869,0.510777,0.0,0.405055,0.462871,-0.009012,0.385285,0.392497,-0.008864,0.379738,0.335695,-0.008779,0.3683,0.300436,-0.008672,0.424134,0.326392,0.003934,0.420248,0.258289,-0.00013,0.420481,0.218643,-0.005491,0.423168,0.184313,-0.010026,0.452712,0.327594,0.001856,0.462172,0.253259,0.000476,0.468788,0.208987,-0.004848,0.475565,0.173857,-0.009654,0.476724,0.344247,-0.002729,0.490929,0.283523,-0.007166,0.49866,0.245886,-0.012914,0.505338,0.213783,-0.017583,0.497399,0.372617,-0.008545,0.51458,0.332417,-0.013113,0.525213,0.306954,-0.015016,0.534887,0.282924,-0.016633
palm_open,0.447089,0.496032,0.0,0.411567,0.44964,-0.007103,0.392979,0.380076,-0.004831,0.386818,0.327573,-0.00301,0.374934,0.298165,-0.001182,0.432,0.320969,0.007974,0.428643,0.258426,0.006143,0.428962,0.221281,0.002382,0.431509,0.189962,-0.001166,0.459314,0.324379,0.005705,0.467659,0.255642,0.006072,0.474502,0.215157,0.001786,0.48144,0.183594,-0.002225,0.482467,0.34141,0.001007,0.495914,0.286304,-0.002255,0.50331,0.253408,-0.007097,0.509559,0.224739,-0.010956,0.502672,0.369017,-0.004811,0.519187,0.33344,-0.00801,0.529461,0.311176,-0.009194,0.538318,0.290282,-0.010358
palm_open,0.448967,0.49906,0.0,0.415788,0.452157,-0.005078,0.399542,0.38449,-0.001558,0.394409,0.336934,0.00104,0.384776,0.307705,0.003716,0.439002,0.333204,0.012337,0.437527,0.275579,0.011439,0.439528,0.241684,0.007929,0.442786,0.21338,0.004692,0.465919,0.339106,0.009429,0.47617,0.277024,0.011319,0.484034,0.24094,0.007953,0.490746,0.21313,0.004843,0.488605,0.35737,0.004029,0.502859,0.306303,0.002055,0.510505,0.276661,-0.001361,0.516124,0.250724,-0.003982,0.507877,0.385745,-0.00246,0.523692,0.353807,-0.004892,0.533519,0.335277,-0.004932,0.541852,0.318216,-0.004963
palm_open,0.449975,0.523691,0.0,0.415737,0.47524,-0.004627,0.400749,0.40968,-0.000549,0.397749,0.36342,0.002777,0.390055,0.335104,0.006177,0.440476,0.364023,0.013206,0.439352,0.307252,0.01373,0.441698,0.273952,0.01094,0.444912,0.247328,0.008108,0.46714,0.370217,0.010696,0.478304,0.30975,0.013794,0.485947,0.27477,0.010661,0.492311,0.2491,0.007603,0.489618,0.388326,0.005806,0.503689,0.33876,0.004735,0.511505,0.308823,0.000647,0.5178,0.284298,-0.002602,0.509106,0.41632,-6.1e-05,0.524972,0.386359,-0.001932,0.534001,0.368406,-0.002422,0.541731,0.352565,-0.002937
palm_open,0.449957,0.538788,0.0,0.416164,0.487831,-0.000722,0.402798,0.426778,0.006952,0.399612,0.384872,0.013097,0.393716,0.35596,0.019586,0.44124,0.384331,0.024221,0.44001,0.33012,0.02843,0.442424,0.298587,0.027356,0.445928,0.272817,0.025859,0.467381,0.389106,0.021718,0.478932,0.330861,0.029191,0.487259,0.296713,0.027474,0.493492,0.271314,0.025486,0.489458,0.405414,0.01662,0.503368,0.359307,0.01979,0.511103,0.331167,0.016679,0.517292,0.307771,0.014032,0.509298,0.431243,0.010651,0.525043,0.403244,0.012802,0.533528,0.386583,0.013639,0.540914,0.372122,0.014049
palm_open,0.446625,0.524369,0.0,0.415697,0.478256,-0.001992,0.401665,0.424945,0.004024,0.397868,0.388995,0.008623,0.39322,0.362165,0.01356,0.442035,0.384403,0.020168,0.440356,0.33627,0.02361,0.442328,0.307809,0.022326,0.445849,0.284679,0.020842,0.467252,0.390308,0.018132,0.478598,0.339622,0.025269,0.486075,0.309374,0.024007,0.492054,0.287141,0.022334,0.488859,0.406792,0.013646,0.502063,0.366013,0.016883,0.508709,0.340562,0.014845,0.513977,0.31842,0.013009,0.507565,0.432447,0.00818,0.524089,0.407376,0.010534,0.532548,0.392219,0.012075,0.539675,0.378869,0.01318
palm_open,0.448934,0.516605,0.0,0.417347,0.47112,-0.001578,0.402674,0.421462,0.004874,0.398583,0.387587,0.009696,0.393947,0.360689,0.01489,0.442358,0.384505,0.023419,0.440839,0.337393,0.02856,0.44292,0.309863,0.028334,0.446373,0.287848,0.027676,0.466944,0.390232,0.021674,0.478692,0.341066,0.030685,0.486003,0.310893,0.030745,0.491726,0.28902,0.03008,0.488276,0.4065,0.017276,0.501677,0.367758,0.022068,0.508649,0.343312,0.021167,0.514562,0.32259,0.020249,0.506872,0.431603,0.011814,0.5231,0.406783,0.015502,0.531253,0.391537,0.018034,0.538382,0.378697,0.019956
palm_open,0.451436,0.520807,0.0,0.419475,0.478059,-0.002126,0.404709,0.426284,0.003855,0.400219,0.39065,0.008384,0.39505,0.363218,0.013352,0.442734,0.385238,0.021837,0.441069,0.337384,0.026821,0.442814,0.309613,0.026543,0.445971,0.287323,0.025706,0.467844,0.39095,0.019973,0.47804,0.340592,0.028609,0.484883,0.309856,0.028224,0.490281,0.287049,0.027092,0.489586,0.407524,0.01553,0.501818,0.366907,0.019631,0.508341,0.341911,0.017958,0.513657,0.32013,0.016418,0.508734,0.432734,0.010079,0.523746,0.406727,0.013033,0.531532,0.391129,0.014907,0.538258,0.377822,0.016235
palm_open,0.455874,0.5327,0.0,0.424881,0.487266,-0.00389,0.409647,0.428681,0.000241,0.405383,0.387456,0.003347,0.398864,0.358182,0.006765,0.447513,0.385423,0.01553,0.447027,0.333905,0.017008,0.448965,0.303732,0.014636,0.452305,0.279029,0.012192,0.473234,0.39134,0.013141,0.484192,0.336387,0.017558,0.491917,0.303061,0.014594,0.498266,0.278128,0.011561,0.494965,0.408875,0.008405,0.507762,0.365298,0.008956,0.515011,0.33839,0.005431,0.52059,0.315508,0.002557,0.513744,0.436648,0.002706,0.528624,0.408404,0.002963,0.537102,0.391033,0.003537,0.544058,0.375767,0.003758
palm_open,0.461705,0.548679,0.0,0.428028,0.503531,-0.00745,0.412894,0.438788,-0.006562,0.410175,0.388707,-0.005844,0.4032,0.354555,-0.004747,0.451658,0.387159,0.006994,0.450078,0.328789,0.004871,0.451574,0.29425,0.000596,0.454962,0.265863,-0.003239,0.478685,0.392522,0.00484,0.489623,0.330618,0.005182,0.49722,0.292926,0.000543,0.503657,0.263127,-0.003548,0.50093,0.410453,0.000416,0.514251,0.35841,-0.002492,0.522121,0.327026,-0.007083,0.528125,0.300351,-0.010631,0.519897,0.43891,-0.005089,0.534648,0.404612,-0.008285,0.54355,0.382824,-0.009114,0.550965,0.362776,-0.009725
palm_open,0.468182,0.564833,0.0,0.43185,0.521991,-0.010784,0.416062,0.450924,-0.012585,0.413066,0.393733,-0.013578,0.405142,0.353537,-0.014238,0.455661,0.389997,-0.001019,0.454938,0.323462,-0.005678,0.456533,0.283893,-0.011142,0.459308,0.250986,-0.015794,0.483802,0.395247,-0.002769,0.49562,0.324881,-0.0051,0.503498,0.28081,-0.01096,0.509539,0.246357,-0.015798,0.506381,0.415093,-0.006679,0.521444,0.355197,-0.012442,0.529215,0.316561,-0.018816,0.534997,0.283014,-0.02354,0.524959,0.445933,-0.01161,0.541209,0.405735,-0.017971,0.550907,0.37968,-0.020513,0.558944,0.354816,-0.022172
palm_open,0.467521,0.58342,0.0,0.431722,0.538643,-0.012655,0.416662,0.4608,-0.015629,0.413958,0.398424,-0.017528,0.404891,0.353842,-0.019142,0.458967,0.392714,-0.004451,0.460027,0.318528,-0.010847,0.462364,0.273687,-0.017332,0.465626,0.236745,-0.022624,0.487546,0.400182,-0.006495,0.501684,0.322037,-0.010465,0.511177,0.271526,-0.017228,0.518514,0.232764,-0.022588,0.510773,0.423173,-0.010849,0.527387,0.355934,-0.018174,0.537114,0.313088,-0.025183,0.544822,0.275949,-0.030305,0.529877,0.45772,-0.016374,0.548037,0.412151,-0.02425,0.559431,0.38451,-0.027154,0.568858,0.358136,-0.028978
palm_open,0.463063,0.614612,0.0,0.426417,0.562798,-0.015047,0.411868,0.481254,-0.020287,0.409633,0.415633,-0.024426,0.400613,0.364719,-0.028454,0.458323,0.409566,-0.007913,0.459299,0.328547,-0.018184,0.461305,0.278264,-0.027416,0.46511,0.235788,-0.034464,0.487732,0.418061,-0.010656,0.503129,0.332762,-0.018238,0.514023,0.278223,-0.027069,0.523125,0.235055,-0.033657,0.510949,0.443626,-0.016075,0.528735,0.36941,-0.026116,0.540673,0.324156,-0.033333,0.550586,0.284635,-0.038305,0.52962,0.481628,-0.022983,0.548816,0.428177,-0.032402,0.562028,0.397401,-0.035117,0.573471,0.368894,-0.036671
palm_open,0.459883,0.641869,0.0,0.424334,0.586626,-0.018379,0.409637,0.502891,-0.026168,0.407218,0.434741,-0.032267,0.397584,0.381682,-0.038324,0.456405,0.429646,-0.014346,0.457966,0.344333,-0.027301,0.460475,0.291221,-0.037872,0.465179,0.246915,-0.045733,0.486788,0.438595,-0.016566,0.504231,0.349186,-0.02685,0.516678,0.293678,-0.036581,0.527346,0.249381,-0.043794,0.510265,0.464613,-0.02161,0.530226,0.38717,-0.033957,0.543956,0.34074,-0.041805,0.555679,0.300008,-0.047171,0.52897,0.503331,-0.028377,0.549313,0.449238,-0.039581,0.564488,0.417901,-0.043147,0.577858,0.388755,-0.045325
palm_open,0.457829,0.655676,0.0,0.423638,0.600162,-0.020662,0.40778,0.517767,-0.030593,0.404387,0.449078,-0.038355,0.39359,0.394235,-0.046225,0.455537,0.445306,-0.020526,0.45762,0.35846,-0.0353,0.460092,0.304866,-0.046544,0.465235,0.258712,-0.054869,0.486823,0.45381,-0.022131,0.505565,0.362367,-0.034017,0.51801,0.305986,-0.044178,0.528875,0.258598,-0.051989,0.510675,0.479404,-0.026448,0.532454,0.40107,-0.040002,0.546909,0.353634,-0.047948,0.559009,0.310695,-0.053604,0.529198,0.517252,-0.032586,0.549978,0.46203,-0.044588,0.565863,0.430862,-0.048321,0.579713,0.401469,-0.050825
palm_open,0.457508,0.666036,0.0,0.423037,0.612863,-0.022219,0.407485,0.531692,-0.03315,0.403903,0.462316,-0.041701,0.391853,0.407212,-0.050533,0.455447,0.461442,-0.023677,0.457671,0.374219,-0.039477,0.46013,0.319712,-0.051398,0.46548,0.272026,-0.060256,0.486955,0.468331,-0.024949,0.506565,0.376858,-0.037894,0.519484,0.320033,-0.048557,0.531125,0.271345,-0.056835,0.510893,0.49261,-0.028925,0.534798,0.41384,-0.043443,0.54989,0.365801,-0.051764,0.562503,0.321134,-0.057712,0.529289,0.529655,-0.034815,0.551603,0.474162,-0.047753,0.568293,0.442577,-0.051902,0.582915,0.412155,-0.054731
palm_open,0.459533,0.674831,0.0,0.42425,0.626152,-0.023546,0.407695,0.547872,-0.035831,0.403988,0.478934,-0.045414,0.390577,0.424993,-0.055496,0.455645,0.479979,-0.029232,0.457998,0.39206,-0.046002,0.461046,0.337739,-0.05777,0.466978,0.289516,-0.066552,0.48701,0.487091,-0.030482,0.50616,0.393842,-0.04501,0.519076,0.336855,-0.055956,0.531004,0.286691,-0.064497,0.510993,0.511545,-0.034201,0.535338,0.430897,-0.050432,0.551161,0.38184,-0.059474,0.564501,0.335552,-0.06588,0.529615,0.548335,-0.039763,0.552554,0.491216,-0.054452,0.569986,0.45872,-0.059621,0.585404,0.426643,-0.063199
palm_open,0.458819,0.676464,0.0,0.424395,0.633279,-0.027492,0.407202,0.563185,-0.042659,0.40102,0.496762,-0.054424,0.385878,0.444742,-0.066672,0.456533,0.496231,-0.03651,0.458447,0.411126,-0.055396,0.461192,0.359209,-0.068144,0.467273,0.311765,-0.077565,0.487123,0.501828,-0.03619,0.505911,0.412053,-0.053172,0.519412,0.357978,-0.064912,0.532828,0.308469,-0.074034,0.510035,0.524738,-0.038397,0.535282,0.448266,-0.056995,0.55223,0.402776,-0.06677,0.566777,0.358673,-0.073399,0.527588,0.559401,-0.042646,0.551767,0.503901,-0.059319,0.570235,0.472623,-0.065704,0.586815,0.440873,-0.070014
palm_open,0.460758,0.667787,0.0,0.425732,0.635932,-0.031137,0.406137,0.574051,-0.048842,0.398951,0.510445,-0.062313,0.383357,0.457934,-0.076244,0.455974,0.505343,-0.043324,0.456627,0.424136,-0.063973,0.458068,0.372868,-0.077913,0.463352,0.324286,-0.088291,0.485753,0.506259,-0.040875,0.502781,0.421069,-0.059644,0.515088,0.368571,-0.072366,0.528466,0.317981,-0.082368,0.508282,0.526042,-0.040826,0.531879,0.453608,-0.060421,0.549031,0.409193,-0.070737,0.564466,0.364749,-0.077866,0.526065,0.557244,-0.043033,0.550125,0.50397,-0.060443,0.568402,0.474674,-0.067521,0.584952,0.444019,-0.072414
palm_open,0.465417,0.634463,0.0,0.429337,0.615596,-0.033727,0.405951,0.563681,-0.053926,0.39486,0.50506,-0.068997,0.376306,0.455559,-0.084561,0.452995,0.506033,-0.052451,0.454232,0.430493,-0.07508,0.455268,0.378978,-0.089542,0.46034,0.330617,-0.100187,0.482701,0.503186,-0.048416,0.499859,0.42206,-0.069238,0.51268,0.37069,-0.082133,0.527458,0.321873,-0.092512,0.505774,0.516285,-0.046415,0.528681,0.44611,-0.067691,0.547044,0.402905,-0.078689,0.564197,0.362048,-0.086283,0.524589,0.539608,-0.046611,0.547947,0.486785,-0.065256,0.567353,0.457441,-0.073489,0.58535,0.428583,-0.079311
palm_open,0.463562,0.600593,0.0,0.426947,0.586809,-0.033449,0.403275,0.537784,-0.052937,0.391168,0.481521,-0.067364,0.371465,0.435364,-0.082416,0.449451,0.484066,-0.05169,0.451199,0.411995,-0.07353,0.453239,0.362086,-0.087256,0.459239,0.315547,-0.097406,0.479491,0.479662,-0.047581,0.497022,0.401976,-0.067864,0.510292,0.350988,-0.080221,0.525998,0.303315,-0.090408,0.502704,0.490815,-0.045547,0.525293,0.423181,-0.06696,0.543861,0.380208,-0.077908,0.561885,0.340552,-0.085434,0.521338,0.511568,-0.045643,0.545059,0.460205,-0.064567,0.564276,0.429656,-0.07303,0.58249,0.399601,-0.079135
palm_open,0.460778,0.563457,0.0,0.425106,0.559675,-0.038486,0.401029,0.516813,-0.061082,0.388566,0.463432,-0.077457,0.367975,0.417986,-0.094287,0.450893,0.465401,-0.060752,0.451785,0.395757,-0.08396,0.45416,0.3499,-0.098209,0.4612,0.306784,-0.108672,0.481126,0.459184,-0.054152,0.499251,0.388899,-0.075557,0.51283,0.342172,-0.088295,0.529429,0.296392,-0.099216,0.503757,0.466539,-0.049582,0.527963,0.405274,-0.071496,0.547042,0.365782,-0.083036,0.566054,0.329747,-0.091361,0.520751,0.483348,-0.047481,0.544817,0.434286,-0.066366,0.564201,0.405552,-0.075592,0.583035,0.377366,-0.082758
palm_open,0.459635,0.543406,0.0,0.423178,0.541168,-0.038106,0.398924,0.502543,-0.061221,0.387052,0.451298,-0.078236,0.367502,0.406459,-0.095723,0.448042,0.448848,-0.061327,0.449206,0.380049,-0.08544,0.451607,0.333208,-0.100615,0.457455,0.28928,-0.111691,0.477923,0.440995,-0.055233,0.495451,0.367449,-0.07791,0.507744,0.31915,-0.091364,0.522131,0.273333,-0.102467,0.500693,0.447679,-0.051014,0.522669,0.383196,-0.072873,0.541156,0.341726,-0.084419,0.559174,0.304727,-0.092617,0.517859,0.464665,-0.049295,0.540639,0.413551,-0.067833,0.559647,0.383962,-0.076773,0.577771,0.355966,-0.083528
palm_open,0.455568,0.538594,0.0,0.4196,0.530713,-0.037049,0.396191,0.487889,-0.05955,0.38374,0.434659,-0.076125,0.363598,0.388989,-0.093077,0.444657,0.430286,-0.059054,0.445294,0.360966,-0.083007,0.44654,0.313051,-0.098175,0.451412,0.267848,-0.109201,0.474007,0.421977,-0.053452,0.4903,0.343591,-0.07654,0.501539,0.292668,-0.090422,0.515034,0.244639,-0.101383,0.496413,0.430113,-0.049687,0.518226,0.361312,-0.071875,0.536246,0.318051,-0.08366,0.553483,0.279174,-0.091649,0.513599,0.449306,-0.048292,0.536766,0.395941,-0.066664,0.555652,0.365052,-0.075366,0.573202,0.336024,-0.08168
palm_open,0.452178,0.541301,0.0,0.41487,0.52752,-0.033836,0.391192,0.47889,-0.054321,0.378919,0.423275,-0.069648,0.358307,0.377119,-0.085538,0.436034,0.413659,-0.052221,0.435374,0.343424,-0.074894,0.436025,0.294135,-0.089687,0.440003,0.247584,-0.100412,0.466347,0.406702,-0.048347,0.481206,0.322437,-0.06906,0.49193,0.268825,-0.08235,0.504653,0.218009,-0.09276,0.489853,0.417778,-0.046452,0.509511,0.343867,-0.06729,0.526765,0.298534,-0.079028,0.542936,0.256476,-0.086961,0.508778,0.439631,-0.046689,0.530956,0.38412,-0.064277,0.549195,0.352447,-0.072295,0.565887,0.321155,-0.077971
palm_open,0.445993,0.550755,0.0,0.408473,0.524634,-0.030671,0.388557,0.464351,-0.047695,0.380073,0.402262,-0.06024,0.359993,0.357694,-0.073511,0.435023,0.399861,-0.043757,0.435418,0.322255,-0.063575,0.436839,0.271277,-0.076833,0.441753,0.224021,-0.086746,0.464826,0.39562,-0.041251,0.479252,0.3073,-0.05908,0.48936,0.251395,-0.071503,0.500808,0.199625,-0.081342,0.488015,0.41028,-0.040922,0.508446,0.33236,-0.060335,0.524749,0.284961,-0.07168,0.539756,0.239689,-0.079571,0.506925,0.437277,-0.042581,0.528721,0.381617,-0.060302,0.546423,0.350983,-0.068128,0.562413,0.320096,-0.073569
palm_open,0.440744,0.553193,0.0,0.407527,0.510573,-0.024765,0.393758,0.444896,-0.038132,0.391186,0.380932,-0.048152,0.377796,0.331594,-0.058585,0.444643,0.380988,-0.030154,0.452677,0.302923,-0.045705,0.458387,0.252426,-0.057303,0.465564,0.206732,-0.066019,0.473919,0.385147,-0.029038,0.494881,0.302581,-0.042734,0.509315,0.248444,-0.054163,0.523116,0.199872,-0.063116,0.494529,0.407259,-0.029992,0.522174,0.336296,-0.045692,0.541323,0.292183,-0.056023,0.558014,0.251556,-0.063226,0.509353,0.441027,-0.032568,0.53578,0.395726,-0.047134,0.554482,0.368877,-0.053183,0.570516,0.342088,-0.057198
palm_open,0.437391,0.557739,0.0,0.404782,0.506074,-0.021543,0.394935,0.428475,-0.031068,0.39451,0.36128,-0.038041,0.381937,0.311826,-0.045071,0.447454,0.365075,-0.018608,0.456008,0.285279,-0.030184,0.462426,0.235126,-0.040117,0.470737,0.191544,-0.048063,0.475604,0.375136,-0.018329,0.497793,0.293885,-0.027722,0.512779,0.241671,-0.037499,0.526524,0.198181,-0.045391,0.495609,0.401367,-0.020556,0.522102,0.334265,-0.032403,0.538979,0.291372,-0.041353,0.553519,0.252339,-0.048063,0.509503,0.438735,-0.024574,0.534349,0.396871,-0.036289,0.551229,0.371866,-0.041122,0.566279,0.34659,-0.044495
palm_open,0.436802,0.563988,0.0,0.403228,0.510323,-0.017274,0.390767,0.427769,-0.023497,0.388127,0.35995,-0.02814,0.376144,0.309959,-0.032801,0.438374,0.359631,-0.010879,0.442793,0.276648,-0.020858,0.447724,0.226018,-0.029959,0.454209,0.182975,-0.03716,0.467648,0.368513,-0.011611,0.48551,0.285165,-0.018244,0.497939,0.235318,-0.026358,0.508878,0.194702,-0.033048,0.489687,0.39518,-0.014905,0.510692,0.32535,-0.023659,0.525104,0.285165,-0.030829,0.537231,0.249106,-0.036613,0.505786,0.433925,-0.019896,0.526508,0.391155,-0.028728,0.541484,0.36736,-0.031924,0.555348,0.344386,-0.034317
palm_open,0.442153,0.576029,0.0,0.408517,0.521116,-0.017432,0.394592,0.437789,-0.022839,0.391065,0.370101,-0.026479,0.379176,0.318293,-0.029766,0.442188,0.36913,-0.008907,0.444969,0.288451,-0.017726,0.447788,0.240041,-0.025703,0.452238,0.198795,-0.032152,0.470488,0.37949,-0.009345,0.485801,0.297439,-0.015246,0.496694,0.249258,-0.022297,0.506164,0.210826,-0.028156,0.491945,0.406201,-0.012625,0.510485,0.340137,-0.021502,0.52377,0.300947,-0.027699,0.534925,0.265562,-0.032499,0.508835,0.44396,-0.017712,0.526815,0.402325,-0.026515,0.540203,0.379095,-0.02931,0.552663,0.356195,-0.031315
palm_open,0.439499,0.594881,0.0,0.408344,0.538356,-0.017754,0.397319,0.453657,-0.023632,0.395698,0.384599,-0.02792,0.384925,0.331191,-0.03185,0.446187,0.386612,-0.010049,0.451245,0.306639,-0.019587,0.455136,0.259887,-0.027957,0.45998,0.219141,-0.034785,0.473994,0.399636,-0.010969,0.491072,0.318952,-0.018127,0.503092,0.272878,-0.025847,0.513482,0.236086,-0.032122,0.494768,0.428614,-0.01477,0.516513,0.366206,-0.025262,0.530049,0.329501,-0.031978,0.541216,0.29603,-0.036896,0.510718,0.468964,-0.020347,0.532011,0.431021,-0.030583,0.546567,0.409761,-0.034034,0.559722,0.387535,-0.03634
palm_open,0.431477,0.613453,0.0,0.403059,0.55439,-0.018064,0.39562,0.468884,-0.023539,0.397195,0.401319,-0.027352,0.388822,0.3489,-0.030755,0.44785,0.407017,-0.01,0.455737,0.32857,-0.01907,0.461662,0.282403,-0.027269,0.468328,0.242804,-0.034143,0.474577,0.42335,-0.010752,0.494207,0.346336,-0.017939,0.507844,0.301296,-0.025853,0.519868,0.265565,-0.032312,0.493629,0.454837,-0.014462,0.518611,0.396759,-0.025607,0.534285,0.361576,-0.033241,0.547517,0.328628,-0.038758,0.507456,0.497664,-0.019968,0.532422,0.465931,-0.031516,0.549003,0.446851,-0.036375,0.564279,0.425703,-0.039619
palm_open,0.421408,0.61897,0.0,0.392267,0.561608,-0.015573,0.383033,0.476219,-0.01976,0.383292,0.409896,-0.022561,0.376957,0.360216,-0.025282,0.43622,0.413302,-0.007373,0.444935,0.33741,-0.015245,0.452164,0.29194,-0.022615,0.460001,0.254456,-0.028757,0.464229,0.429661,-0.008426,0.486681,0.354921,-0.014281,0.501854,0.311482,-0.021516,0.514754,0.277442,-0.027623,0.483696,0.460225,-0.012213,0.509647,0.40301,-0.021877,0.526728,0.367177,-0.030228,0.54046,0.334762,-0.036543,0.496913,0.501233,-0.017476,0.52284,0.467843,-0.028037,0.540558,0.449665,-0.033201,0.556098,0.430993,-0.03685
palm_open,0.417273,0.62998,0.0,0.386919,0.577169,-0.016653,0.373456,0.493553,-0.021268,0.369193,0.426787,-0.024359,0.359253,0.37696,-0.026787,0.422002,0.423362,-0.006064,0.426659,0.344604,-0.013775,0.430709,0.297212,-0.021307,0.434998,0.258326,-0.02723,0.449552,0.43429,-0.005877,0.467259,0.354815,-0.010049,0.479311,0.309195,-0.015656,0.489011,0.274014,-0.020217,0.470424,0.461945,-0.008671,0.491438,0.39831,-0.015631,0.505524,0.361651,-0.021023,0.516702,0.329148,-0.025172,0.486164,0.501263,-0.013346,0.507923,0.464413,-0.020625,0.52279,0.442686,-0.023156,0.536234,0.420967,-0.024832
palm_open,0.42142,0.648894,0.0,0.390759,0.600204,-0.019026,0.374713,0.517585,-0.024009,0.368136,0.44939,-0.026784,0.357487,0.396936,-0.0281,0.415558,0.443506,-0.006748,0.414588,0.358748,-0.014552,0.414654,0.30796,-0.022131,0.415686,0.264827,-0.027656,0.440052,0.447846,-0.004076,0.449848,0.361976,-0.006386,0.456479,0.312097,-0.010135,0.461275,0.273111,-0.013308,0.460111,0.4699,-0.004573,0.472165,0.399914,-0.00727,0.480243,0.359958,-0.008879,0.48619,0.324996,-0.010793,0.47697,0.504479,-0.007607,0.490881,0.459949,-0.009168,0.499713,0.434593,-0.007884,0.50797,0.411212,-0.007221
palm_open,0.425835,0.667819,0.0,0.396182,0.62196,-0.019193,0.384004,0.543917,-0.024003,0.38132,0.479737,-0.026422,0.372793,0.426899,-0.027104,0.422414,0.466232,-0.007724,0.420422,0.380239,-0.015709,0.419065,0.328828,-0.02306,0.418487,0.284734,-0.028106,0.443068,0.468903,-0.004527,0.448739,0.380769,-0.008275,0.451643,0.329423,-0.01268,0.454177,0.287956,-0.015914,0.459786,0.486649,-0.004206,0.467973,0.413064,-0.00761,0.471866,0.369853,-0.008672,0.47415,0.332622,-0.009899,0.473874,0.516189,-0.006459,0.484027,0.468725,-0.008018,0.489378,0.441428,-0.005838,0.493705,0.41716,-0.004264
palm_open,0.423835,0.673058,0.0,0.399396,0.632866,-0.029199,0.392238,0.559285,-0.03705,0.392972,0.49433,-0.040038,0.386652,0.436578,-0.040733,0.428643,0.480955,-0.017074,0.429209,0.394029,-0.025343,0.428612,0.342503,-0.032809,0.428475,0.297499,-0.037724,0.445343,0.481134,-0.006845,0.45045,0.391991,-0.009541,0.452944,0.338056,-0.012942,0.454447,0.294661,-0.015704,0.458247,0.49548,-5.3e-05,0.463826,0.423024,-0.000716,0.466645,0.379257,-0.001069,0.467767,0.34118,-0.002361,0.469243,0.520424,0.003088,0.476632,0.474931,0.004112,0.479992,0.446998,0.005845,0.482689,0.422468,0.006621
palm_open,0.417515,0.667296,0.0,0.398591,0.630919,-0.02764,0.394028,0.561992,-0.037481,0.397213,0.500974,-0.043233,0.39351,0.44282,-0.047371,0.42592,0.484909,-0.022182,0.429761,0.399878,-0.034139,0.431528,0.348038,-0.043463,0.432701,0.303581,-0.049702,0.442044,0.483795,-0.015345,0.4492,0.396458,-0.023135,0.45252,0.343581,-0.029441,0.454483,0.298252,-0.034135,0.453738,0.495753,-0.01159,0.459677,0.422894,-0.017466,0.462532,0.375883,-0.020918,0.463674,0.332985,-0.024183,0.461828,0.519842,-0.011019,0.468773,0.472359,-0.014993,0.472846,0.443564,-0.015957,0.475284,0.417901,-0.017015
palm_open,0.410421,0.655439,0.0,0.394555,0.622064,-0.0281,0.392031,0.557768,-0.038493,0.395286,0.498967,-0.044272,0.392207,0.442033,-0.048434,0.421588,0.483382,-0.025966,0.426829,0.397316,-0.037133,0.429416,0.347226,-0.045058,0.431255,0.303902,-0.050133,0.436296,0.482746,-0.017689,0.442757,0.39408,-0.025262,0.445904,0.341045,-0.030429,0.447037,0.296272,-0.034085,0.446708,0.494666,-0.012051,0.451147,0.42042,-0.017819,0.453071,0.371318,-0.021312,0.45292,0.326752,-0.024458,0.453671,0.51681,-0.009372,0.458351,0.469537,-0.013681,0.460377,0.439462,-0.015089,0.460701,0.412449,-0.016307
palm_open,0.402452,0.643585,0.0,0.388426,0.609127,-0.022441,0.384322,0.539826,-0.030303,0.382807,0.484399,-0.035246,0.379266,0.436745,-0.038841,0.411846,0.47088,-0.018622,0.416008,0.389211,-0.030302,0.419103,0.339236,-0.038983,0.421309,0.29875,-0.044783,0.425207,0.468591,-0.014527,0.431703,0.383862,-0.023376,0.435638,0.331118,-0.029261,0.437585,0.289002,-0.032949,0.436186,0.480655,-0.013178,0.441708,0.406496,-0.020623,0.44487,0.361023,-0.024,0.446382,0.321785,-0.026517,0.444132,0.505701,-0.014502,0.451689,0.461099,-0.020773,0.455803,0.432667,-0.022617,0.458452,0.408031,-0.023591
palm_open,0.388002,0.636184,0.0,0.365226,0.590776,-0.020461,0.356123,0.51533,-0.025896,0.352563,0.458181,-0.02845,0.344817,0.411751,-0.029468,0.395426,0.452211,-0.011301,0.400139,0.371745,-0.020119,0.403109,0.323299,-0.027611,0.406235,0.282351,-0.03238,0.412094,0.456777,-0.00657,0.421979,0.375789,-0.009863,0.428183,0.326038,-0.013096,0.433062,0.284788,-0.015548,0.425959,0.475107,-0.004797,0.435848,0.407589,-0.007112,0.441325,0.367304,-0.007685,0.445259,0.331228,-0.008647,0.437374,0.504656,-0.00575,0.447503,0.461473,-0.006828,0.453467,0.437402,-0.005206,0.459084,0.415604,-0.004068
palm_open,0.370869,0.634485,0.0,0.341334,0.585724,-0.016967,0.329436,0.504885,-0.021156,0.326179,0.442242,-0.023563,0.316768,0.398484,-0.025524,0.375927,0.442558,-0.007958,0.379,0.364663,-0.016359,0.381834,0.316027,-0.024265,0.385805,0.274282,-0.030434,0.400414,0.448707,-0.007144,0.415292,0.371755,-0.01203,0.425101,0.323448,-0.018439,0.433689,0.282896,-0.023684,0.419047,0.471052,-0.009007,0.436892,0.406986,-0.015197,0.447556,0.368144,-0.019965,0.456204,0.332525,-0.023935,0.433237,0.505476,-0.012881,0.45114,0.467118,-0.018745,0.462492,0.442589,-0.020443,0.47301,0.4187,-0.021802
palm_open,0.358207,0.638332,0.0,0.327399,0.58506,-0.016872,0.315657,0.502,-0.022345,0.312424,0.436902,-0.026245,0.30107,0.390882,-0.030077,0.365513,0.442029,-0.010361,0.368846,0.362721,-0.0202,0.371823,0.312713,-0.02887,0.376413,0.270144,-0.035861,0.392798,0.450903,-0.011345,0.410373,0.371925,-0.018652,0.422512,0.322569,-0.026873,0.433338,0.281249,-0.033492,0.413015,0.476216,-0.014938,0.43461,0.409975,-0.024831,0.448867,0.369831,-0.032023,0.46073,0.332608,-0.037449,0.42783,0.51335,-0.020199,0.44979,0.473359,-0.029831,0.465069,0.448717,-0.033501,0.478981,0.423836,-0.036115
palm_open,0.353022,0.641765,0.0,0.321562,0.588376,-0.019532,0.309721,0.506725,-0.027169,0.307213,0.439563,-0.032818,0.295548,0.389949,-0.0383,0.361225,0.443017,-0.014092,0.365561,0.362952,-0.025665,0.369583,0.312588,-0.035556,0.375975,0.269166,-0.0434,0.389736,0.453217,-0.01458,0.408937,0.373764,-0.023441,0.422385,0.322585,-0.032442,0.434851,0.279502,-0.039696,0.410758,0.480329,-0.017886,0.435143,0.414253,-0.029126,0.451197,0.373006,-0.036602,0.464945,0.334649,-0.042197,0.426014,0.519557,-0.023074,0.44993,0.478605,-0.033588,0.466045,0.453338,-0.037337,0.480745,0.427344,-0.040029
palm_open,0.351339,0.642859,0.0,0.319452,0.588702,-0.017655,0.30568,0.506842,-0.025142,0.303047,0.440743,-0.03099,0.291875,0.392347,-0.036992,0.35678,0.442057,-0.014856,0.359818,0.360312,-0.026447,0.363895,0.310428,-0.03618,0.370324,0.267748,-0.043866,0.386176,0.451844,-0.016662,0.405697,0.368789,-0.026169,0.419368,0.317396,-0.035777,0.432008,0.273832,-0.043363,0.407602,0.479462,-0.020898,0.432933,0.409716,-0.033252,0.44979,0.367158,-0.042028,0.464492,0.327354,-0.048326,0.423086,0.519282,-0.026607,0.448442,0.475073,-0.038459,0.466069,0.448734,-0.043041,0.482183,0.422047,-0.046105
palm_open,0.350511,0.640709,0.0,0.317879,0.586694,-0.018559,0.302468,0.505992,-0.027109,0.299251,0.43912,-0.033943,0.288129,0.388999,-0.041005,0.350848,0.438846,-0.017369,0.352497,0.355563,-0.030305,0.356172,0.304495,-0.040697,0.362568,0.260368,-0.04877,0.380802,0.44751,-0.019321,0.398834,0.361667,-0.030247,0.412049,0.308774,-0.040616,0.424681,0.262835,-0.048703,0.403008,0.474749,-0.023694,0.427416,0.40124,-0.037313,0.444383,0.356107,-0.046759,0.459188,0.31378,-0.053491,0.419716,0.514925,-0.029532,0.445236,0.468756,-0.042386,0.463475,0.439794,-0.047562,0.479967,0.410405,-0.051059
palm_open,0.353146,0.640185,0.0,0.319636,0.587486,-0.017324,0.30339,0.507473,-0.025202,0.299893,0.44079,-0.031592,0.289557,0.389239,-0.038284,0.349586,0.436913,-0.0167,0.349011,0.3527,-0.029628,0.351124,0.300667,-0.039902,0.356088,0.255843,-0.047893,0.3799,0.444121,-0.019354,0.396171,0.355362,-0.030713,0.408188,0.299782,-0.041432,0.41941,0.251754,-0.049666,0.402805,0.47056,-0.024311,0.42627,0.395066,-0.038709,0.442526,0.347251,-0.048764,0.456351,0.301879,-0.055756,0.420388,0.510835,-0.030505,0.446426,0.462713,-0.044002,0.464396,0.432501,-0.049445,0.479993,0.40116,-0.053067
palm_open,0.357779,0.64189,0.0,0.323135,0.590228,-0.016827,0.306014,0.508955,-0.023882,0.301155,0.441615,-0.029611,0.289033,0.390725,-0.035723,0.350991,0.437607,-0.015396,0.348977,0.35257,-0.027862,0.350122,0.299353,-0.037802,0.354279,0.253379,-0.045678,0.381393,0.443536,-0.018271,0.396073,0.352968,-0.029246,0.40708,0.295908,-0.039814,0.417253,0.247191,-0.04799,0.404889,0.469172,-0.023494,0.427265,0.391922,-0.037728,0.442803,0.342709,-0.047785,0.455858,0.295963,-0.054861,0.423464,0.508933,-0.029937,0.448689,0.459159,-0.043513,0.466374,0.427948,-0.049052,0.481626,0.395561,-0.052826
palm_open,0.455001,0.686717,0.0,0.41577,0.645634,-0.020666,0.392175,0.572203,-0.030045,0.383454,0.503379,-0.037443,0.367053,0.45227,-0.044694,0.428488,0.484492,-0.019494,0.419214,0.397133,-0.033717,0.415643,0.344286,-0.04461,0.415661,0.296404,-0.052799,0.45859,0.479557,-0.020806,0.464843,0.38366,-0.032006,0.470925,0.324859,-0.042303,0.477383,0.274914,-0.050413,0.483992,0.49583,-0.02478,0.497503,0.412798,-0.038011,0.507439,0.362558,-0.046606,0.515893,0.318413,-0.052886,0.506001,0.52752,-0.030621,0.523273,0.472764,-0.043015,0.536544,0.43838,-0.04754,0.548038,0.407048,-0.050604
palm_open,0.461349,0.684782,0.0,0.424566,0.638181,-0.018378,0.405377,0.562896,-0.027774,0.399064,0.497479,-0.035423,0.386131,0.445285,-0.043501,0.443754,0.488874,-0.022043,0.439524,0.403585,-0.036819,0.438394,0.350004,-0.047503,0.440507,0.302771,-0.055597,0.473512,0.492356,-0.025112,0.48541,0.39915,-0.037549,0.494839,0.340067,-0.048308,0.503402,0.289745,-0.056754,0.496938,0.516301,-0.030385,0.515727,0.435524,-0.045636,0.528588,0.384326,-0.05588,0.538903,0.337825,-0.063245,0.515856,0.554137,-0.036907,0.538628,0.5023,-0.051767,0.555419,0.469547,-0.057813,0.569181,0.438176,-0.061922
palm_open,0.460754,0.687739,0.0,0.425071,0.639606,-0.017193,0.406687,0.563359,-0.026473,0.399832,0.498694,-0.034201,0.386735,0.447282,-0.042449,0.443041,0.492961,-0.022546,0.439276,0.408344,-0.037484,0.438311,0.35511,-0.047925,0.440168,0.308304,-0.055818,0.472204,0.498139,-0.026217,0.483608,0.406129,-0.039193,0.492774,0.347863,-0.04989,0.500944,0.298068,-0.058147,0.495375,0.523852,-0.031871,0.513789,0.444853,-0.047734,0.527078,0.394159,-0.058278,0.53775,0.3482,-0.065704,0.513968,0.563467,-0.038541,0.537138,0.51379,-0.054201,0.554278,0.480962,-0.060839,0.5686,0.449378,-0.065243
palm_open,0.458542,0.687063,0.0,0.423478,0.636998,-0.017011,0.406287,0.561377,-0.025888,0.400441,0.497732,-0.033267,0.388718,0.445478,-0.040958,0.441965,0.491477,-0.020646,0.439494,0.406456,-0.035264,0.439088,0.354604,-0.045573,0.441395,0.308485,-0.053369,0.469795,0.497073,-0.024066,0.481765,0.408073,-0.036994,0.491325,0.35089,-0.04783,0.500247,0.30108,-0.056139,0.491395,0.522483,-0.029583,0.509881,0.447177,-0.045325,0.522819,0.397939,-0.055946,0.533758,0.352698,-0.06343,0.508226,0.561409,-0.036181,0.530655,0.516276,-0.051994,0.547003,0.48476,-0.058956,0.561129,0.453609,-0.063526
palm_open,0.452474,0.683463,0.0,0.419579,0.629941,-0.015251,0.403343,0.556817,-0.023965,0.397111,0.495407,-0.03169,0.385803,0.444001,-0.039893,0.436022,0.486233,-0.018633,0.433109,0.402355,-0.033542,0.432808,0.351518,-0.044421,0.434798,0.306024,-0.052634,0.462238,0.49248,-0.023131,0.474141,0.403869,-0.036925,0.482768,0.347132,-0.04872,0.490555,0.296573,-0.057576,0.482084,0.518364,-0.029624,0.499629,0.44264,-0.045916,0.510887,0.392268,-0.05754,0.519916,0.345498,-0.065715,0.497003,0.55773,-0.037044,0.518664,0.513272,-0.053442,0.533646,0.480242,-0.061376,0.546471,0.44678,-0.066674
palm_open,0.446161,0.678243,0.0,0.413266,0.624089,-0.015769,0.399253,0.548269,-0.024572,0.39559,0.485825,-0.032245,0.386403,0.431016,-0.040239,0.43126,0.479463,-0.019991,0.430329,0.395014,-0.035865,0.431256,0.343917,-0.04726,0.434028,0.298135,-0.055772,0.456067,0.487777,-0.024641,0.468525,0.400651,-0.039563,0.477421,0.343025,-0.051677,0.485456,0.292439,-0.060688,0.474576,0.515817,-0.031397,0.492473,0.441937,-0.048838,0.503291,0.391828,-0.060481,0.512168,0.344845,-0.068507,0.488072,0.557759,-0.039149,0.50944,0.513059,-0.057081,0.52362,0.479385,-0.065606,0.535633,0.444986,-0.071115
palm_open,0.440243,0.678766,0.0,0.407558,0.624625,-0.015389,0.393179,0.548743,-0.02367,0.389797,0.486248,-0.030713,0.381369,0.432115,-0.03797,0.426699,0.480496,-0.019364,0.427023,0.39631,-0.034315,0.428151,0.345102,-0.045033,0.431076,0.299382,-0.05302,0.451862,0.489103,-0.023737,0.464349,0.403092,-0.037299,0.473281,0.345649,-0.048545,0.481555,0.29556,-0.057019,0.470889,0.517083,-0.030113,0.489307,0.444382,-0.046086,0.500945,0.394262,-0.056715,0.510643,0.34777,-0.064156,0.484731,0.558706,-0.037492,0.505501,0.51364,-0.053874,0.519605,0.480608,-0.061126,0.531585,0.447737,-0.065762
palm_open,0.436238,0.688397,0.0,0.401067,0.636514,-0.016346,0.385137,0.560997,-0.024586,0.380592,0.497394,-0.031378,0.370784,0.444038,-0.038402,0.420422,0.490202,-0.018023,0.418285,0.406345,-0.031749,0.418078,0.35526,-0.041814,0.420104,0.309833,-0.049509,0.448455,0.495958,-0.021721,0.459339,0.407087,-0.034205,0.468009,0.349123,-0.045532,0.475855,0.298427,-0.054094,0.47018,0.522118,-0.027503,0.488361,0.446739,-0.042787,0.50105,0.396016,-0.053739,0.511398,0.349289,-0.061347,0.48684,0.561831,-0.034292,0.507513,0.513358,-0.049675,0.522436,0.479735,-0.056463,0.535106,0.446688,-0.060832
palm_open,0.428547,0.706966,0.0,0.393124,0.655533,-0.017857,0.37582,0.579851,-0.027066,0.372153,0.514469,-0.034535,0.36126,0.462195,-0.042368,0.408843,0.511617,-0.021366,0.405588,0.42495,-0.036228,0.405542,0.371995,-0.046875,0.408163,0.324969,-0.054678,0.438678,0.515531,-0.024401,0.449294,0.422391,-0.03757,0.458241,0.363388,-0.04914,0.466866,0.312709,-0.057837,0.46224,0.539282,-0.029492,0.481186,0.459534,-0.045273,0.494996,0.408515,-0.056797,0.506343,0.363205,-0.064663,0.481177,0.576645,-0.035623,0.502822,0.524601,-0.050845,0.518846,0.489992,-0.057718,0.53236,0.456923,-0.0622
palm_open,0.42068,0.727224,0.0,0.382664,0.681698,-0.01993,0.363224,0.607381,-0.030276,0.356976,0.540751,-0.038485,0.340154,0.49294,-0.04714,0.398616,0.536355,-0.024361,0.391729,0.450644,-0.039772,0.389834,0.398445,-0.050503,0.391069,0.351906,-0.058378,0.429283,0.537413,-0.02645,0.438081,0.442299,-0.04048,0.44565,0.382611,-0.052148,0.453307,0.330765,-0.060933,0.454043,0.558911,-0.030652,0.471197,0.477617,-0.047333,0.484233,0.425538,-0.058921,0.494849,0.378968,-0.06673,0.474868,0.594451,-0.03604,0.496195,0.538828,-0.051616,0.511831,0.503369,-0.058505,0.525005,0.469349,-0.063096
palm_open,0.413556,0.737044,0.0,0.376192,0.696271,-0.024885,0.356374,0.625588,-0.037543,0.348927,0.558301,-0.047088,0.331156,0.50739,-0.056996,0.392995,0.550571,-0.030722,0.386573,0.465013,-0.047345,0.384792,0.411497,-0.058591,0.38626,0.362977,-0.066921,0.424582,0.550297,-0.030934,0.433307,0.455063,-0.045726,0.441044,0.396158,-0.057572,0.448684,0.343624,-0.066745,0.449959,0.570483,-0.033509,0.467489,0.488146,-0.051038,0.480936,0.436784,-0.062404,0.491917,0.390059,-0.07016,0.471,0.60397,-0.037684,0.492229,0.546166,-0.053817,0.508478,0.512238,-0.060677,0.521954,0.479355,-0.065327
palm_open,0.404405,0.741108,0.0,0.368778,0.701444,-0.026436,0.350726,0.629434,-0.038952,0.345035,0.561529,-0.04805,0.330007,0.508513,-0.057294,0.392666,0.557598,-0.03082,0.387375,0.472185,-0.046954,0.386069,0.418747,-0.058151,0.388017,0.369353,-0.066617,0.423108,0.557182,-0.029816,0.434602,0.46382,-0.043782,0.443329,0.405157,-0.055165,0.45182,0.352136,-0.06411,0.447045,0.577223,-0.031371,0.466538,0.497269,-0.047928,0.480507,0.446914,-0.05837,0.491959,0.39954,-0.065586,0.466312,0.61017,-0.034804,0.488175,0.554027,-0.050134,0.504744,0.521374,-0.056426,0.518748,0.488786,-0.060707
palm_open,0.395982,0.742639,0.0,0.361919,0.703471,-0.026109,0.345343,0.631989,-0.03861,0.342432,0.566074,-0.047833,0.329968,0.513338,-0.057243,0.389461,0.559622,-0.030475,0.386566,0.47553,-0.047005,0.386949,0.422285,-0.059027,0.391005,0.373158,-0.068123,0.419479,0.559203,-0.02942,0.433614,0.467579,-0.043663,0.4444,0.409683,-0.055515,0.455493,0.357619,-0.064722,0.442496,0.579774,-0.030804,0.463115,0.501167,-0.046944,0.478269,0.453204,-0.057199,0.491469,0.408016,-0.064338,0.460658,0.61384,-0.034156,0.483034,0.560974,-0.04908,0.500125,0.530114,-0.055279,0.515374,0.499281,-0.059418
palm_open,0.387998,0.744594,0.0,0.357101,0.705346,-0.026627,0.341651,0.635651,-0.039418,0.339316,0.571358,-0.048838,0.328349,0.518256,-0.058173,0.385311,0.562229,-0.029717,0.384153,0.477836,-0.046022,0.38564,0.424653,-0.057924,0.390708,0.376388,-0.066801,0.414308,0.561024,-0.028051,0.429229,0.470413,-0.041484,0.440241,0.413674,-0.052617,0.451741,0.363837,-0.061284,0.436266,0.580234,-0.028969,0.457253,0.50277,-0.04387,0.473335,0.45619,-0.053384,0.487929,0.413361,-0.060141,0.453404,0.612937,-0.032071,0.475482,0.562846,-0.045851,0.492292,0.531697,-0.051782,0.507836,0.50074,-0.055839
palm_open,0.379056,0.740442,0.0,0.348142,0.702528,-0.029971,0.332086,0.635282,-0.044503,0.330731,0.571294,-0.054969,0.32404,0.513688,-0.064976,0.378658,0.560789,-0.032154,0.37976,0.477773,-0.049639,0.382489,0.424421,-0.062425,0.388734,0.376008,-0.071859,0.40743,0.559717,-0.028775,0.423909,0.471769,-0.043004,0.435395,0.416517,-0.054584,0.44757,0.367252,-0.063651,0.428486,0.57776,-0.028351,0.44972,0.504253,-0.043754,0.465893,0.458036,-0.053457,0.48078,0.415361,-0.060408,0.444494,0.608789,-0.030454,0.466063,0.561786,-0.044637,0.482884,0.531705,-0.051055,0.498529,0.501565,-0.055521
palm_open,0.368588,0.731396,0.0,0.33847,0.692349,-0.028592,0.325436,0.622594,-0.04168,0.326572,0.557892,-0.050868,0.319248,0.502912,-0.059717,0.373171,0.552581,-0.029651,0.375594,0.469529,-0.045712,0.378925,0.416891,-0.057513,0.385088,0.369898,-0.066283,0.400637,0.554065,-0.026351,0.417755,0.467261,-0.039543,0.42934,0.413358,-0.050454,0.441192,0.36546,-0.059025,0.420476,0.573346,-0.025929,0.442473,0.500727,-0.040302,0.458342,0.455321,-0.049539,0.472983,0.413049,-0.056242,0.435612,0.604632,-0.027937,0.457027,0.557481,-0.041202,0.473348,0.528254,-0.047203,0.488685,0.49875,-0.051453
palm_open,0.357565,0.720747,0.0,0.327707,0.675519,-0.024317,0.318119,0.600708,-0.034593,0.322183,0.536482,-0.041755,0.314852,0.48537,-0.04871,0.366405,0.537871,-0.023616,0.371049,0.455683,-0.037828,0.375737,0.403673,-0.04852,0.382796,0.358637,-0.056414,0.393841,0.542633,-0.021857,0.413069,0.458238,-0.033214,0.425736,0.405359,-0.043033,0.438284,0.359593,-0.050667,0.413385,0.56403,-0.022776,0.437515,0.493738,-0.035478,0.453834,0.449984,-0.043796,0.468713,0.409769,-0.049845,0.427715,0.597464,-0.025867,0.450772,0.553316,-0.037643,0.467438,0.525921,-0.042533,0.482861,0.498397,-0.04591
palm_open,0.344827,0.699755,0.0,0.314891,0.647287,-0.019717,0.306488,0.566736,-0.027774,0.309238,0.502243,-0.033487,0.300885,0.454311,-0.039347,0.357015,0.509819,-0.018874,0.363941,0.42966,-0.030672,0.37018,0.380639,-0.039886,0.377908,0.33915,-0.046925,0.385112,0.520465,-0.018954,0.407504,0.438996,-0.028677,0.422421,0.389829,-0.037759,0.436862,0.347456,-0.044819,0.405172,0.54714,-0.021324,0.431995,0.480161,-0.033357,0.450111,0.439118,-0.041828,0.46656,0.401599,-0.047915,0.419524,0.585444,-0.025324,0.445194,0.544768,-0.036885,0.463483,0.5193,-0.041643,0.48047,0.493207,-0.044844
palm_open,0.33759,0.684409,0.0,0.307559,0.630704,-0.020438,0.297235,0.551982,-0.029822,0.298188,0.486118,-0.036878,0.289187,0.43517,-0.043984,0.346218,0.491896,-0.020393,0.351155,0.410799,-0.033447,0.35716,0.361264,-0.043244,0.365489,0.319644,-0.050533,0.375172,0.502532,-0.020585,0.397294,0.421404,-0.031491,0.412475,0.372859,-0.04088,0.427038,0.331461,-0.048055,0.395598,0.529963,-0.023187,0.423092,0.464209,-0.036459,0.441607,0.423027,-0.045457,0.457879,0.385307,-0.051701,0.410227,0.56922,-0.027384,0.437549,0.528439,-0.039736,0.456205,0.502444,-0.044898,0.472805,0.475435,-0.048295
palm_open,0.331186,0.671046,0.0,0.299343,0.617609,-0.019858,0.28748,0.539964,-0.029415,0.287006,0.474179,-0.03688,0.276007,0.423222,-0.044628,0.334846,0.478258,-0.020797,0.337405,0.39626,-0.034423,0.342423,0.345988,-0.044632,0.350174,0.302772,-0.052296,0.364436,0.488081,-0.021842,0.384169,0.404888,-0.033515,0.398287,0.354424,-0.043737,0.412288,0.309975,-0.051573,0.385491,0.515852,-0.025187,0.411511,0.447516,-0.039429,0.429562,0.4046,-0.049272,0.445616,0.364681,-0.056102,0.400753,0.555686,-0.029966,0.427265,0.513002,-0.043227,0.445546,0.485618,-0.048829,0.461897,0.457037,-0.052561
palm_open,0.32487,0.662884,0.0,0.293138,0.610931,-0.020299,0.279759,0.533504,-0.030259,0.277466,0.467759,-0.038096,0.265677,0.417083,-0.046083,0.325415,0.469934,-0.020874,0.326765,0.386984,-0.035094,0.330512,0.335577,-0.045673,0.337128,0.291821,-0.053499,0.354994,0.478644,-0.021852,0.373163,0.393562,-0.034092,0.386526,0.341726,-0.044569,0.399946,0.296711,-0.052441,0.376793,0.505309,-0.025212,0.401205,0.433726,-0.039724,0.418579,0.390409,-0.04904,0.434182,0.35064,-0.055377,0.393275,0.544345,-0.030086,0.418339,0.499662,-0.043238,0.436146,0.470675,-0.048375,0.452385,0.440815,-0.051689
palm_open,0.323199,0.655673,0.0,0.288926,0.610569,-0.021173,0.272536,0.53406,-0.030518,0.269196,0.467441,-0.037419,0.254861,0.419684,-0.044449,0.316402,0.463347,-0.021145,0.314172,0.379441,-0.034717,0.316375,0.326898,-0.044763,0.321699,0.281998,-0.052209,0.346759,0.466409,-0.021073,0.360962,0.378656,-0.032502,0.372044,0.324982,-0.042114,0.383369,0.279363,-0.049343,0.369915,0.488585,-0.023459,0.390834,0.416396,-0.036908,0.40565,0.371521,-0.045742,0.418789,0.331183,-0.051805,0.388255,0.523651,-0.027547,0.410712,0.476048,-0.039755,0.426908,0.44669,-0.044564,0.441285,0.417457,-0.047686
palm_open,0.321843,0.651431,0.0,0.287218,0.607962,-0.023491,0.269082,0.532718,-0.033466,0.263974,0.464345,-0.040521,0.250115,0.415775,-0.04733,0.312222,0.459445,-0.022113,0.309032,0.374066,-0.035949,0.309106,0.320006,-0.046292,0.312066,0.272999,-0.053962,0.341899,0.458998,-0.020584,0.353967,0.369221,-0.032061,0.362965,0.313724,-0.04164,0.372507,0.266117,-0.04878,0.365043,0.478042,-0.021733,0.383338,0.402598,-0.034887,0.396413,0.355255,-0.043243,0.408301,0.312209,-0.048987,0.383643,0.510101,-0.024879,0.403885,0.461834,-0.036756,0.418538,0.430826,-0.041456,0.432181,0.399846,-0.044465
palm_open,0.322164,0.649923,0.0,0.288028,0.604247,-0.021471,0.27212,0.528352,-0.030815,0.268379,0.460083,-0.037762,0.254241,0.409481,-0.044644,0.316305,0.451087,-0.01858,0.31395,0.365442,-0.031572,0.313548,0.31251,-0.042183,0.31589,0.265323,-0.050354,0.345511,0.452394,-0.01859,0.35733,0.36125,-0.02918,0.365253,0.304801,-0.039335,0.373191,0.256708,-0.047286,0.368069,0.472901,-0.021188,0.38629,0.394372,-0.033571,0.398294,0.34698,-0.041617,0.408858,0.303365,-0.047564,0.385939,0.506614,-0.025685,0.404215,0.455133,-0.037157,0.417617,0.423604,-0.041093,0.430127,0.392794,-0.043762
palm_open,0.328856,0.654077,0.0,0.293995,0.607296,-0.022984,0.278019,0.531064,-0.032886,0.274567,0.461914,-0.040168,0.26115,0.408725,-0.047288,0.324543,0.453389,-0.020724,0.324334,0.365233,-0.034472,0.324962,0.310232,-0.045493,0.328021,0.261564,-0.053835,0.354232,0.455075,-0.020281,0.367155,0.362628,-0.030981,0.374895,0.304673,-0.041084,0.382387,0.255478,-0.049082,0.377285,0.475889,-0.022546,0.397426,0.398332,-0.034774,0.409134,0.35088,-0.04246,0.419084,0.30767,-0.048229,0.395505,0.510216,-0.026946,0.415365,0.459322,-0.038235,0.428506,0.427474,-0.04193,0.440611,0.396336,-0.044478
palm_open,0.338161,0.663697,0.0,0.301117,0.615122,-0.023197,0.284496,0.536733,-0.033518,0.281173,0.464792,-0.041179,0.265856,0.411739,-0.048681,0.33291,0.45926,-0.02166,0.332945,0.370073,-0.035661,0.334122,0.315094,-0.046749,0.337966,0.266561,-0.055157,0.364065,0.461305,-0.021476,0.378405,0.367341,-0.032265,0.387342,0.308624,-0.042188,0.395961,0.259107,-0.050035,0.388167,0.482951,-0.024027,0.409467,0.40491,-0.036595,0.422594,0.357205,-0.044597,0.433806,0.314129,-0.050573,0.406979,0.518712,-0.028717,0.429323,0.469787,-0.040433,0.4444,0.438807,-0.044563,0.458057,0.408952,-0.047398
palm_open,0.348258,0.672739,0.0,0.310535,0.621274,-0.022896,0.291479,0.53975,-0.033538,0.28585,0.466406,-0.041723,0.271412,0.411476,-0.049841,0.33765,0.463206,-0.022748,0.335615,0.372129,-0.038092,0.336544,0.315127,-0.049692,0.341317,0.265428,-0.058376,0.370589,0.467077,-0.023353,0.385093,0.372425,-0.03557,0.395605,0.311316,-0.046285,0.405902,0.260371,-0.054646,0.396573,0.491847,-0.026726,0.419268,0.412402,-0.041036,0.434198,0.363602,-0.049914,0.44714,0.320088,-0.056216,0.41702,0.530807,-0.032062,0.441414,0.479457,-0.045268,0.458698,0.447069,-0.05005,0.474105,0.41603,-0.053176
palm_open,0.362489,0.681255,0.0,0.322692,0.62615,-0.01967,0.304738,0.539086,-0.028566,0.300258,0.463624,-0.035517,0.28265,0.413035,-0.042713,0.348592,0.468382,-0.021363,0.345325,0.37589,-0.035874,0.345803,0.319739,-0.046416,0.349774,0.270541,-0.054373,0.381691,0.473939,-0.023816,0.396363,0.376489,-0.036149,0.40757,0.313757,-0.046971,0.418393,0.260758,-0.055234,0.407729,0.500152,-0.028617,0.430178,0.419099,-0.043724,0.445745,0.368365,-0.053669,0.459025,0.32303,-0.060496,0.428293,0.540328,-0.034905,0.453163,0.48767,-0.04921,0.470962,0.454088,-0.054651,0.486421,0.421733,-0.058111
palm_open,0.37617,0.686017,0.0,0.33666,0.630521,-0.018896,0.318375,0.543042,-0.027414,0.314104,0.468037,-0.034129,0.297831,0.416545,-0.041154,0.359274,0.470528,-0.021522,0.355447,0.376992,-0.0362,0.355771,0.320985,-0.046547,0.359757,0.271771,-0.054315,0.392268,0.476763,-0.024542,0.405829,0.378338,-0.037263,0.416519,0.314816,-0.048474,0.426647,0.261011,-0.057057,0.418446,0.503749,-0.029858,0.441152,0.423019,-0.045728,0.456502,0.370312,-0.056776,0.469223,0.322724,-0.064347,0.439104,0.544235,-0.036474,0.464706,0.49237,-0.051865,0.482563,0.457248,-0.05844,0.497723,0.42303,-0.062686
palm_open,0.390759,0.690927,0.0,0.350824,0.636805,-0.019116,0.332412,0.550508,-0.028371,0.328266,0.476077,-0.035763,0.312857,0.423184,-0.043609,0.371264,0.476109,-0.024871,0.367408,0.381538,-0.040789,0.367608,0.325178,-0.051539,0.37105,0.275335,-0.059524,0.403987,0.482455,-0.028364,0.416931,0.381577,-0.042505,0.427209,0.317067,-0.05427,0.436808,0.262338,-0.063227,0.429986,0.509892,-0.034003,0.453084,0.426701,-0.051318,0.468337,0.372075,-0.063387,0.480806,0.323237,-0.071666,0.450019,0.551091,-0.040803,0.47594,0.497861,-0.057905,0.494427,0.462049,-0.065612,0.509959,0.427481,-0.07061
palm_open,0.403928,0.703113,0.0,0.364147,0.646594,-0.01699,0.346306,0.557503,-0.024758,0.341993,0.482837,-0.031078,0.327805,0.430036,-0.037872,0.384198,0.483046,-0.022224,0.380372,0.388336,-0.037549,0.380639,0.331638,-0.048004,0.384119,0.281963,-0.055828,0.416293,0.490041,-0.026601,0.428957,0.389438,-0.04036,0.439151,0.32358,-0.052041,0.448554,0.268366,-0.06084,0.441787,0.518436,-0.033022,0.465122,0.434749,-0.050057,0.479876,0.379362,-0.062133,0.491766,0.329921,-0.070366,0.461283,0.561366,-0.040434,0.488051,0.509379,-0.057743,0.506447,0.471976,-0.065714,0.521798,0.435294,-0.070772
palm_open,0.417082,0.714333,0.0,0.377039,0.657863,-0.016735,0.358556,0.568283,-0.024324,0.35439,0.492351,-0.030528,0.341014,0.437867,-0.037158,0.396127,0.491578,-0.021788,0.393147,0.396217,-0.03699,0.392966,0.339385,-0.047421,0.395685,0.289518,-0.055242,0.427874,0.498603,-0.02627,0.440434,0.396856,-0.039766,0.450321,0.330946,-0.051163,0.459295,0.276079,-0.059788,0.452984,0.526885,-0.032849,0.475804,0.442263,-0.049641,0.490095,0.386386,-0.061739,0.501523,0.336637,-0.07007,0.472428,0.569993,-0.040416,0.499433,0.517542,-0.057697,0.5178,0.479774,-0.065912,0.533057,0.443009,-0.071166
palm_open,0.428894,0.721831,0.0,0.388497,0.66395,-0.017356,0.370799,0.574048,-0.025113,0.367134,0.497729,-0.031534,0.355047,0.440568,-0.038346,0.407867,0.497929,-0.021471,0.406512,0.404228,-0.03721,0.406302,0.347186,-0.048294,0.408828,0.296098,-0.056737,0.439324,0.504599,-0.025904,0.452703,0.40436,-0.039969,0.46276,0.338271,-0.052138,0.47201,0.282332,-0.061448,0.463954,0.53289,-0.032568,0.487231,0.449931,-0.050155,0.50116,0.393727,-0.062982,0.512475,0.343155,-0.071878,0.482885,0.576823,-0.0403,0.510565,0.527162,-0.058611,0.529392,0.490645,-0.067618,0.545149,0.454882,-0.073439
palm_open,0.439619,0.725432,0.0,0.399912,0.668609,-0.017945,0.382457,0.579617,-0.026563,0.37806,0.50452,-0.03364,0.366289,0.445295,-0.041038,0.418064,0.503047,-0.023295,0.41762,0.409208,-0.039572,0.417843,0.352771,-0.050769,0.420563,0.302061,-0.059239,0.448598,0.51015,-0.027608,0.462541,0.409717,-0.042311,0.472978,0.343532,-0.054604,0.482801,0.287535,-0.063931,0.472283,0.539117,-0.034114,0.495636,0.457969,-0.052237,0.510397,0.401335,-0.065294,0.522768,0.350202,-0.074354,0.490263,0.583796,-0.041651,0.517832,0.536464,-0.060632,0.536949,0.500268,-0.069996,0.553259,0.464585,-0.07606
palm_open,0.446927,0.734145,0.0,0.406809,0.677727,-0.018056,0.3898,0.586907,-0.026356,0.38596,0.510966,-0.033075,0.37479,0.452107,-0.040116,0.425305,0.511345,-0.023529,0.425244,0.416657,-0.039807,0.425871,0.359631,-0.05101,0.428944,0.308565,-0.059569,0.45538,0.519058,-0.027829,0.468712,0.419627,-0.042783,0.479428,0.352692,-0.055245,0.489703,0.296608,-0.064728,0.478699,0.548833,-0.03435,0.502295,0.468971,-0.052658,0.516618,0.411969,-0.065887,0.528432,0.360588,-0.075153,0.496457,0.594789,-0.041915,0.524414,0.548894,-0.061161,0.543066,0.511383,-0.070919,0.558922,0.473697,-0.077352
palm_open,0.452764,0.748147,0.0,0.412776,0.690999,-0.01754,0.396082,0.600425,-0.025946,0.39206,0.524405,-0.032917,0.380323,0.466098,-0.040267,0.432062,0.525113,-0.023796,0.431526,0.42861,-0.040494,0.431849,0.369949,-0.051846,0.43469,0.317987,-0.060423,0.462373,0.533541,-0.02856,0.474833,0.433126,-0.043963,0.484985,0.365785,-0.056301,0.494516,0.310191,-0.065516,0.486458,0.563919,-0.035486,0.509097,0.482526,-0.054121,0.523048,0.425343,-0.06672,0.534326,0.37357,-0.075389,0.505374,0.610165,-0.043423,0.532912,0.562463,-0.062711,0.551232,0.524228,-0.071889,0.566709,0.485903,-0.077767
palm_open,0.46033,0.762341,0.0,0.418694,0.710462,-0.020164,0.399263,0.622962,-0.030189,0.392954,0.547757,-0.038328,0.377938,0.490107,-0.046997,0.435206,0.543741,-0.026277,0.432628,0.445541,-0.04342,0.433038,0.384821,-0.05503,0.436536,0.332085,-0.063668,0.469324,0.54909,-0.029928,0.479405,0.445015,-0.045319,0.489358,0.378022,-0.058034,0.49887,0.321128,-0.067804,0.497116,0.576035,-0.035886,0.516415,0.488455,-0.054685,0.531064,0.431361,-0.067463,0.542953,0.38023,-0.076239,0.520087,0.617068,-0.042987,0.5445,0.556665,-0.061649,0.563497,0.518598,-0.070027,0.579507,0.48239,-0.075475
palm_open,0.46441,0.772954,0.0,0.422054,0.723109,-0.019992,0.400885,0.639677,-0.029976,0.393218,0.565609,-0.037961,0.376078,0.510908,-0.046603,0.440064,0.559567,-0.026043,0.434204,0.463368,-0.042577,0.432392,0.402731,-0.054108,0.433652,0.349084,-0.062764,0.475701,0.560832,-0.029517,0.483171,0.453439,-0.043744,0.490341,0.385969,-0.055772,0.497054,0.328912,-0.06509,0.505156,0.58534,-0.035115,0.524176,0.493973,-0.052425,0.5385,0.43654,-0.063566,0.549842,0.384781,-0.071284,0.528931,0.624667,-0.041924,0.552238,0.560701,-0.058369,0.570488,0.522657,-0.064496,0.585712,0.486634,-0.068463
palm_open,0.468102,0.776506,0.0,0.42562,0.728143,-0.023317,0.404786,0.646369,-0.034668,0.398295,0.570659,-0.043413,0.38065,0.514827,-0.05258,0.44827,0.565127,-0.027627,0.443855,0.467791,-0.044078,0.442269,0.407769,-0.055786,0.444423,0.353588,-0.064798,0.483516,0.565227,-0.029298,0.493243,0.458996,-0.043378,0.501403,0.392731,-0.0555,0.509776,0.335786,-0.06519,0.511974,0.5878,-0.033386,0.533838,0.498609,-0.050153,0.548506,0.443624,-0.060717,0.560274,0.392622,-0.068379,0.535025,0.62482,-0.039117,0.559036,0.563604,-0.054922,0.576654,0.525826,-0.060862,0.591495,0.488912,-0.065026
palm_open,0.471937,0.778238,0.0,0.430195,0.729093,-0.025356,0.410376,0.647079,-0.037414,0.404727,0.571385,-0.046505,0.387348,0.514846,-0.05598,0.456974,0.56687,-0.028587,0.45251,0.469457,-0.045071,0.451663,0.409422,-0.05694,0.454713,0.35469,-0.066148,0.492349,0.567226,-0.029421,0.504536,0.462512,-0.043429,0.513226,0.396865,-0.055573,0.521489,0.339851,-0.065434,0.519976,0.58984,-0.032926,0.543196,0.502105,-0.049748,0.557238,0.447004,-0.060512,0.568406,0.395599,-0.068429,0.541603,0.627106,-0.038311,0.565171,0.567004,-0.054272,0.582005,0.529791,-0.060455,0.596222,0.493023,-0.064901
palm_open,0.475152,0.781078,0.0,0.435507,0.73491,-0.026844,0.417047,0.652875,-0.039354,0.412386,0.576508,-0.048526,0.39442,0.519257,-0.058195,0.464659,0.572442,-0.030196,0.462454,0.477002,-0.046684,0.462999,0.418573,-0.058771,0.467371,0.364789,-0.06825,0.499497,0.572272,-0.030204,0.514011,0.469482,-0.044149,0.523656,0.404718,-0.05643,0.533,0.347267,-0.066531,0.526342,0.594516,-0.032894,0.550358,0.507396,-0.049452,0.565406,0.45328,-0.060225,0.577797,0.401781,-0.068302,0.547021,0.631577,-0.037632,0.569568,0.571275,-0.053492,0.586154,0.535593,-0.059739,0.600617,0.499801,-0.064329
palm_open,0.475821,0.777127,0.0,0.437224,0.733085,-0.02874,0.418882,0.65288,-0.042164,0.416447,0.577407,-0.051925,0.40076,0.518562,-0.061887,0.46951,0.572513,-0.031599,0.468776,0.478779,-0.048633,0.469843,0.420862,-0.061294,0.474676,0.366627,-0.071289,0.502574,0.57217,-0.030423,0.51891,0.472101,-0.044889,0.529633,0.40966,-0.057373,0.540681,0.352173,-0.067578,0.527871,0.593404,-0.03205,0.550202,0.505992,-0.048457,0.565667,0.453661,-0.058518,0.579593,0.402876,-0.066074,0.547835,0.628877,-0.03604,0.568161,0.569051,-0.051251,0.584217,0.533862,-0.057133,0.599393,0.498304,-0.061475
palm_open,0.47266,0.767802,0.0,0.437023,0.723089,-0.025867,0.420698,0.644012,-0.037689,0.418632,0.572397,-0.046454,0.405701,0.51642,-0.055505,0.471426,0.564075,-0.026712,0.471726,0.474215,-0.042629,0.473486,0.417689,-0.05509,0.478209,0.36522,-0.064841,0.502946,0.564047,-0.026318,0.52068,0.467235,-0.039389,0.53178,0.406309,-0.051411,0.542253,0.351438,-0.061128,0.526558,0.584923,-0.028672,0.549245,0.502214,-0.043043,0.564865,0.450713,-0.05279,0.578755,0.401374,-0.060204,0.544633,0.620493,-0.0333,0.564531,0.563235,-0.046401,0.579853,0.527933,-0.051747,0.594161,0.493095,-0.055791
palm_open,0.467821,0.760397,0.0,0.43668,0.717559,-0.028003,0.424014,0.641605,-0.041062,0.423114,0.571438,-0.05069,0.410047,0.513874,-0.060293,0.473471,0.559682,-0.028095,0.475385,0.471365,-0.044342,0.47796,0.415391,-0.057071,0.48354,0.363763,-0.066903,0.502653,0.55849,-0.026367,0.520326,0.463589,-0.039902,0.531463,0.403181,-0.051931,0.542349,0.348952,-0.061539,0.524163,0.578337,-0.027563,0.546602,0.497944,-0.041695,0.562279,0.447601,-0.051186,0.576621,0.399536,-0.058451,0.540143,0.612642,-0.031312,0.559535,0.556744,-0.043799,0.574535,0.522083,-0.049155,0.58899,0.487762,-0.053303
palm_open,0.461306,0.747527,0.0,0.431992,0.706585,-0.030293,0.421393,0.63176,-0.043756,0.423586,0.56187,-0.053383,0.411366,0.50501,-0.062617,0.471221,0.548909,-0.0283,0.473885,0.461554,-0.045493,0.477845,0.406075,-0.059048,0.484317,0.355481,-0.069108,0.498578,0.548594,-0.024815,0.515602,0.456211,-0.038555,0.526783,0.39841,-0.049883,0.538591,0.346866,-0.058652,0.518528,0.568247,-0.024685,0.537589,0.489685,-0.037831,0.551722,0.44203,-0.045392,0.566052,0.397014,-0.051199,0.53334,0.602257,-0.027618,0.548946,0.546294,-0.038599,0.560919,0.51274,-0.042676,0.573472,0.480108,-0.0458
palm_open,0.451048,0.736266,0.0,0.426496,0.697212,-0.031858,0.419647,0.62486,-0.045216,0.421585,0.555774,-0.054308,0.412863,0.498672,-0.062375,0.468868,0.546696,-0.027818,0.471751,0.45861,-0.044815,0.475332,0.401605,-0.058333,0.481221,0.350644,-0.067914,0.49095,0.542817,-0.021632,0.505607,0.451689,-0.0348,0.515968,0.394326,-0.044701,0.52693,0.344566,-0.051975,0.507114,0.557747,-0.018923,0.523352,0.479836,-0.02994,0.536056,0.433376,-0.03531,0.549011,0.391732,-0.039362,0.518798,0.587529,-0.019698,0.534319,0.532773,-0.027483,0.546025,0.502458,-0.029685,0.557796,0.475385,-0.031384
palm_open,0.443198,0.722971,0.0,0.421242,0.684921,-0.03278,0.41643,0.613802,-0.04584,0.419149,0.548517,-0.054193,0.41264,0.493528,-0.061362,0.464386,0.537581,-0.027998,0.469821,0.451959,-0.044038,0.474591,0.396948,-0.057153,0.481514,0.348985,-0.066347,0.483853,0.534625,-0.020392,0.498903,0.446433,-0.032771,0.509694,0.390576,-0.04264,0.52093,0.343053,-0.049918,0.497968,0.548282,-0.016301,0.515897,0.473424,-0.026601,0.528757,0.428558,-0.032822,0.541866,0.388644,-0.037545,0.507693,0.57553,-0.015734,0.523583,0.524401,-0.023304,0.535393,0.496185,-0.026487,0.54743,0.471381,-0.028944
palm_open,0.434253,0.709288,0.0,0.413854,0.674347,-0.034224,0.410629,0.607139,-0.047682,0.414061,0.544121,-0.055978,0.40883,0.48922,-0.062925,0.457718,0.53049,-0.029774,0.464502,0.446447,-0.045732,0.469888,0.392599,-0.058323,0.476612,0.346386,-0.067004,0.475771,0.526992,-0.021252,0.491337,0.441053,-0.033442,0.501507,0.385816,-0.042851,0.511388,0.33986,-0.049798,0.488461,0.538775,-0.016325,0.506999,0.466332,-0.026408,0.519107,0.421121,-0.032662,0.531525,0.380968,-0.037596,0.496323,0.563781,-0.015061,0.511262,0.516148,-0.022776,0.52209,0.488337,-0.026503,0.533317,0.463518,-0.029449
palm_open,0.426959,0.696691,0.0,0.406687,0.661699,-0.033905,0.404132,0.596927,-0.047351,0.407341,0.536329,-0.055621,0.40293,0.481762,-0.062485,0.449041,0.520921,-0.030167,0.456457,0.437563,-0.045806,0.462033,0.384461,-0.057966,0.468379,0.338814,-0.066158,0.466817,0.518458,-0.021226,0.481701,0.43284,-0.03305,0.491904,0.378259,-0.041788,0.501483,0.33267,-0.048012,0.479259,0.530955,-0.015716,0.495797,0.458494,-0.024868,0.507093,0.413659,-0.030043,0.518423,0.373889,-0.034138,0.486471,0.555889,-0.013863,0.499183,0.508423,-0.02017,0.508646,0.480381,-0.022746,0.51878,0.456236,-0.024834
palm_open,0.42139,0.685212,0.0,0.40336,0.65418,-0.04038,0.401317,0.592096,-0.056436,0.406381,0.531553,-0.065906,0.403361,0.473899,-0.074036,0.443521,0.513074,-0.036693,0.451973,0.430695,-0.052109,0.45673,0.378606,-0.064662,0.461705,0.332231,-0.073427,0.460805,0.511079,-0.023663,0.475093,0.427432,-0.035695,0.484783,0.373417,-0.046145,0.493407,0.327213,-0.054115,0.47301,0.523652,-0.01414,0.488718,0.455498,-0.023038,0.49985,0.410968,-0.030332,0.51074,0.370915,-0.036483,0.48125,0.547504,-0.008629,0.494124,0.503509,-0.014819,0.503259,0.475338,-0.019081,0.5131,0.450811,-0.022962
palm_open,0.420814,0.676855,0.0,0.40282,0.647022,-0.038681,0.401241,0.583532,-0.052924,0.406298,0.522763,-0.060816,0.40401,0.467572,-0.067193,0.442512,0.506623,-0.033563,0.450508,0.425192,-0.048034,0.455239,0.373713,-0.059798,0.460105,0.328945,-0.067931,0.458891,0.504052,-0.02092,0.472695,0.422103,-0.032009,0.482078,0.369335,-0.041512,0.490633,0.324966,-0.048568,0.470427,0.515865,-0.011818,0.485831,0.448472,-0.020026,0.496553,0.405784,-0.026643,0.507242,0.367611,-0.032102,0.478295,0.539714,-0.006657,0.491182,0.496936,-0.012356,0.500049,0.469456,-0.016321,0.509533,0.4455,-0.019779
palm_open,0.420182,0.674306,0.0,0.400172,0.639788,-0.03186,0.397976,0.573855,-0.043297,0.403314,0.514318,-0.049691,0.399364,0.462468,-0.054541,0.43859,0.500378,-0.026542,0.446715,0.41892,-0.039848,0.451812,0.368009,-0.050427,0.457072,0.324423,-0.057521,0.45634,0.499428,-0.017593,0.470931,0.416825,-0.026995,0.480158,0.364749,-0.034431,0.488707,0.321692,-0.039715,0.469105,0.512978,-0.011906,0.485572,0.444268,-0.018645,0.49652,0.402932,-0.022774,0.507403,0.366124,-0.026213,0.477509,0.538908,-0.009745,0.490643,0.494815,-0.014027,0.499751,0.467544,-0.015669,0.509304,0.443662,-0.017072
palm_open,0.411965,0.671643,0.0,0.389936,0.629514,-0.025257,0.385286,0.555984,-0.033229,0.388125,0.495168,-0.037673,0.381434,0.446721,-0.040868,0.42995,0.492209,-0.017432,0.436237,0.410417,-0.029052,0.441629,0.359863,-0.038643,0.447552,0.316997,-0.045288,0.448814,0.493749,-0.012314,0.464804,0.411845,-0.020535,0.474992,0.360335,-0.027968,0.484931,0.318247,-0.033351,0.46269,0.510311,-0.010308,0.480566,0.442207,-0.01725,0.492976,0.401901,-0.021781,0.505353,0.366754,-0.025367,0.472604,0.539934,-0.011225,0.487986,0.496358,-0.016066,0.49843,0.469541,-0.017639,0.509345,0.445247,-0.018975
palm_open,0.399865,0.666647,0.0,0.37545,0.619836,-0.02278,0.368503,0.542023,-0.029856,0.370618,0.479983,-0.033938,0.363497,0.432474,-0.03726,0.416344,0.481224,-0.015806,0.422704,0.399089,-0.02686,0.427973,0.349063,-0.035987,0.434251,0.306454,-0.042706,0.438018,0.485587,-0.012633,0.45633,0.403534,-0.020825,0.467615,0.354025,-0.028608,0.478739,0.313292,-0.034494,0.453299,0.50551,-0.012395,0.473648,0.435838,-0.020925,0.486838,0.396807,-0.026818,0.499758,0.363244,-0.031378,0.464345,0.537708,-0.014616,0.481848,0.495249,-0.022287,0.494519,0.46982,-0.025513,0.507872,0.446029,-0.027932
palm_open,0.387589,0.666608,0.0,0.360218,0.616181,-0.021479,0.351428,0.537593,-0.029303,0.352014,0.470915,-0.034591,0.342389,0.420536,-0.039678,0.400406,0.475177,-0.016337,0.407202,0.392723,-0.028498,0.413282,0.342052,-0.038611,0.421001,0.297847,-0.046251,0.426418,0.481676,-0.014854,0.445517,0.398955,-0.024011,0.458401,0.349343,-0.032832,0.470613,0.307149,-0.039717,0.444968,0.504786,-0.016143,0.467684,0.436598,-0.026253,0.483433,0.396639,-0.033124,0.497361,0.360627,-0.038342,0.457998,0.539226,-0.019589,0.478251,0.496747,-0.028718,0.492797,0.471309,-0.032189,0.506882,0.446371,-0.034741
palm_open,0.378355,0.672359,0.0,0.347715,0.618995,-0.022383,0.337583,0.537131,-0.031266,0.33749,0.467027,-0.037618,0.326679,0.414073,-0.043757,0.387464,0.47524,-0.018319,0.39315,0.389122,-0.031397,0.3992,0.336417,-0.04176,0.407484,0.291367,-0.049613,0.416032,0.48276,-0.017434,0.436373,0.396573,-0.027725,0.450735,0.344387,-0.037411,0.464569,0.300714,-0.044831,0.43643,0.50814,-0.019343,0.461808,0.436494,-0.031449,0.478932,0.395411,-0.039586,0.494145,0.358162,-0.045449,0.450858,0.546041,-0.023299,0.474733,0.504802,-0.034682,0.491729,0.4785,-0.039382,0.50801,0.451794,-0.042547
palm_open,0.369795,0.676398,0.0,0.337809,0.621969,-0.022333,0.328166,0.537792,-0.030807,0.32978,0.465968,-0.036853,0.319232,0.412991,-0.042908,0.380357,0.476846,-0.018677,0.385976,0.390917,-0.031852,0.391316,0.338242,-0.042276,0.39935,0.292777,-0.050374,0.41008,0.485942,-0.018303,0.431472,0.398776,-0.028995,0.44615,0.344902,-0.039109,0.460146,0.299653,-0.047013,0.431142,0.513131,-0.020773,0.457677,0.440936,-0.034043,0.475387,0.398455,-0.043048,0.491019,0.359408,-0.0495,0.446028,0.552292,-0.025204,0.471374,0.509289,-0.037869,0.489402,0.483908,-0.043164,0.506345,0.457849,-0.04677
palm_open,0.36829,0.682066,0.0,0.336995,0.625527,-0.018745,0.325253,0.540162,-0.026456,0.324302,0.469857,-0.03248,0.31333,0.41801,-0.038856,0.375324,0.478143,-0.016989,0.379997,0.391722,-0.029861,0.385448,0.338648,-0.040131,0.39363,0.29296,-0.048219,0.405949,0.488497,-0.018894,0.427191,0.400643,-0.029632,0.442539,0.346474,-0.039981,0.456933,0.300708,-0.048088,0.427777,0.517308,-0.023279,0.454887,0.444755,-0.037095,0.473586,0.40066,-0.04684,0.489919,0.359799,-0.053768,0.442983,0.557927,-0.029152,0.469263,0.513404,-0.042572,0.488315,0.487007,-0.048069,0.505874,0.460276,-0.051784
palm_open,0.368722,0.686093,0.0,0.336147,0.631029,-0.018506,0.322872,0.54615,-0.02635,0.321477,0.476783,-0.032518,0.310373,0.424615,-0.039081,0.37165,0.481021,-0.018199,0.375072,0.393818,-0.031425,0.379837,0.340314,-0.041738,0.38727,0.294464,-0.04974,0.402607,0.491026,-0.020426,0.4233,0.401501,-0.031462,0.438194,0.345603,-0.041934,0.451773,0.298242,-0.050114,0.42522,0.51992,-0.025044,0.452538,0.44681,-0.039026,0.471182,0.400441,-0.049021,0.487042,0.357229,-0.056186,0.441479,0.561249,-0.031076,0.468863,0.516365,-0.044462,0.488039,0.488756,-0.04992,0.505051,0.460103,-0.053698
palm_open,0.372462,0.690333,0.0,0.337059,0.636237,-0.018394,0.322507,0.54951,-0.025922,0.320802,0.478675,-0.03177,0.308805,0.425839,-0.038143,0.370337,0.483936,-0.018773,0.372216,0.396078,-0.031919,0.376102,0.34133,-0.042004,0.382634,0.294303,-0.049923,0.40179,0.493175,-0.021139,0.421399,0.40209,-0.032432,0.435793,0.344278,-0.043135,0.448974,0.295043,-0.051495,0.425078,0.521881,-0.02582,0.451406,0.447254,-0.040403,0.469502,0.399092,-0.051022,0.484888,0.353799,-0.058552,0.442428,0.563552,-0.031799,0.47019,0.516847,-0.045801,0.489408,0.487895,-0.051776,0.506234,0.457528,-0.055923
palm_open,0.379499,0.693547,0.0,0.342529,0.63765,-0.018134,0.328038,0.551135,-0.025774,0.326314,0.480759,-0.031786,0.314529,0.42774,-0.03829,0.373135,0.483195,-0.018882,0.375319,0.395079,-0.032277,0.378641,0.340307,-0.042358,0.384397,0.292854,-0.050259,0.404729,0.493911,-0.021775,0.422869,0.403055,-0.033678,0.435885,0.343385,-0.045008,0.447511,0.291383,-0.053897,0.428219,0.523304,-0.02696,0.454093,0.449408,-0.042199,0.470612,0.398857,-0.053538,0.484211,0.351449,-0.061589,0.445798,0.565075,-0.033372,0.473357,0.517769,-0.048159,0.492153,0.486683,-0.054722,0.508168,0.455044,-0.059301
palm_open,0.385333,0.691965,0.0,0.34887,0.63532,-0.016985,0.335638,0.547337,-0.023699,0.334768,0.476539,-0.028903,0.32255,0.425898,-0.03461,0.379225,0.476896,-0.017325,0.380943,0.389186,-0.0299,0.384384,0.336079,-0.039303,0.390603,0.290537,-0.046635,0.410636,0.488885,-0.020531,0.428123,0.397918,-0.031703,0.440686,0.338476,-0.042562,0.451904,0.287686,-0.050987,0.434031,0.519816,-0.025997,0.459984,0.446664,-0.041228,0.476141,0.39544,-0.052969,0.489645,0.348128,-0.061142,0.450958,0.563396,-0.032528,0.479342,0.517965,-0.048134,0.498436,0.487514,-0.055331,0.514505,0.456632,-0.060057
palm_open,0.394877,0.693148,0.0,0.35795,0.635907,-0.016538,0.343969,0.546928,-0.023601,0.342824,0.475787,-0.029234,0.331168,0.422995,-0.035429,0.385847,0.477632,-0.019207,0.387209,0.387918,-0.032701,0.390659,0.333677,-0.042398,0.397118,0.287002,-0.049871,0.417011,0.489618,-0.022976,0.433854,0.396599,-0.034995,0.446281,0.336092,-0.046085,0.457458,0.284095,-0.054703,0.440481,0.520862,-0.028852,0.46589,0.444739,-0.044588,0.482211,0.392703,-0.056283,0.495703,0.344739,-0.064465,0.457625,0.564617,-0.035697,0.485851,0.516835,-0.051687,0.505314,0.484974,-0.058976,0.521695,0.453106,-0.0638
palm_open,0.406242,0.694757,0.0,0.368528,0.638063,-0.016809,0.353608,0.55039,-0.02445,0.352023,0.478842,-0.030669,0.340649,0.424774,-0.037415,0.393141,0.479594,-0.020543,0.394364,0.389332,-0.034656,0.397379,0.335123,-0.044703,0.403259,0.288003,-0.05239,0.423974,0.490662,-0.024515,0.439859,0.39596,-0.037027,0.45166,0.33422,-0.04852,0.462293,0.28137,-0.057431,0.447284,0.521329,-0.030531,0.47168,0.443759,-0.046438,0.48746,0.390699,-0.058541,0.500304,0.341806,-0.067105,0.464605,0.564974,-0.037525,0.492682,0.517352,-0.053884,0.511913,0.483895,-0.061684,0.528148,0.450563,-0.066887
palm_open,0.412462,0.697277,0.0,0.375021,0.641224,-0.015653,0.362139,0.553029,-0.022544,0.36178,0.481464,-0.028152,0.351341,0.42695,-0.034236,0.400447,0.480224,-0.01921,0.401451,0.390184,-0.033033,0.403922,0.336182,-0.042855,0.408962,0.289195,-0.050379,0.429818,0.491358,-0.023698,0.444424,0.396128,-0.036032,0.455514,0.333827,-0.047405,0.465742,0.281586,-0.056127,0.452058,0.522705,-0.030173,0.474414,0.444626,-0.046039,0.489417,0.390351,-0.058377,0.502084,0.341065,-0.067108,0.468506,0.568075,-0.037524,0.49556,0.520735,-0.054285,0.51439,0.486593,-0.062602,0.530425,0.452906,-0.068116
palm_open,0.419784,0.700424,0.0,0.382404,0.641629,-0.015643,0.370658,0.552995,-0.022793,0.37095,0.4816,-0.028785,0.363409,0.425371,-0.035262,0.406909,0.481973,-0.019921,0.409009,0.392191,-0.034814,0.410763,0.338287,-0.045458,0.414756,0.290249,-0.053616,0.433949,0.493692,-0.02468,0.448453,0.399157,-0.038559,0.459148,0.336416,-0.050677,0.469427,0.282851,-0.059829,0.454178,0.525559,-0.031462,0.476612,0.448211,-0.04833,0.490751,0.393835,-0.061045,0.50273,0.344719,-0.069991,0.469068,0.571623,-0.039182,0.496103,0.526553,-0.056834,0.51431,0.491834,-0.065934,0.529815,0.457796,-0.072004
palm_open,0.427938,0.698165,0.0,0.392401,0.635625,-0.014728,0.380789,0.5514,-0.02311,0.379279,0.484399,-0.030635,0.373434,0.427124,-0.038652,0.412214,0.48338,-0.022378,0.415261,0.392629,-0.039363,0.417419,0.337687,-0.051073,0.421239,0.288714,-0.059616,0.436655,0.495468,-0.028226,0.450993,0.400738,-0.04428,0.460707,0.337509,-0.056917,0.469787,0.284126,-0.066141,0.455106,0.527667,-0.03592,0.477137,0.450501,-0.054139,0.490229,0.395198,-0.066574,0.501021,0.345608,-0.0751,0.468178,0.574053,-0.044462,0.493579,0.527671,-0.062927,0.510247,0.492632,-0.071682,0.524181,0.458907,-0.077287
palm_open,0.436123,0.697884,0.0,0.400964,0.633087,-0.011016,0.390889,0.54726,-0.0179,0.391797,0.481607,-0.024408,0.389102,0.427074,-0.031383,0.418218,0.483514,-0.020003,0.423852,0.396262,-0.036595,0.427257,0.342267,-0.047878,0.431231,0.29503,-0.055961,0.439925,0.496732,-0.027018,0.454437,0.405306,-0.042548,0.46351,0.343158,-0.054412,0.471638,0.291013,-0.062982,0.456627,0.529075,-0.03544,0.47641,0.450767,-0.052433,0.486387,0.396473,-0.06351,0.493602,0.347799,-0.071215,0.468756,0.576531,-0.044454,0.491137,0.531819,-0.06137,0.504532,0.495244,-0.069062,0.515182,0.46059,-0.074055
palm_open,0.446729,0.69818,0.0,0.412334,0.637737,-0.011948,0.400876,0.556481,-0.02038,0.400724,0.492633,-0.028432,0.398001,0.43602,-0.037179,0.42505,0.491321,-0.02413,0.430211,0.403161,-0.042665,0.433481,0.349105,-0.055246,0.437119,0.301461,-0.064295,0.445153,0.504014,-0.031284,0.457412,0.412147,-0.048851,0.465261,0.349707,-0.062145,0.472534,0.295969,-0.071847,0.460827,0.535481,-0.039687,0.478059,0.455562,-0.058407,0.486196,0.40146,-0.070629,0.491782,0.351421,-0.079282,0.473057,0.581951,-0.048637,0.494417,0.538172,-0.067386,0.506344,0.501203,-0.076467,0.515617,0.46511,-0.082545
palm_open,0.456119,0.705565,0.0,0.420189,0.647144,-0.014282,0.408187,0.566283,-0.024895,0.408139,0.501475,-0.034949,0.406689,0.442733,-0.046214,0.433878,0.500197,-0.03059,0.438253,0.412431,-0.052401,0.441009,0.357607,-0.067507,0.444001,0.309051,-0.078423,0.453415,0.513798,-0.038144,0.465192,0.422516,-0.059731,0.471881,0.359024,-0.076169,0.477855,0.303332,-0.088253,0.468846,0.545575,-0.047038,0.486381,0.468464,-0.069755,0.492657,0.413663,-0.085429,0.496762,0.363287,-0.096356,0.481064,0.592317,-0.056494,0.501432,0.547073,-0.078757,0.512843,0.510592,-0.090702,0.521909,0.475498,-0.098946
palm_open,0.460547,0.715318,0.0,0.425982,0.655502,-0.013988,0.414291,0.573463,-0.023509,0.414163,0.507512,-0.032435,0.411404,0.449894,-0.042259,0.440643,0.509015,-0.02708,0.444827,0.422125,-0.047408,0.447727,0.367642,-0.061669,0.451171,0.31938,-0.07204,0.460957,0.521425,-0.034143,0.472743,0.432072,-0.054187,0.480007,0.369808,-0.069562,0.486831,0.316259,-0.08077,0.477069,0.5521,-0.042685,0.494778,0.476977,-0.064194,0.501964,0.423512,-0.078601,0.507291,0.374235,-0.088566,0.489702,0.598162,-0.0519,0.510817,0.555403,-0.073412,0.5231,0.519956,-0.084474,0.533416,0.485295,-0.091856
palm_open,0.464164,0.732742,0.0,0.429281,0.672856,-0.013039,0.416121,0.589748,-0.020148,0.414789,0.52276,-0.026584,0.409468,0.46896,-0.033321,0.445498,0.522468,-0.019859,0.448439,0.432919,-0.036136,0.451716,0.378205,-0.047337,0.456229,0.330734,-0.055503,0.471535,0.532174,-0.026101,0.482776,0.438534,-0.041413,0.491304,0.376669,-0.053293,0.498958,0.326109,-0.061698,0.492806,0.562249,-0.034041,0.512023,0.485415,-0.051576,0.52267,0.43304,-0.062235,0.530572,0.385611,-0.069324,0.509712,0.608436,-0.042747,0.533056,0.564893,-0.060397,0.54839,0.52997,-0.067634,0.561213,0.495019,-0.07191
palm_open,0.474284,0.754119,0.0,0.435875,0.703133,-0.015466,0.418454,0.618616,-0.02298,0.412261,0.548572,-0.029449,0.397791,0.497449,-0.036319,0.448881,0.544388,-0.019193,0.446188,0.452944,-0.034019,0.446333,0.396318,-0.04444,0.449207,0.348097,-0.052249,0.479237,0.548944,-0.023936,0.486711,0.451388,-0.037136,0.494021,0.388458,-0.048402,0.501074,0.337489,-0.056894,0.504613,0.573758,-0.030725,0.521697,0.490431,-0.046783,0.533818,0.435846,-0.058027,0.543506,0.388148,-0.065866,0.525567,0.613381,-0.038455,0.548318,0.5606,-0.054801,0.564866,0.523895,-0.062357,0.578796,0.489117,-0.067226
palm_open,0.478476,0.764782,0.0,0.439417,0.71715,-0.01819,0.419844,0.635378,-0.027344,0.412109,0.565681,-0.034869,0.395331,0.514929,-0.042915,0.454188,0.557306,-0.022972,0.449374,0.465962,-0.038511,0.448022,0.409501,-0.049288,0.449735,0.359923,-0.057349,0.486685,0.560299,-0.026698,0.494211,0.461271,-0.040438,0.50166,0.398258,-0.051812,0.508523,0.345355,-0.060605,0.51338,0.584692,-0.032611,0.53194,0.501305,-0.049598,0.545157,0.447666,-0.060677,0.555622,0.399515,-0.068256,0.535115,0.623038,-0.039606,0.557498,0.564355,-0.055951,0.574408,0.528023,-0.062579,0.58842,0.493783,-0.066892
palm_open,0.483407,0.770754,0.0,0.443483,0.722427,-0.018761,0.423749,0.64166,-0.028183,0.415745,0.570736,-0.035863,0.398201,0.519968,-0.044131,0.462063,0.562555,-0.023106,0.456844,0.471369,-0.038369,0.454374,0.415213,-0.049363,0.455324,0.365148,-0.05783,0.495206,0.565306,-0.026599,0.502389,0.465325,-0.039865,0.509449,0.402793,-0.051445,0.516361,0.350101,-0.060646,0.522571,0.589312,-0.032254,0.542021,0.504993,-0.0484,0.555349,0.451904,-0.059155,0.565705,0.404185,-0.066884,0.544581,0.627115,-0.039136,0.566919,0.567953,-0.054576,0.583526,0.531511,-0.060776,0.597112,0.497155,-0.0651
palm_open,0.490528,0.769415,0.0,0.451859,0.719609,-0.019445,0.43248,0.640971,-0.029975,0.425431,0.570449,-0.038658,0.40751,0.519151,-0.047903,0.473956,0.561496,-0.024242,0.468158,0.469457,-0.039876,0.465765,0.41444,-0.051153,0.467056,0.36416,-0.059746,0.507236,0.564761,-0.027554,0.517057,0.464297,-0.041407,0.524614,0.401534,-0.053524,0.531887,0.346721,-0.06303,0.534159,0.588942,-0.032983,0.554982,0.504874,-0.049612,0.568972,0.45199,-0.060745,0.580201,0.403304,-0.068611,0.555219,0.626715,-0.039657,0.579235,0.569598,-0.05539,0.59716,0.533681,-0.061711,0.612109,0.499189,-0.065991
palm_open,0.499517,0.763896,0.0,0.457933,0.715929,-0.021857,0.438923,0.633854,-0.032507,0.434001,0.559098,-0.04057,0.41686,0.506131,-0.049065,0.482835,0.55421,-0.025523,0.47883,0.460451,-0.040251,0.477929,0.40401,-0.050981,0.480416,0.353098,-0.059344,0.517413,0.55663,-0.02709,0.530554,0.456675,-0.039565,0.538937,0.39507,-0.050794,0.546285,0.340786,-0.059924,0.54461,0.580168,-0.030922,0.5668,0.495763,-0.046482,0.581493,0.442111,-0.057134,0.593837,0.391188,-0.065033,0.565983,0.618192,-0.036219,0.590766,0.560029,-0.051233,0.608218,0.524503,-0.05723,0.623183,0.488939,-0.061537
palm_open,0.507081,0.755925,0.0,0.466736,0.704558,-0.020657,0.449086,0.620354,-0.030562,0.444318,0.546899,-0.038176,0.426827,0.495374,-0.046305,0.494843,0.543652,-0.023769,0.493134,0.449898,-0.037997,0.492868,0.392881,-0.048514,0.495046,0.341552,-0.056673,0.528735,0.546362,-0.025651,0.545744,0.445256,-0.037833,0.555461,0.381857,-0.048879,0.563374,0.326687,-0.057657,0.555104,0.569734,-0.02967,0.579237,0.484268,-0.044676,0.595445,0.43076,-0.054787,0.608988,0.380489,-0.062113,0.57562,0.60741,-0.035112,0.600463,0.549486,-0.049377,0.618221,0.513845,-0.054633,0.633572,0.47879,-0.058272
palm_open,0.516928,0.743151,0.0,0.477011,0.691004,-0.021222,0.459842,0.604764,-0.030749,0.454799,0.530424,-0.037908,0.436733,0.478795,-0.045303,0.506326,0.525609,-0.021323,0.50663,0.433269,-0.035018,0.507601,0.376105,-0.045832,0.511067,0.324534,-0.054336,0.539228,0.528013,-0.022531,0.555561,0.429117,-0.033491,0.565502,0.366859,-0.043947,0.57422,0.313374,-0.052446,0.565027,0.551224,-0.026156,0.587875,0.466659,-0.039598,0.602666,0.414267,-0.048578,0.615165,0.365502,-0.055327,0.585666,0.588568,-0.031508,0.609207,0.530961,-0.044524,0.625784,0.495796,-0.049148,0.640442,0.461511,-0.052348
palm_open,0.528949,0.728652,0.0,0.490098,0.677114,-0.022866,0.473948,0.589562,-0.032573,0.471279,0.512308,-0.039556,0.455874,0.457297,-0.046273,0.522057,0.510639,-0.021939,0.523086,0.415103,-0.035896,0.524592,0.355873,-0.046637,0.527996,0.303679,-0.054815,0.554003,0.512394,-0.021992,0.570188,0.411961,-0.032853,0.580853,0.350743,-0.042718,0.590519,0.298642,-0.050546,0.578848,0.535002,-0.024659,0.601471,0.449948,-0.037859,0.616427,0.39891,-0.046075,0.629315,0.351392,-0.052202,0.598424,0.573046,-0.029321,0.622562,0.518274,-0.042229,0.639564,0.485662,-0.046552,0.654663,0.454293,-0.049324
palm_open,0.534095,0.711989,0.0,0.498416,0.658581,-0.021239,0.483365,0.566965,-0.029501,0.481256,0.490178,-0.035312,0.466829,0.436565,-0.041191,0.535756,0.491161,-0.020352,0.540242,0.397542,-0.033595,0.542804,0.338979,-0.044623,0.546555,0.28652,-0.053364,0.566706,0.496512,-0.02109,0.584967,0.398032,-0.03113,0.596755,0.337738,-0.041007,0.607133,0.286009,-0.049259,0.59057,0.521272,-0.024358,0.61446,0.436998,-0.036869,0.629968,0.385856,-0.045226,0.642965,0.338325,-0.051821,0.608959,0.56062,-0.029581,0.633655,0.505336,-0.042277,0.650944,0.473264,-0.04678,0.666326,0.442315,-0.049986
palm_open,0.534431,0.68978,0.0,0.501479,0.634728,-0.025401,0.489771,0.545556,-0.035536,0.492911,0.471763,-0.042301,0.487039,0.41181,-0.048914,0.546931,0.473652,-0.026671,0.555748,0.378429,-0.04176,0.560854,0.317452,-0.053616,0.566346,0.262469,-0.062754,0.577517,0.482427,-0.025603,0.601496,0.384585,-0.037218,0.616054,0.324646,-0.047817,0.628881,0.27172,-0.056536,0.59939,0.509626,-0.027217,0.62761,0.428477,-0.041117,0.645497,0.378409,-0.050184,0.66086,0.330956,-0.05718,0.614777,0.550959,-0.031072,0.641849,0.500136,-0.045492,0.660712,0.471227,-0.050963,0.677855,0.442192,-0.05465
palm_open,0.525962,0.67544,0.0,0.499323,0.611581,-0.025157,0.497031,0.519353,-0.034587,0.506288,0.442826,-0.040774,0.501664,0.381614,-0.046721,0.55581,0.460544,-0.023488,0.57271,0.367271,-0.038248,0.58393,0.309942,-0.0496,0.595236,0.259127,-0.058151,0.58533,0.475797,-0.022209,0.617086,0.385174,-0.033289,0.636806,0.329632,-0.04355,0.654302,0.281293,-0.051851,0.60446,0.507384,-0.02381,0.639346,0.434193,-0.036631,0.661506,0.391036,-0.04453,0.68044,0.351164,-0.050616,0.615898,0.551224,-0.027791,0.645482,0.5084,-0.040087,0.6656,0.483835,-0.044252,0.683612,0.45988,-0.047156
palm_open,0.518636,0.664569,0.0,0.49887,0.597351,-0.026513,0.501306,0.507697,-0.036721,0.51357,0.434839,-0.043474,0.514088,0.371053,-0.04929,0.563211,0.45459,-0.021883,0.585699,0.36532,-0.035815,0.599193,0.310018,-0.046681,0.612049,0.261791,-0.054748,0.589067,0.473546,-0.019665,0.625037,0.38972,-0.029566,0.647181,0.337645,-0.038687,0.665975,0.295228,-0.045874,0.604729,0.507229,-0.020693,0.640693,0.440499,-0.031603,0.663851,0.401525,-0.038272,0.683752,0.366893,-0.043596,0.612952,0.552187,-0.024462,0.641404,0.515383,-0.034835,0.66122,0.494529,-0.038142,0.679501,0.475476,-0.040394
palm_open,0.51099,0.648098,0.0,0.495752,0.577981,-0.025473,0.502855,0.487022,-0.034472,0.516828,0.413367,-0.040278,0.519573,0.349211,-0.044765,0.563821,0.441277,-0.016429,0.587917,0.356218,-0.028704,0.601961,0.304963,-0.038941,0.616423,0.260175,-0.046642,0.588298,0.464484,-0.013581,0.623391,0.386733,-0.021187,0.646059,0.339926,-0.028947,0.66673,0.301932,-0.035417,0.602012,0.501687,-0.014234,0.637193,0.440627,-0.022867,0.660322,0.406932,-0.028012,0.681164,0.375918,-0.032536,0.608015,0.548705,-0.017722,0.635347,0.516598,-0.025507,0.653322,0.498173,-0.027385,0.670574,0.48019,-0.02895
palm_open,0.501175,0.633679,0.0,0.487764,0.557301,-0.022767,0.498558,0.465307,-0.030085,0.51559,0.393538,-0.034662,0.521551,0.330899,-0.037985,0.558818,0.42776,-0.012071,0.585645,0.34767,-0.023237,0.601255,0.29859,-0.032881,0.61661,0.256911,-0.040129,0.582893,0.456517,-0.009816,0.619005,0.384885,-0.016025,0.64226,0.342287,-0.023153,0.663028,0.308697,-0.02923,0.595692,0.497611,-0.010999,0.630566,0.442512,-0.018373,0.653249,0.412749,-0.022796,0.673545,0.385663,-0.026903,0.600534,0.546702,-0.014814,0.627609,0.518457,-0.02167,0.645613,0.502467,-0.022958,0.663092,0.487125,-0.02407
palm_open,0.485802,0.623063,0.0,0.474178,0.540823,-0.021601,0.488334,0.448547,-0.028399,0.508541,0.378998,-0.032651,0.517439,0.316411,-0.035721,0.551275,0.421321,-0.010501,0.580663,0.345862,-0.020942,0.597539,0.299802,-0.030178,0.613597,0.26029,-0.037355,0.57441,0.455354,-0.009304,0.612552,0.389442,-0.015833,0.636336,0.349566,-0.023627,0.65673,0.316867,-0.030152,0.585261,0.499131,-0.011502,0.622739,0.451764,-0.020663,0.646674,0.426442,-0.026505,0.667277,0.401408,-0.031237,0.587659,0.549026,-0.015993,0.617384,0.527429,-0.02522,0.636784,0.51609,-0.027788,0.655164,0.502871,-0.029519
palm_open,0.469736,0.605318,0.0,0.462266,0.518646,-0.019773,0.482177,0.425146,-0.024263,0.505632,0.358798,-0.026427,0.515718,0.298209,-0.027451,0.545966,0.410779,-0.006428,0.578009,0.342042,-0.013797,0.596113,0.302125,-0.021087,0.612943,0.26776,-0.027194,0.566522,0.451483,-0.00532,0.607616,0.395847,-0.009122,0.632421,0.363363,-0.015699,0.653265,0.336301,-0.021554,0.57435,0.498777,-0.007572,0.614357,0.462115,-0.015364,0.638381,0.442652,-0.021307,0.659161,0.421007,-0.026214,0.574061,0.550127,-0.011891,0.605042,0.539563,-0.020447,0.624702,0.533657,-0.023255,0.643921,0.523612,-0.025289
palm_open,0.45761,0.583021,0.0,0.453278,0.495526,-0.018043,0.475852,0.405846,-0.021848,0.500116,0.342708,-0.023721,0.512818,0.284837,-0.024528,0.540685,0.400473,-0.003475,0.574213,0.338275,-0.010005,0.593574,0.302591,-0.017052,0.611789,0.273145,-0.022887,0.559674,0.443483,-0.00266,0.602543,0.395777,-0.005053,0.628299,0.369437,-0.010711,0.649837,0.348773,-0.015941,0.566162,0.491747,-0.005242,0.606931,0.461194,-0.011503,0.631416,0.446772,-0.016684,0.652856,0.431238,-0.021154,0.564751,0.542422,-0.009861,0.596133,0.534546,-0.017095,0.615728,0.532042,-0.019254,0.635329,0.526871,-0.020867
palm_open,0.452308,0.570787,0.0,0.446601,0.485247,-0.015437,0.465511,0.396574,-0.019195,0.486678,0.333105,-0.021693,0.498558,0.278235,-0.023338,0.529794,0.384256,-0.001455,0.561948,0.320339,-0.008324,0.580627,0.283483,-0.015862,0.597848,0.253809,-0.021852,0.549076,0.424003,-0.001681,0.590034,0.373278,-0.004208,0.614994,0.346439,-0.009645,0.636314,0.325929,-0.014612,0.556872,0.470465,-0.005106,0.595888,0.436489,-0.010496,0.619722,0.420874,-0.015073,0.640846,0.405156,-0.019158,0.556966,0.520826,-0.010475,0.587369,0.507356,-0.01666,0.606514,0.502387,-0.018255,0.625422,0.496498,-0.019457
palm_open,0.453836,0.567542,0.0,0.439213,0.487489,-0.016232,0.449454,0.393456,-0.021194,0.464846,0.324156,-0.024903,0.471405,0.266491,-0.027878,0.512114,0.362926,-0.00453,0.538799,0.291998,-0.012927,0.555073,0.251098,-0.021512,0.570142,0.217546,-0.028388,0.534705,0.396169,-0.004976,0.571445,0.336461,-0.009293,0.594581,0.304533,-0.015396,0.613802,0.27924,-0.020808,0.546538,0.440006,-0.008581,0.581993,0.397002,-0.014874,0.603591,0.375294,-0.019521,0.622398,0.353923,-0.023785,0.550742,0.489886,-0.014229,0.578929,0.468906,-0.020785,0.596541,0.459286,-0.022543,0.613371,0.449408,-0.02399
palm_open,0.456267,0.565195,0.0,0.432272,0.491218,-0.014353,0.431944,0.394749,-0.018222,0.439577,0.322182,-0.021283,0.439014,0.265132,-0.023725,0.4889,0.346045,-0.001645,0.505343,0.266795,-0.009102,0.516504,0.222154,-0.016883,0.527289,0.185069,-0.023243,0.515165,0.370719,-0.00291,0.544783,0.299133,-0.007072,0.563081,0.258509,-0.013358,0.57767,0.225235,-0.018916,0.53206,0.408796,-0.007268,0.562,0.356151,-0.013372,0.579643,0.324982,-0.018699,0.593606,0.295059,-0.023463,0.542374,0.454463,-0.013496,0.567659,0.424873,-0.01937,0.583109,0.408782,-0.021272,0.596792,0.392201,-0.023056
palm_open,0.457539,0.569525,0.0,0.42445,0.505791,-0.015315,0.41447,0.40946,-0.018199,0.415255,0.334684,-0.020104,0.408303,0.279223,-0.021429,0.466547,0.3419,0.000105,0.473611,0.258993,-0.005731,0.480004,0.211814,-0.012749,0.487078,0.172138,-0.018852,0.496123,0.359197,-0.000714,0.518002,0.279429,-0.003583,0.532544,0.233988,-0.009786,0.544122,0.197941,-0.015326,0.517339,0.392089,-0.00485,0.542257,0.33017,-0.010829,0.556906,0.293644,-0.016839,0.568103,0.260053,-0.021938,0.532628,0.434405,-0.010903,0.554016,0.395272,-0.017306,0.567527,0.373201,-0.019752,0.579282,0.351083,-0.021856
palm_open,0.465296,0.57705,0.0,0.428835,0.5254,-0.016631,0.408644,0.434926,-0.020013,0.401363,0.361325,-0.021881,0.388711,0.308113,-0.02274,0.451514,0.353493,-0.002471,0.449721,0.268153,-0.00933,0.450754,0.218456,-0.016338,0.453121,0.177356,-0.021766,0.481747,0.360426,-0.001886,0.495122,0.274992,-0.004218,0.505123,0.225141,-0.008496,0.512872,0.187163,-0.012096,0.506025,0.387006,-0.004725,0.521946,0.318361,-0.009671,0.532351,0.276329,-0.013802,0.540157,0.238893,-0.017201,0.526214,0.42642,-0.009659,0.543821,0.384257,-0.014879,0.554707,0.356857,-0.016228,0.564191,0.329481,-0.017155
palm_open,0.470852,0.593072,0.0,0.428477,0.549826,-0.015941,0.40097,0.463957,-0.01835,0.388313,0.394177,-0.019416,0.37276,0.344096,-0.019585,0.437895,0.372845,-0.000164,0.42944,0.288739,-0.006583,0.426108,0.238835,-0.013767,0.424612,0.197436,-0.019414,0.468845,0.370748,-0.00015,0.475114,0.281241,-0.002369,0.480588,0.227854,-0.007676,0.485042,0.186817,-0.012056,0.495625,0.389418,-0.003555,0.505047,0.31469,-0.008636,0.512438,0.270381,-0.013622,0.517832,0.231444,-0.017577,0.519397,0.421882,-0.008952,0.531318,0.370378,-0.014269,0.540066,0.340552,-0.015536,0.548145,0.312246,-0.016394
palm_open,0.473033,0.607106,0.0,0.428061,0.572487,-0.017032,0.395817,0.495847,-0.021015,0.38023,0.427995,-0.023683,0.359947,0.384213,-0.025724,0.427322,0.396589,-0.003382,0.411391,0.314576,-0.012384,0.40341,0.26398,-0.021219,0.398855,0.221168,-0.027978,0.458177,0.384907,-0.003886,0.456258,0.291324,-0.008928,0.457043,0.234275,-0.016098,0.458256,0.189443,-0.021712,0.485997,0.395673,-0.007747,0.490232,0.315857,-0.015027,0.493969,0.26757,-0.021066,0.49607,0.225858,-0.02569,0.512215,0.422724,-0.01362,0.521852,0.369278,-0.020143,0.528152,0.334046,-0.02213,0.533205,0.300637,-0.023595
palm_open,0.469176,0.624147,0.0,0.421595,0.594613,-0.0182,0.386826,0.525286,-0.024701,0.369371,0.459626,-0.029786,0.347134,0.415624,-0.034549,0.415762,0.418949,-0.008637,0.395696,0.338027,-0.020196,0.385333,0.287533,-0.030628,0.378781,0.243902,-0.038471,0.445968,0.403623,-0.009887,0.440662,0.307263,-0.018042,0.438844,0.247817,-0.027421,0.437922,0.19905,-0.034715,0.473513,0.410589,-0.014305,0.475137,0.327383,-0.024337,0.477439,0.27491,-0.032413,0.478138,0.229001,-0.038508,0.49996,0.433833,-0.020644,0.507927,0.375105,-0.029602,0.51403,0.336531,-0.033039,0.518714,0.300213,-0.035601
palm_open,0.458898,0.656912,0.0,0.410797,0.629044,-0.019655,0.375686,0.559913,-0.027292,0.356575,0.493948,-0.033176,0.333469,0.44941,-0.038823,0.403632,0.450884,-0.012898,0.383655,0.36513,-0.02594,0.372874,0.31117,-0.036873,0.36597,0.264662,-0.045024,0.43415,0.435391,-0.014212,0.427712,0.33512,-0.024508,0.425725,0.273751,-0.034645,0.424969,0.222516,-0.042267,0.461991,0.442481,-0.018592,0.463082,0.352352,-0.03136,0.465273,0.296707,-0.040164,0.465661,0.247474,-0.046342,0.489119,0.465995,-0.024802,0.496628,0.40004,-0.036311,0.502764,0.360379,-0.040282,0.507071,0.323131,-0.042875
palm_open,0.448325,0.700891,0.0,0.401827,0.673602,-0.024792,0.36692,0.604106,-0.034849,0.347768,0.535247,-0.042054,0.324574,0.48697,-0.048931,0.399952,0.495259,-0.019739,0.380525,0.404981,-0.034247,0.36903,0.34854,-0.046127,0.361042,0.29786,-0.055116,0.430669,0.477581,-0.01903,0.425339,0.372464,-0.030929,0.422905,0.307647,-0.042363,0.421304,0.251036,-0.05109,0.457577,0.483495,-0.021461,0.459263,0.389999,-0.035999,0.461824,0.331008,-0.045743,0.463025,0.277775,-0.052504,0.482853,0.506169,-0.02606,0.490853,0.440309,-0.039538,0.498109,0.399338,-0.044533,0.504307,0.360316,-0.047718
palm_open,0.434291,0.729137,0.0,0.393132,0.706411,-0.034446,0.364054,0.638631,-0.049564,0.348653,0.567776,-0.059889,0.324837,0.517864,-0.069764,0.402628,0.530148,-0.034125,0.390148,0.438181,-0.052646,0.38194,0.379229,-0.066558,0.377475,0.32501,-0.076946,0.431677,0.512026,-0.029608,0.433584,0.406676,-0.044869,0.436418,0.341962,-0.057146,0.439871,0.284748,-0.066727,0.455524,0.516069,-0.028741,0.463762,0.42481,-0.045891,0.471109,0.367476,-0.055935,0.47675,0.314236,-0.062909,0.476907,0.536976,-0.030938,0.48747,0.472874,-0.046199,0.496951,0.433428,-0.052398,0.504791,0.395659,-0.056684
palm_open,0.413805,0.729071,0.0,0.3778,0.715044,-0.039388,0.352011,0.654275,-0.057698,0.339098,0.588875,-0.070082,0.317338,0.544199,-0.082286,0.39847,0.543567,-0.044368,0.388017,0.456376,-0.065421,0.383695,0.398577,-0.08129,0.383385,0.345286,-0.092797,0.424067,0.523395,-0.036904,0.430141,0.421593,-0.053534,0.435442,0.357541,-0.065777,0.441961,0.29897,-0.075433,0.44425,0.523968,-0.032977,0.45256,0.433137,-0.048632,0.459861,0.376719,-0.057876,0.468147,0.324931,-0.064936,0.46121,0.541873,-0.032782,0.471683,0.479284,-0.045734,0.481956,0.440401,-0.051646,0.492254,0.404389,-0.056301
palm_open,0.399711,0.718783,0.0,0.364236,0.71706,-0.039236,0.336513,0.670519,-0.059976,0.320796,0.61717,-0.075345,0.2982,0.581111,-0.09061,0.376387,0.546533,-0.044876,0.365538,0.466925,-0.065657,0.361546,0.412471,-0.081439,0.360635,0.363407,-0.093094,0.403602,0.524978,-0.03837,0.408517,0.428319,-0.056031,0.412154,0.367791,-0.068767,0.417593,0.31154,-0.078487,0.424786,0.524904,-0.035323,0.42938,0.433949,-0.052256,0.43396,0.377741,-0.062678,0.440013,0.324671,-0.070063,0.442598,0.540437,-0.035787,0.449832,0.470035,-0.049711,0.458062,0.427705,-0.056276,0.466853,0.387015,-0.061103
palm_open,0.401547,0.677036,0.0,0.366688,0.696884,-0.041184,0.332184,0.674498,-0.06539,0.306699,0.636359,-0.083608,0.278451,0.608851,-0.101591,0.35597,0.543566,-0.054174,0.333574,0.477947,-0.078172,0.320239,0.429712,-0.09525,0.311433,0.386271,-0.107021,0.379558,0.51052,-0.046588,0.374194,0.417042,-0.065615,0.373568,0.36058,-0.076701,0.375083,0.31096,-0.084991,0.401339,0.499793,-0.042241,0.397266,0.409772,-0.058771,0.398457,0.356136,-0.067397,0.400767,0.307212,-0.073513,0.421817,0.506481,-0.041523,0.422687,0.433583,-0.054415,0.427576,0.391417,-0.059596,0.432941,0.352821,-0.063302
palm_open,0.398853,0.60388,0.0,0.364201,0.645093,-0.038209,0.325442,0.645605,-0.062725,0.294371,0.621544,-0.080999,0.261108,0.607919,-0.099868,0.334545,0.542183,-0.063724,0.303583,0.487873,-0.08832,0.283334,0.446117,-0.103646,0.2676,0.404968,-0.114548,0.355721,0.497159,-0.058044,0.334402,0.41257,-0.078841,0.325633,0.358981,-0.089576,0.32001,0.309157,-0.098357,0.378116,0.474114,-0.05428,0.362558,0.390509,-0.07407,0.36005,0.336207,-0.083234,0.35897,0.286012,-0.089952,0.401183,0.467191,-0.0531,0.392885,0.396663,-0.069462,0.394992,0.355249,-0.075581,0.397875,0.317552,-0.080205
palm_open,0.404157,0.531359,0.0,0.371368,0.564451,-0.024714,0.332056,0.571501,-0.041451,0.298502,0.562524,-0.054854,0.267264,0.561473,-0.068876,0.330825,0.482637,-0.043507,0.293901,0.440426,-0.062689,0.270109,0.408015,-0.074636,0.250429,0.374781,-0.083264,0.347635,0.435748,-0.042858,0.319199,0.367115,-0.059687,0.303315,0.318484,-0.069617,0.290974,0.272622,-0.077781,0.368277,0.407595,-0.043506,0.347499,0.334869,-0.06117,0.33851,0.281666,-0.070077,0.331032,0.232853,-0.076532,0.391317,0.394008,-0.045598,0.381099,0.33219,-0.061317,0.378752,0.289135,-0.066995,0.376554,0.248478,-0.071026
palm_open,0.413581,0.444695,0.0,0.379297,0.485921,-0.024646,0.337653,0.502447,-0.040458,0.301617,0.499648,-0.052992,0.270419,0.50172,-0.066057,0.329507,0.406,-0.041879,0.287466,0.375972,-0.061287,0.260879,0.35128,-0.07344,0.237935,0.325087,-0.082075,0.342688,0.355786,-0.041656,0.307651,0.295424,-0.059684,0.286823,0.252907,-0.070543,0.268664,0.213676,-0.078791,0.360871,0.324614,-0.042945,0.335932,0.258494,-0.062025,0.322878,0.209673,-0.071983,0.311057,0.16701,-0.078564,0.382857,0.307968,-0.045574,0.368621,0.248141,-0.062006,0.36396,0.205799,-0.06801,0.359339,0.167034,-0.071892
palm_open,0.406334,0.371029,0.0,0.380294,0.42177,-0.02801,0.343069,0.449549,-0.047802,0.30749,0.45598,-0.063491,0.273391,0.468589,-0.080363,0.32444,0.360832,-0.052954,0.278922,0.342234,-0.074854,0.250566,0.32477,-0.087814,0.225374,0.302506,-0.097189,0.335162,0.301086,-0.052688,0.293093,0.249964,-0.074293,0.267722,0.212123,-0.08715,0.244794,0.173623,-0.097008,0.355107,0.261797,-0.053351,0.322999,0.197143,-0.075955,0.30403,0.149069,-0.087119,0.286315,0.104497,-0.094684,0.379555,0.236841,-0.055124,0.358602,0.179686,-0.074815,0.348833,0.136719,-0.081544,0.339182,0.094727,-0.085949
palm_open,0.408123,0.338406,0.0,0.38522,0.396295,-0.027828,0.348197,0.430241,-0.046852,0.312335,0.4451,-0.062231,0.278612,0.464885,-0.079017,0.325053,0.35185,-0.050203,0.278789,0.346471,-0.072783,0.24955,0.339188,-0.086487,0.223786,0.325381,-0.09641,0.332177,0.291444,-0.051014,0.286944,0.251463,-0.072599,0.258714,0.22082,-0.085683,0.233738,0.187778,-0.095941,0.350348,0.24776,-0.053321,0.314226,0.189854,-0.07686,0.291993,0.145293,-0.089071,0.270266,0.103982,-0.097543,0.374262,0.217893,-0.056798,0.352842,0.158425,-0.07804,0.339868,0.114512,-0.086333,0.324493,0.072355,-0.092202
palm_open,0.409021,0.322138,0.0,0.387123,0.387075,-0.02441,0.351597,0.4274,-0.03999,0.316829,0.449903,-0.052758,0.284745,0.479111,-0.066691,0.330073,0.360507,-0.042412,0.282373,0.376721,-0.062666,0.251758,0.378551,-0.07479,0.225121,0.37425,-0.083518,0.334669,0.300173,-0.044172,0.285907,0.279777,-0.063671,0.254667,0.258887,-0.075263,0.227733,0.237126,-0.084387,0.349686,0.252321,-0.047664,0.309512,0.211259,-0.070712,0.283642,0.174927,-0.082031,0.259823,0.142737,-0.089302,0.371007,0.215799,-0.052207,0.342896,0.168193,-0.072781,0.328132,0.130002,-0.080165,0.313003,0.095882,-0.08519
palm_open,0.407341,0.303896,0.0,0.390126,0.371193,-0.024537,0.355534,0.417153,-0.040044,0.322205,0.445386,-0.052453,0.291561,0.477648,-0.066152,0.33089,0.359422,-0.047249,0.283355,0.37905,-0.068364,0.253097,0.383679,-0.08056,0.225457,0.382415,-0.089611,0.334532,0.299698,-0.049511,0.28683,0.288796,-0.070802,0.254172,0.276857,-0.084509,0.224044,0.264108,-0.095356,0.348841,0.250825,-0.052963,0.307861,0.214103,-0.078358,0.279023,0.184894,-0.092245,0.251285,0.161055,-0.101348,0.369392,0.212694,-0.057087,0.341009,0.166602,-0.081124,0.323768,0.132587,-0.091035,0.305487,0.104407,-0.097729
palm_open,0.311843,0.694828,0.0,0.280658,0.633546,-0.026022,0.271726,0.549348,-0.035715,0.279283,0.477566,-0.042092,0.283165,0.414614,-0.047086,0.328965,0.480015,-0.017074,0.341997,0.390472,-0.029809,0.350684,0.3369,-0.040401,0.360907,0.290125,-0.048118,0.357633,0.492576,-0.014046,0.383835,0.407002,-0.02207,0.400812,0.355251,-0.030084,0.416285,0.312717,-0.036537,0.377122,0.520695,-0.014662,0.40412,0.449959,-0.023449,0.421603,0.408668,-0.028967,0.437352,0.371707,-0.033577,0.390655,0.560242,-0.018141,0.413244,0.517147,-0.026246,0.428853,0.49122,-0.028616,0.44443,0.467387,-0.030304
palm_open,0.351177,0.683857,0.0,0.325072,0.610135,-0.02304,0.328178,0.516626,-0.02778,0.339333,0.44374,-0.029695,0.345573,0.383995,-0.029733,0.386739,0.471889,-0.004884,0.40636,0.390552,-0.011452,0.4194,0.344632,-0.018176,0.431531,0.305689,-0.023238,0.412206,0.495927,-0.000524,0.443027,0.422443,-0.001446,0.462187,0.380908,-0.005117,0.478133,0.347758,-0.008526,0.427844,0.531494,-0.000183,0.459225,0.474702,-0.003711,0.477961,0.443892,-0.005932,0.494123,0.415004,-0.008181,0.437468,0.574153,-0.002722,0.463408,0.542197,-0.00674,0.478779,0.526122,-0.006352,0.493203,0.50938,-0.005998
palm_open,0.364795,0.695726,0.0,0.339595,0.622356,-0.022608,0.341256,0.530874,-0.028238,0.352343,0.457542,-0.031286,0.360753,0.396121,-0.03261,0.398892,0.483221,-0.005796,0.419479,0.404693,-0.013977,0.433056,0.359126,-0.022084,0.446148,0.319812,-0.028295,0.424577,0.507495,-0.002508,0.455214,0.435502,-0.005435,0.475194,0.394346,-0.010786,0.492036,0.361284,-0.01551,0.440465,0.543947,-0.003148,0.471003,0.488038,-0.008388,0.490062,0.457252,-0.01176,0.50654,0.427834,-0.014856,0.450574,0.58874,-0.006559,0.476211,0.555716,-0.011996,0.492383,0.538761,-0.012412,0.50762,0.52131,-0.012705
palm_open,0.38078,0.712067,0.0,0.353008,0.641621,-0.020194,0.350596,0.550356,-0.026489,0.360039,0.477733,-0.030738,0.36715,0.418204,-0.033851,0.408359,0.498375,-0.009046,0.426738,0.417144,-0.01941,0.439463,0.369812,-0.028845,0.452108,0.329411,-0.036005,0.435125,0.520036,-0.00798,0.465247,0.44545,-0.01396,0.484497,0.40295,-0.021046,0.500509,0.368427,-0.026918,0.452693,0.554861,-0.010283,0.482475,0.493799,-0.018118,0.501254,0.460351,-0.023006,0.517132,0.430095,-0.027036,0.464087,0.598639,-0.014904,0.489388,0.56064,-0.022641,0.50636,0.540443,-0.024304,0.522689,0.521444,-0.025429
palm_open,0.400306,0.72611,0.0,0.368059,0.662378,-0.020456,0.358518,0.57604,-0.028557,0.362471,0.506279,-0.034628,0.362067,0.447393,-0.040036,0.413526,0.510482,-0.01399,0.426828,0.424896,-0.025843,0.436756,0.374777,-0.036247,0.448071,0.33167,-0.044225,0.442359,0.524872,-0.014024,0.469437,0.443682,-0.021813,0.487623,0.396711,-0.030303,0.504023,0.357946,-0.037445,0.462786,0.55515,-0.017093,0.490746,0.487932,-0.026541,0.509485,0.449598,-0.033275,0.525859,0.415376,-0.038827,0.477707,0.596626,-0.022352,0.501925,0.55143,-0.031918,0.518736,0.527944,-0.034947,0.53479,0.506557,-0.037139
palm_open,0.419951,0.738213,0.0,0.382389,0.686489,-0.02345,0.365244,0.607923,-0.034403,0.362206,0.53802,-0.042892,0.352421,0.47943,-0.050909,0.413837,0.525973,-0.019487,0.418308,0.43683,-0.03366,0.42352,0.38163,-0.045243,0.432041,0.333769,-0.054056,0.444405,0.529711,-0.019072,0.464399,0.438877,-0.029993,0.479073,0.383713,-0.040043,0.493353,0.337774,-0.047988,0.467946,0.552812,-0.021745,0.490443,0.475177,-0.033865,0.507547,0.428713,-0.042133,0.523298,0.387347,-0.048339,0.486962,0.589691,-0.026689,0.50845,0.536916,-0.037684,0.524662,0.506184,-0.041873,0.540402,0.477751,-0.044836
palm_open,0.439979,0.750072,0.0,0.397948,0.710404,-0.024102,0.372234,0.638365,-0.036197,0.361939,0.571416,-0.045791,0.347474,0.516753,-0.055187,0.414509,0.542155,-0.023293,0.409198,0.453205,-0.039566,0.409107,0.396805,-0.052556,0.413843,0.34672,-0.062333,0.445524,0.536323,-0.023524,0.457352,0.439755,-0.036288,0.467607,0.380594,-0.047321,0.478957,0.330193,-0.05593,0.471182,0.552925,-0.02677,0.487676,0.46767,-0.040948,0.501835,0.416882,-0.050137,0.515573,0.371388,-0.05682,0.493125,0.58598,-0.032236,0.511254,0.527814,-0.045417,0.526565,0.492334,-0.05068,0.541614,0.458621,-0.054244
palm_open,0.454764,0.743357,0.0,0.411647,0.714637,-0.021952,0.38095,0.648975,-0.032852,0.364984,0.586471,-0.041621,0.345526,0.539819,-0.050557,0.416992,0.551727,-0.0228,0.406445,0.46744,-0.037917,0.40115,0.412635,-0.049755,0.400663,0.36248,-0.059057,0.446902,0.539508,-0.024074,0.45229,0.44296,-0.036386,0.458092,0.382416,-0.046879,0.465374,0.329148,-0.055496,0.473074,0.550506,-0.028023,0.486089,0.46266,-0.042335,0.496188,0.410056,-0.051145,0.505339,0.361376,-0.057834,0.496641,0.578762,-0.03394,0.513225,0.518171,-0.047573,0.526818,0.480532,-0.052746,0.539306,0.443903,-0.056471
palm_open,0.465447,0.737418,0.0,0.421518,0.714403,-0.020817,0.387533,0.656446,-0.031564,0.367066,0.599106,-0.040184,0.346694,0.555642,-0.048907,0.417339,0.555767,-0.02287,0.403405,0.475197,-0.037905,0.395811,0.42236,-0.049457,0.392715,0.373453,-0.058473,0.446979,0.539252,-0.024239,0.445447,0.444372,-0.037062,0.447109,0.384253,-0.0476,0.450522,0.331847,-0.055994,0.474581,0.546409,-0.028029,0.483424,0.458882,-0.042778,0.49012,0.404469,-0.051804,0.495762,0.355176,-0.058365,0.500012,0.571314,-0.033494,0.514624,0.50799,-0.047454,0.525956,0.467461,-0.052846,0.536047,0.428608,-0.056499
palm_open,0.477849,0.721276,0.0,0.433039,0.708354,-0.023459,0.39646,0.660563,-0.03645,0.372227,0.608837,-0.046862,0.348653,0.568098,-0.057312,0.418462,0.559251,-0.027606,0.39838,0.482147,-0.04418,0.387084,0.431829,-0.056221,0.380218,0.383448,-0.065393,0.44731,0.538002,-0.028156,0.440402,0.445803,-0.042578,0.436967,0.386819,-0.053922,0.434679,0.333041,-0.062791,0.474983,0.540183,-0.031146,0.478295,0.452109,-0.047654,0.481892,0.396134,-0.057569,0.483806,0.343886,-0.064478,0.501357,0.55904,-0.03583,0.513192,0.493483,-0.051208,0.522565,0.451634,-0.057296,0.529839,0.410982,-0.061293
palm_open,0.487779,0.701607,0.0,0.442673,0.703467,-0.024435,0.402417,0.665933,-0.038106,0.376738,0.619921,-0.048867,0.350701,0.58815,-0.060073,0.418934,0.564634,-0.032657,0.39369,0.493296,-0.05052,0.38025,0.444952,-0.063326,0.370752,0.397604,-0.073006,0.446768,0.537484,-0.032925,0.437093,0.446774,-0.048341,0.431725,0.389052,-0.060603,0.427017,0.334518,-0.070368,0.473713,0.53284,-0.035365,0.472208,0.446195,-0.052673,0.472343,0.391151,-0.063623,0.470801,0.339664,-0.071494,0.500009,0.544294,-0.039448,0.508521,0.47891,-0.055932,0.516295,0.437208,-0.063002,0.521764,0.39667,-0.067818
palm_open,0.488802,0.692118,0.0,0.443704,0.701844,-0.026539,0.403606,0.670594,-0.040804,0.377432,0.627792,-0.051624,0.35115,0.594714,-0.062818,0.419299,0.56694,-0.034744,0.393909,0.501379,-0.053024,0.378597,0.457085,-0.065836,0.366757,0.412353,-0.075597,0.44596,0.53688,-0.034209,0.432345,0.450822,-0.050648,0.424787,0.395025,-0.063433,0.418369,0.341202,-0.073518,0.472194,0.529698,-0.036041,0.467527,0.444927,-0.055016,0.465893,0.389496,-0.066812,0.462843,0.337119,-0.075078,0.498348,0.537672,-0.039561,0.505157,0.471469,-0.057541,0.511309,0.428465,-0.065565,0.514859,0.386669,-0.071035
palm_open,0.479563,0.682892,0.0,0.435457,0.687374,-0.024041,0.397217,0.653131,-0.036003,0.374701,0.605335,-0.044803,0.351596,0.573857,-0.053778,0.418501,0.548317,-0.03037,0.397595,0.478579,-0.045711,0.386771,0.433004,-0.056424,0.378579,0.388141,-0.064561,0.445207,0.521532,-0.029417,0.436046,0.43181,-0.042096,0.431689,0.376036,-0.052052,0.428244,0.322946,-0.06029,0.470449,0.515688,-0.030789,0.468866,0.430077,-0.046288,0.469993,0.3763,-0.056192,0.470975,0.325741,-0.06335,0.495261,0.524399,-0.033856,0.504192,0.460998,-0.049348,0.511834,0.418507,-0.056415,0.517815,0.376963,-0.061246
palm_open,0.463694,0.672014,0.0,0.419085,0.664324,-0.022455,0.385935,0.619412,-0.033588,0.36937,0.56525,-0.041718,0.350349,0.52705,-0.050405,0.41465,0.516218,-0.0287,0.400884,0.438936,-0.043347,0.393543,0.388764,-0.054423,0.388232,0.341222,-0.062784,0.441604,0.494626,-0.02786,0.438009,0.400925,-0.040049,0.436764,0.342057,-0.050732,0.436189,0.288923,-0.059468,0.465931,0.49443,-0.028988,0.470635,0.406452,-0.043342,0.474569,0.350579,-0.053747,0.478003,0.300385,-0.061383,0.489083,0.509319,-0.031587,0.499565,0.443731,-0.045893,0.508196,0.402895,-0.052513,0.515585,0.364052,-0.057044
palm_open,0.449834,0.666051,0.0,0.408343,0.642286,-0.022929,0.383307,0.58592,-0.034628,0.375804,0.527612,-0.043453,0.360797,0.482306,-0.052552,0.421806,0.484502,-0.026206,0.415516,0.403002,-0.041323,0.413973,0.35153,-0.053376,0.414146,0.303706,-0.062367,0.450123,0.472991,-0.026027,0.45503,0.376384,-0.038802,0.458974,0.316985,-0.05035,0.462578,0.263572,-0.059376,0.473344,0.481994,-0.028171,0.483003,0.393652,-0.042598,0.49127,0.338991,-0.052351,0.498257,0.289389,-0.059373,0.493866,0.505785,-0.032083,0.5065,0.444206,-0.045661,0.516568,0.405573,-0.051289,0.525062,0.368828,-0.055136
palm_open,0.456119,0.663022,0.0,0.419084,0.63359,-0.024576,0.399597,0.570518,-0.035444,0.397328,0.508257,-0.043385,0.386099,0.455652,-0.050712,0.438168,0.473269,-0.021692,0.436439,0.388187,-0.036108,0.437437,0.334829,-0.047547,0.439899,0.286754,-0.055906,0.464626,0.464796,-0.020086,0.473901,0.370785,-0.030845,0.481298,0.312509,-0.040395,0.488656,0.262066,-0.047895,0.485599,0.476229,-0.021483,0.497668,0.392428,-0.032951,0.507026,0.341826,-0.039758,0.515842,0.29595,-0.045004,0.503712,0.50282,-0.025379,0.516352,0.448049,-0.036161,0.52638,0.413318,-0.039825,0.53594,0.380247,-0.042341
palm_open,0.475844,0.664232,0.0,0.445977,0.633611,-0.029763,0.428736,0.574232,-0.043864,0.428215,0.518759,-0.053999,0.423865,0.465323,-0.063178,0.466851,0.477388,-0.030305,0.467694,0.393683,-0.048084,0.470219,0.339542,-0.062085,0.474312,0.290899,-0.071876,0.489045,0.46992,-0.025879,0.498158,0.380193,-0.038961,0.505581,0.324555,-0.049281,0.513322,0.27467,-0.057234,0.506327,0.48017,-0.024626,0.516108,0.402254,-0.035947,0.524053,0.35207,-0.042551,0.532338,0.307319,-0.04785,0.521219,0.50543,-0.026547,0.529567,0.450426,-0.036078,0.536903,0.41739,-0.039458,0.544215,0.387895,-0.042023
palm_open,0.485917,0.659953,0.0,0.464839,0.630894,-0.030316,0.4538,0.576552,-0.045827,0.455894,0.523407,-0.057032,0.458584,0.471464,-0.067253,0.489404,0.480164,-0.033168,0.494576,0.399054,-0.051317,0.499318,0.34605,-0.065604,0.504878,0.299808,-0.075263,0.507572,0.47301,-0.027321,0.517426,0.385462,-0.040803,0.525454,0.331106,-0.050925,0.532982,0.28262,-0.058374,0.521581,0.482633,-0.024222,0.53024,0.406918,-0.034868,0.537673,0.354333,-0.041102,0.544738,0.308365,-0.046079,0.5323,0.506985,-0.024251,0.539348,0.45223,-0.032107,0.545324,0.420924,-0.034473,0.550795,0.394996,-0.036318
palm_open,0.481275,0.64376,0.0,0.467559,0.620518,-0.03137,0.461826,0.570453,-0.047395,0.467667,0.520241,-0.059221,0.471121,0.470389,-0.069657,0.49223,0.471893,-0.031961,0.500058,0.39306,-0.048909,0.506903,0.344589,-0.061744,0.513922,0.301579,-0.070594,0.506744,0.465307,-0.026048,0.518312,0.379366,-0.039814,0.52688,0.326215,-0.04978,0.534193,0.279013,-0.056893,0.51748,0.47496,-0.023249,0.526655,0.396994,-0.035169,0.533803,0.346405,-0.042665,0.540265,0.302025,-0.048237,0.524964,0.498309,-0.02364,0.53234,0.443438,-0.033445,0.53783,0.410634,-0.03829,0.542677,0.382367,-0.041807
palm_open,0.462688,0.628696,0.0,0.45654,0.608082,-0.032189,0.452889,0.559499,-0.04762,0.455795,0.510756,-0.058387,0.459811,0.46202,-0.067659,0.480219,0.464288,-0.032265,0.488831,0.389436,-0.048934,0.496487,0.34088,-0.061041,0.504016,0.299591,-0.069123,0.49131,0.45506,-0.025221,0.501262,0.37367,-0.040334,0.510704,0.320672,-0.05061,0.51921,0.274791,-0.057223,0.499042,0.461538,-0.021248,0.505942,0.388868,-0.035418,0.513362,0.337565,-0.043918,0.520449,0.292573,-0.049149,0.504015,0.479767,-0.020227,0.510897,0.427537,-0.031828,0.517077,0.395559,-0.037228,0.522658,0.368607,-0.040415
palm_open,0.440661,0.612563,0.0,0.439574,0.601674,-0.041559,0.437126,0.558459,-0.061579,0.437489,0.507642,-0.074732,0.441583,0.457181,-0.086266,0.464091,0.466556,-0.04649,0.468951,0.396701,-0.065533,0.474724,0.351843,-0.079028,0.480516,0.311029,-0.088053,0.472166,0.451271,-0.033717,0.481942,0.371527,-0.052564,0.491507,0.318379,-0.065057,0.500051,0.271268,-0.07311,0.476841,0.452485,-0.02383,0.484531,0.381672,-0.040163,0.491784,0.330455,-0.050391,0.498429,0.285988,-0.056599,0.478328,0.464831,-0.017288,0.486535,0.412618,-0.029013,0.492242,0.379052,-0.03553,0.497271,0.35041,-0.039855
palm_open,0.423185,0.606567,0.0,0.419986,0.593583,-0.043168,0.417937,0.547991,-0.062982,0.419512,0.494826,-0.075147,0.424236,0.441707,-0.085738,0.447206,0.461718,-0.048445,0.451642,0.388703,-0.067003,0.456846,0.33986,-0.079886,0.46231,0.297005,-0.088437,0.454422,0.448061,-0.033949,0.463265,0.368676,-0.052428,0.472463,0.313755,-0.064333,0.480663,0.267223,-0.07186,0.45812,0.450295,-0.022225,0.465311,0.379424,-0.03824,0.472504,0.32777,-0.047879,0.479894,0.283325,-0.053696,0.458433,0.463344,-0.013961,0.466374,0.415151,-0.026377,0.472013,0.3831,-0.033236,0.477816,0.355933,-0.03761
palm_open,0.408876,0.598609,0.0,0.395842,0.575741,-0.033546,0.392417,0.52527,-0.048116,0.397348,0.476431,-0.057232,0.403679,0.429766,-0.064722,0.421681,0.439536,-0.035214,0.431751,0.361165,-0.051022,0.440477,0.312644,-0.061673,0.448219,0.27228,-0.068006,0.434408,0.435895,-0.025228,0.447257,0.354757,-0.037653,0.457354,0.30245,-0.044969,0.46561,0.259814,-0.049172,0.443846,0.445523,-0.018153,0.451582,0.377136,-0.028089,0.457239,0.328712,-0.033377,0.462912,0.287615,-0.036613,0.449335,0.466248,-0.014382,0.456366,0.418515,-0.022096,0.46168,0.388218,-0.025463,0.467184,0.362724,-0.02726
palm_open,0.387919,0.596006,0.0,0.368284,0.56467,-0.028653,0.362535,0.503887,-0.039969,0.366154,0.451556,-0.046801,0.371496,0.404448,-0.051646,0.395946,0.429477,-0.026469,0.407418,0.348457,-0.04127,0.415197,0.297493,-0.051601,0.421581,0.256491,-0.057539,0.412017,0.428481,-0.018653,0.428654,0.346937,-0.02816,0.439562,0.295359,-0.032978,0.447847,0.253848,-0.035528,0.424512,0.439899,-0.014064,0.43633,0.37556,-0.02077,0.443536,0.335202,-0.02198,0.450105,0.300242,-0.022364,0.432989,0.462379,-0.012841,0.440711,0.413747,-0.018063,0.447385,0.385828,-0.018323,0.454057,0.362399,-0.01763
palm_open,0.366735,0.593088,0.0,0.341018,0.555356,-0.02625,0.331335,0.48679,-0.03561,0.333348,0.429051,-0.041205,0.332081,0.377621,-0.045034,0.373141,0.410706,-0.017639,0.379422,0.332724,-0.030612,0.385671,0.282464,-0.04163,0.392119,0.241645,-0.048798,0.390492,0.411701,-0.011698,0.404192,0.331535,-0.019906,0.414839,0.281103,-0.026406,0.424755,0.240339,-0.030734,0.403858,0.427096,-0.009297,0.415482,0.35669,-0.016454,0.425199,0.314724,-0.019994,0.435032,0.27959,-0.022406,0.41555,0.456052,-0.010022,0.42776,0.409806,-0.015758,0.436284,0.383788,-0.017163,0.445382,0.36106,-0.017732
palm_open,0.344099,0.596853,0.0,0.315852,0.550443,-0.019231,0.301701,0.476248,-0.026269,0.299823,0.41551,-0.031008,0.29546,0.365642,-0.034723,0.34439,0.401758,-0.012771,0.35015,0.320862,-0.024171,0.355379,0.270477,-0.03372,0.360727,0.228127,-0.040272,0.36692,0.40491,-0.011326,0.383792,0.322763,-0.018679,0.395231,0.272168,-0.025483,0.40528,0.230309,-0.0304,0.38422,0.424248,-0.012666,0.400382,0.353941,-0.019865,0.411379,0.311747,-0.023994,0.421157,0.275194,-0.027134,0.398304,0.457133,-0.016294,0.413581,0.411451,-0.022312,0.4238,0.383601,-0.0233,0.433956,0.358145,-0.023781
palm_open,0.321968,0.60191,0.0,0.288776,0.550823,-0.017168,0.271989,0.473534,-0.023922,0.268146,0.409445,-0.029046,0.258428,0.359924,-0.033847,0.318884,0.398146,-0.011399,0.322718,0.313809,-0.022425,0.32713,0.262698,-0.031909,0.332303,0.219522,-0.038813,0.344854,0.403364,-0.012128,0.361023,0.31646,-0.019871,0.372094,0.264404,-0.02794,0.382265,0.221718,-0.03406,0.365062,0.424748,-0.01546,0.382895,0.350814,-0.024301,0.395307,0.307456,-0.030533,0.405752,0.269989,-0.035244,0.381535,0.459049,-0.02066,0.398755,0.411208,-0.028853,0.410574,0.382356,-0.031354,0.421582,0.355682,-0.033001
palm_open,0.303059,0.61147,0.0,0.26614,0.558779,-0.017106,0.247354,0.476525,-0.023347,0.241952,0.408632,-0.028046,0.23053,0.358865,-0.032615,0.296275,0.397945,-0.010406,0.298171,0.312063,-0.02148,0.302275,0.259415,-0.031346,0.308009,0.215209,-0.038682,0.325743,0.402812,-0.011458,0.340697,0.313853,-0.019048,0.352008,0.259729,-0.027567,0.362646,0.21538,-0.034199,0.349026,0.425344,-0.015269,0.368053,0.350003,-0.024441,0.38141,0.304471,-0.031575,0.392368,0.264506,-0.037001,0.367976,0.461181,-0.020876,0.38725,0.412505,-0.029178,0.399905,0.382014,-0.031909,0.411368,0.352795,-0.033878
palm_open,0.290592,0.61576,0.0,0.250946,0.563434,-0.017844,0.230268,0.479353,-0.024455,0.224138,0.410168,-0.029522,0.210704,0.360502,-0.034664,0.280553,0.400579,-0.012778,0.281162,0.313544,-0.024803,0.284611,0.260009,-0.034804,0.290333,0.214427,-0.042466,0.312565,0.405103,-0.014603,0.327359,0.313604,-0.023789,0.338471,0.257055,-0.033348,0.349025,0.210477,-0.040877,0.337435,0.428483,-0.019209,0.358144,0.35188,-0.030831,0.371703,0.303846,-0.039403,0.382896,0.261509,-0.045805,0.356959,0.46607,-0.025512,0.37892,0.418468,-0.036407,0.393849,0.387061,-0.040769,0.407216,0.356438,-0.04391
palm_open,0.282769,0.620294,0.0,0.242971,0.567732,-0.018029,0.223334,0.483115,-0.02474,0.217425,0.413198,-0.029955,0.204076,0.361859,-0.035315,0.27351,0.403578,-0.013037,0.27236,0.316678,-0.025233,0.274257,0.262309,-0.035385,0.279047,0.215854,-0.043314,0.305887,0.408482,-0.015347,0.320385,0.315978,-0.025137,0.33083,0.256735,-0.035486,0.340657,0.207656,-0.043611,0.331084,0.433243,-0.020469,0.352453,0.354923,-0.033214,0.366458,0.303419,-0.042849,0.378245,0.256909,-0.049908,0.350533,0.472663,-0.027189,0.374308,0.423046,-0.039232,0.390728,0.39014,-0.044275,0.405212,0.357659,-0.047878
palm_open,0.284455,0.621625,0.0,0.244903,0.569964,-0.016951,0.224696,0.484168,-0.023526,0.219876,0.414895,-0.028761,0.207226,0.36434,-0.034349,0.271665,0.405685,-0.014736,0.270409,0.318257,-0.02734,0.272194,0.263891,-0.037605,0.277145,0.216705,-0.045725,0.303563,0.411027,-0.017904,0.318302,0.31827,-0.02825,0.328552,0.257966,-0.038886,0.337877,0.207091,-0.047455,0.328345,0.43599,-0.023656,0.350624,0.357326,-0.036839,0.364695,0.304857,-0.047042,0.376228,0.257181,-0.054711,0.347759,0.475184,-0.030842,0.372018,0.424531,-0.043503,0.388579,0.390347,-0.049188,0.402922,0.356493,-0.053461
palm_open,0.290613,0.622875,0.0,0.250361,0.570346,-0.015023,0.230361,0.482822,-0.020212,0.225003,0.413416,-0.024481,0.21085,0.366388,-0.029228,0.274886,0.405847,-0.012043,0.272268,0.318601,-0.023597,0.272691,0.26445,-0.033206,0.276122,0.217261,-0.040917,0.306277,0.409986,-0.015781,0.31835,0.317458,-0.02579,0.326787,0.25572,-0.036525,0.334468,0.203213,-0.045116,0.331086,0.433829,-0.021926,0.352524,0.356295,-0.034845,0.364832,0.302515,-0.045525,0.374554,0.254136,-0.053427,0.350816,0.471525,-0.029328,0.374973,0.420468,-0.0417,0.390568,0.384471,-0.047611,0.403929,0.349305,-0.052039
palm_open,0.298317,0.617941,0.0,0.260044,0.563109,-0.013193,0.241373,0.475607,-0.017321,0.237079,0.407222,-0.020845,0.224255,0.361998,-0.024853,0.285684,0.401528,-0.011291,0.283632,0.314449,-0.022635,0.284064,0.260464,-0.031911,0.286903,0.213408,-0.039295,0.315833,0.407037,-0.01571,0.328719,0.314575,-0.025258,0.337135,0.254069,-0.035522,0.344525,0.202789,-0.043691,0.339909,0.431248,-0.022356,0.36194,0.35379,-0.035003,0.37447,0.299972,-0.045707,0.384146,0.25175,-0.053567,0.358809,0.469662,-0.030124,0.384801,0.421445,-0.042895,0.400964,0.385085,-0.049394,0.41435,0.349659,-0.054059
palm_open,0.307277,0.611925,0.0,0.270296,0.555338,-0.012711,0.253439,0.468718,-0.016762,0.250556,0.401224,-0.020257,0.238956,0.355234,-0.024197,0.296615,0.394953,-0.01083,0.296442,0.308979,-0.022224,0.298224,0.255727,-0.031558,0.302347,0.209314,-0.038871,0.326218,0.401492,-0.015385,0.340215,0.310272,-0.024935,0.349593,0.250402,-0.035111,0.357864,0.199749,-0.043155,0.349571,0.426452,-0.022158,0.372327,0.351687,-0.034592,0.38548,0.297931,-0.045224,0.395639,0.24913,-0.053046,0.367615,0.465379,-0.030029,0.393728,0.417571,-0.042476,0.409871,0.3813,-0.048809,0.423286,0.345568,-0.053385
palm_open,0.316165,0.608252,0.0,0.280147,0.551913,-0.012605,0.264505,0.465188,-0.016528,0.263091,0.39779,-0.019906,0.253111,0.351064,-0.023797,0.30705,0.391632,-0.010845,0.308043,0.30655,-0.022159,0.310166,0.253566,-0.031517,0.314509,0.207511,-0.038832,0.335461,0.398306,-0.015447,0.35024,0.307072,-0.024886,0.359738,0.246837,-0.035059,0.367907,0.196795,-0.043102,0.357535,0.423621,-0.02222,0.381365,0.348905,-0.034226,0.394063,0.295128,-0.044654,0.403536,0.247281,-0.052454,0.374367,0.463037,-0.030116,0.400829,0.416049,-0.042161,0.417028,0.380156,-0.048264,0.430391,0.345638,-0.052742
palm_open,0.321258,0.611216,0.0,0.285781,0.554669,-0.013168,0.272056,0.467442,-0.017672,0.272112,0.401061,-0.021498,0.264683,0.352837,-0.025814,0.314584,0.392442,-0.012088,0.316157,0.308116,-0.023973,0.318733,0.255784,-0.03355,0.323468,0.210378,-0.040978,0.34206,0.400675,-0.016819,0.357232,0.309807,-0.027051,0.36708,0.248862,-0.037507,0.375352,0.198432,-0.04564,0.36278,0.427445,-0.023767,0.385409,0.351265,-0.036207,0.397209,0.297162,-0.046743,0.406051,0.249156,-0.054666,0.378048,0.468176,-0.031882,0.403265,0.420966,-0.044416,0.419508,0.384931,-0.050936,0.433126,0.350473,-0.055752
palm_open,0.320441,0.613331,0.0,0.286228,0.555554,-0.013034,0.274761,0.467857,-0.018134,0.275774,0.40107,-0.022667,0.267815,0.351774,-0.027766,0.315423,0.39564,-0.013024,0.317855,0.310641,-0.025694,0.320452,0.25933,-0.035632,0.325218,0.214006,-0.043417,0.341952,0.404356,-0.018236,0.35689,0.313296,-0.029737,0.366758,0.252745,-0.040861,0.375348,0.201119,-0.049512,0.361123,0.432137,-0.025607,0.383691,0.356136,-0.039432,0.39675,0.302371,-0.050726,0.406782,0.253906,-0.059201,0.374715,0.474035,-0.03407,0.400709,0.428936,-0.047874,0.41694,0.393493,-0.05528,0.430269,0.358685,-0.060829
palm_open,0.320857,0.621087,0.0,0.286831,0.563251,-0.013178,0.275165,0.476825,-0.019688,0.27635,0.410965,-0.02576,0.268563,0.359716,-0.03265,0.312065,0.404098,-0.016328,0.315758,0.318723,-0.031022,0.318942,0.266314,-0.042527,0.324153,0.219787,-0.051391,0.33683,0.413176,-0.022028,0.351269,0.32127,-0.03584,0.36022,0.259517,-0.048879,0.368408,0.205603,-0.058985,0.354712,0.441067,-0.029626,0.375872,0.362451,-0.044821,0.387976,0.308051,-0.057467,0.3971,0.259391,-0.066973,0.367911,0.483213,-0.038225,0.392182,0.433905,-0.053224,0.406403,0.395331,-0.061943,0.417602,0.357532,-0.068539
palm_open,0.320672,0.621461,0.0,0.286813,0.559276,-0.013028,0.276626,0.476137,-0.020893,0.277566,0.412636,-0.028503,0.272066,0.359592,-0.036979,0.311735,0.40488,-0.019677,0.317335,0.321299,-0.037081,0.321021,0.268262,-0.050144,0.32612,0.220619,-0.059904,0.334216,0.416575,-0.026515,0.349025,0.327303,-0.043279,0.358041,0.264887,-0.057575,0.36646,0.210074,-0.068326,0.350606,0.446889,-0.035181,0.371379,0.370681,-0.053444,0.381898,0.315532,-0.067059,0.389791,0.265355,-0.076861,0.362443,0.491528,-0.044729,0.38708,0.444312,-0.062924,0.400922,0.40665,-0.072883,0.411638,0.36938,-0.079934
palm_open,0.323716,0.622766,0.0,0.289528,0.560197,-0.01185,0.280302,0.477397,-0.019455,0.280293,0.415306,-0.027026,0.275654,0.361755,-0.035494,0.314734,0.408964,-0.019613,0.320874,0.326633,-0.037505,0.325419,0.273606,-0.050884,0.331236,0.226498,-0.060818,0.335776,0.421742,-0.027168,0.350665,0.334929,-0.04468,0.359912,0.273291,-0.05948,0.368359,0.219222,-0.070443,0.351108,0.452955,-0.036403,0.372134,0.379109,-0.055241,0.381754,0.324241,-0.069256,0.388685,0.273673,-0.079223,0.361581,0.498756,-0.046358,0.385648,0.453881,-0.065021,0.398715,0.41705,-0.075212,0.40873,0.380564,-0.082339
palm_open,0.348324,0.644524,0.0,0.313691,0.582356,-0.011818,0.303421,0.497808,-0.018226,0.303982,0.433753,-0.024359,0.298517,0.380347,-0.03097,0.336155,0.430362,-0.016668,0.342213,0.346422,-0.032629,0.346373,0.293208,-0.044353,0.350861,0.245736,-0.053017,0.359031,0.44263,-0.023141,0.373481,0.35659,-0.038119,0.38219,0.295965,-0.050772,0.389714,0.242516,-0.059945,0.376354,0.474364,-0.031373,0.396617,0.402514,-0.048248,0.405749,0.348962,-0.059743,0.411927,0.298146,-0.067634,0.389087,0.520962,-0.040406,0.412439,0.479479,-0.057315,0.425422,0.443015,-0.065428,0.435317,0.40669,-0.070653
palm_open,0.395875,0.677894,0.0,0.35769,0.621009,-0.014948,0.343277,0.535407,-0.0218,0.342447,0.465306,-0.027785,0.335498,0.409162,-0.033941,0.379265,0.460118,-0.017366,0.381971,0.370559,-0.032513,0.38602,0.315946,-0.043576,0.391559,0.268556,-0.051742,0.405855,0.470499,-0.022183,0.417912,0.37792,-0.036177,0.426711,0.316144,-0.048425,0.434423,0.264056,-0.057316,0.426751,0.500436,-0.029126,0.446746,0.42363,-0.045187,0.456795,0.370381,-0.056746,0.463973,0.321977,-0.064622,0.44341,0.545169,-0.037127,0.466797,0.498352,-0.053137,0.480747,0.461386,-0.061028,0.491809,0.425066,-0.066027
palm_open,0.426757,0.734536,0.0,0.381103,0.692376,-0.019948,0.353229,0.614182,-0.028954,0.339255,0.543768,-0.036132,0.318739,0.493785,-0.043636,0.384952,0.522962,-0.019808,0.372632,0.431718,-0.034946,0.36681,0.373846,-0.046467,0.364842,0.321858,-0.055258,0.417939,0.515664,-0.022638,0.418122,0.412084,-0.035768,0.420206,0.345134,-0.047881,0.422877,0.287619,-0.057187,0.446887,0.532283,-0.028082,0.458165,0.440516,-0.043919,0.466509,0.380342,-0.055252,0.472692,0.326163,-0.063255,0.472408,0.564893,-0.034969,0.489634,0.500196,-0.049607,0.502593,0.458729,-0.055681,0.513163,0.418971,-0.059895
palm_open,0.448199,0.744789,0.0,0.401223,0.709169,-0.021958,0.371082,0.634482,-0.032015,0.35716,0.562034,-0.040034,0.335577,0.510827,-0.048188,0.40414,0.534106,-0.022103,0.388657,0.441611,-0.038276,0.381042,0.383703,-0.050586,0.378197,0.331344,-0.059794,0.437394,0.523568,-0.024092,0.435381,0.419273,-0.036899,0.436744,0.352975,-0.048646,0.439803,0.297288,-0.057925,0.467119,0.53654,-0.028945,0.476906,0.445361,-0.043985,0.484684,0.38634,-0.054546,0.491144,0.334663,-0.06233,0.494026,0.566452,-0.035673,0.510938,0.502793,-0.049846,0.523268,0.461181,-0.055824,0.533378,0.422578,-0.06005
palm_open,0.458392,0.740204,0.0,0.414099,0.691558,-0.020553,0.390297,0.609116,-0.029143,0.384034,0.532521,-0.035706,0.367853,0.477172,-0.042303,0.434852,0.522538,-0.020765,0.426883,0.426194,-0.03558,0.423448,0.368232,-0.046569,0.422961,0.315183,-0.054833,0.468933,0.519534,-0.022626,0.476604,0.414592,-0.034232,0.482958,0.350848,-0.044885,0.48907,0.296087,-0.053367,0.496506,0.538144,-0.027081,0.513166,0.448088,-0.041348,0.524805,0.393046,-0.0504,0.533788,0.343539,-0.056996,0.51958,0.573061,-0.033281,0.540323,0.514246,-0.046579,0.554704,0.476463,-0.051167,0.566129,0.440733,-0.054288
palm_open,0.454509,0.712455,0.0,0.416955,0.658075,-0.02969,0.405334,0.57718,-0.043346,0.411451,0.505355,-0.053126,0.404161,0.442534,-0.062773,0.464675,0.497531,-0.029787,0.47666,0.403577,-0.046763,0.485926,0.345715,-0.059842,0.496758,0.292695,-0.069752,0.496764,0.505524,-0.027884,0.526273,0.411493,-0.040694,0.545727,0.355868,-0.052263,0.563388,0.306091,-0.061843,0.518665,0.531731,-0.029211,0.549615,0.451936,-0.043802,0.56977,0.403688,-0.053374,0.587802,0.357738,-0.060894,0.534194,0.571453,-0.033221,0.559732,0.517796,-0.047357,0.578557,0.48805,-0.052868,0.595894,0.458556,-0.056936
palm_open,0.44536,0.739188,0.0,0.410586,0.683384,-0.030728,0.402897,0.599319,-0.045021,0.411535,0.527905,-0.055434,0.406567,0.463138,-0.065765,0.4638,0.524449,-0.032322,0.477477,0.429603,-0.051179,0.487683,0.369941,-0.065496,0.499567,0.317276,-0.07615,0.495259,0.533905,-0.030678,0.526686,0.439466,-0.046352,0.54825,0.383861,-0.05912,0.568443,0.33605,-0.068873,0.516058,0.560558,-0.03239,0.54895,0.481245,-0.049573,0.571451,0.434827,-0.060263,0.592279,0.391851,-0.067829,0.529486,0.600164,-0.036851,0.556262,0.547901,-0.052847,0.57612,0.519756,-0.059414,0.594888,0.492334,-0.063862
palm_open,0.432608,0.803359,0.0,0.398154,0.746806,-0.027669,0.389008,0.664611,-0.041433,0.396152,0.591877,-0.051969,0.388119,0.527559,-0.062747,0.445196,0.587087,-0.030123,0.457124,0.492719,-0.048418,0.46705,0.434486,-0.062483,0.478815,0.382917,-0.07313,0.477952,0.59755,-0.03,0.506986,0.501319,-0.045478,0.526837,0.444704,-0.058752,0.545087,0.394251,-0.0693,0.500575,0.625131,-0.032833,0.532877,0.546936,-0.04961,0.555383,0.499883,-0.060373,0.57515,0.454703,-0.068386,0.51636,0.665417,-0.038052,0.543391,0.610229,-0.052933,0.563022,0.579237,-0.05885,0.580963,0.548501,-0.063327
palm_open,0.43027,0.810058,0.0,0.397487,0.767985,-0.036967,0.385262,0.697902,-0.055438,0.391781,0.631614,-0.068774,0.384721,0.571924,-0.081881,0.445414,0.623072,-0.043886,0.458582,0.535253,-0.065391,0.469848,0.480115,-0.080684,0.482849,0.431292,-0.091791,0.477192,0.626523,-0.039297,0.50841,0.536772,-0.057496,0.529618,0.485175,-0.070244,0.549691,0.439204,-0.080261,0.498289,0.645992,-0.038189,0.531849,0.571268,-0.057025,0.55423,0.526832,-0.067577,0.574581,0.4847,-0.075135,0.512657,0.679165,-0.040329,0.540889,0.626968,-0.056492,0.561353,0.598734,-0.063285,0.579835,0.571374,-0.068309
palm_open,0.413366,0.711042,0.0,0.37957,0.685029,-0.038035,0.366637,0.628818,-0.05837,0.374027,0.57441,-0.072764,0.370412,0.524093,-0.08701,0.431919,0.558356,-0.048909,0.445376,0.482889,-0.069797,0.457796,0.434572,-0.084849,0.471614,0.394236,-0.095198,0.460698,0.560632,-0.041651,0.49327,0.482479,-0.059544,0.51545,0.433987,-0.071877,0.537296,0.392793,-0.08103,0.47884,0.574729,-0.0372,0.510769,0.502173,-0.05417,0.533691,0.459086,-0.065132,0.555841,0.423317,-0.072546,0.48969,0.599187,-0.035759,0.517125,0.544791,-0.050042,0.536995,0.517571,-0.057067,0.555787,0.494664,-0.061774
palm_open,0.29424,0.689896,0.0,0.338803,0.657838,-0.024823,0.371688,0.599929,-0.040014,0.390056,0.54893,-0.053142,0.410282,0.503962,-0.067072,0.331784,0.504355,-0.034434,0.333934,0.429774,-0.05563,0.334793,0.38393,-0.071028,0.335163,0.338628,-0.082146,0.301757,0.502393,-0.035044,0.299457,0.421314,-0.054723,0.300519,0.368001,-0.06864,0.30128,0.314581,-0.07895,0.274684,0.521462,-0.037905,0.265129,0.444546,-0.057354,0.26086,0.394434,-0.068286,0.258123,0.345493,-0.075473,0.250917,0.555656,-0.042625,0.235153,0.499434,-0.060997,0.225848,0.459865,-0.069557,0.217999,0.418977,-0.074683
palm_open,0.251012,0.698367,0.0,0.292641,0.657457,-0.019423,0.323562,0.595625,-0.030843,0.344441,0.544107,-0.040895,0.366332,0.502454,-0.051863,0.286012,0.51909,-0.029394,0.290872,0.446044,-0.04738,0.294996,0.401718,-0.060097,0.298334,0.358744,-0.069577,0.257985,0.517404,-0.032184,0.258536,0.438497,-0.049769,0.263407,0.386378,-0.062423,0.268012,0.337601,-0.072054,0.232448,0.53731,-0.036763,0.221621,0.461776,-0.054263,0.217006,0.412028,-0.064378,0.215448,0.366665,-0.071472,0.209963,0.573328,-0.042803,0.192448,0.519533,-0.059158,0.183181,0.482099,-0.066617,0.176256,0.444265,-0.071516
palm_open,0.256809,0.679063,0.0,0.291986,0.628754,-0.018418,0.315848,0.555588,-0.028749,0.330246,0.496585,-0.038182,0.346093,0.44736,-0.048853,0.273298,0.502559,-0.027698,0.270461,0.433005,-0.044906,0.267552,0.389942,-0.056778,0.264576,0.348499,-0.065943,0.246006,0.510542,-0.030969,0.235078,0.433608,-0.047072,0.231109,0.382902,-0.059002,0.227551,0.334739,-0.068598,0.224042,0.538402,-0.036058,0.20298,0.472882,-0.05276,0.193064,0.428435,-0.062529,0.186595,0.384158,-0.069931,0.206862,0.579644,-0.042625,0.184363,0.53721,-0.059058,0.171524,0.505241,-0.067111,0.160801,0.469814,-0.072865
palm_open,0.265544,0.664343,0.0,0.298396,0.609207,-0.020409,0.315852,0.533201,-0.032468,0.324413,0.471165,-0.043002,0.33473,0.415299,-0.054689,0.270359,0.483866,-0.031736,0.260521,0.41485,-0.050526,0.254533,0.373123,-0.063091,0.249364,0.331339,-0.072647,0.244724,0.499277,-0.034123,0.229711,0.425694,-0.052412,0.222382,0.375652,-0.065548,0.215579,0.326259,-0.07586,0.225203,0.533009,-0.038267,0.200412,0.473791,-0.056785,0.189395,0.430627,-0.067603,0.182001,0.385613,-0.075461,0.211232,0.577744,-0.043885,0.186562,0.538722,-0.061882,0.173513,0.508245,-0.071106,0.16265,0.473349,-0.077522
palm_open,0.266791,0.658134,0.0,0.301527,0.607383,-0.01925,0.321538,0.534966,-0.031099,0.332552,0.473644,-0.04139,0.345483,0.419689,-0.052719,0.278948,0.480902,-0.030123,0.271252,0.41158,-0.047842,0.266235,0.368165,-0.059477,0.261263,0.327853,-0.067952,0.25199,0.493514,-0.032529,0.23967,0.41623,-0.049553,0.234295,0.365263,-0.06096,0.228595,0.318283,-0.069444,0.230304,0.524826,-0.036603,0.209749,0.46119,-0.053603,0.199788,0.415456,-0.063197,0.192539,0.370777,-0.069767,0.213498,0.568849,-0.042043,0.191651,0.525236,-0.058134,0.178882,0.493773,-0.065569,0.16753,0.459035,-0.070449
palm_open,0.253118,0.659312,0.0,0.296375,0.622624,-0.021932,0.325164,0.561175,-0.035609,0.345346,0.50464,-0.047571,0.364834,0.455538,-0.060792,0.28741,0.485443,-0.033763,0.288504,0.410307,-0.052969,0.287687,0.363383,-0.065788,0.285572,0.319277,-0.075204,0.258359,0.489663,-0.035299,0.253824,0.409723,-0.053278,0.252317,0.357161,-0.065467,0.248883,0.307338,-0.074768,0.232269,0.514477,-0.038748,0.218403,0.440342,-0.056969,0.210246,0.39196,-0.067787,0.203712,0.344878,-0.075192,0.209629,0.552411,-0.04371,0.192414,0.498669,-0.061372,0.181645,0.462286,-0.070135,0.172494,0.423301,-0.075852
palm_open,0.231194,0.662673,0.0,0.280727,0.643539,-0.023676,0.318541,0.591344,-0.038123,0.345564,0.541119,-0.050592,0.371296,0.500247,-0.064088,0.287988,0.495167,-0.03456,0.296228,0.418736,-0.054385,0.300797,0.370182,-0.068008,0.30377,0.323872,-0.077922,0.25842,0.485659,-0.035179,0.263197,0.40208,-0.053352,0.267682,0.348286,-0.06553,0.26989,0.295731,-0.074592,0.229449,0.498433,-0.037894,0.223627,0.418654,-0.055807,0.220495,0.367426,-0.066063,0.218339,0.317812,-0.072911,0.202524,0.526974,-0.042397,0.191134,0.466361,-0.059134,0.184412,0.42609,-0.067154,0.179033,0.384251,-0.072229
palm_open,0.213006,0.659735,0.0,0.262515,0.652944,-0.024193,0.306988,0.613955,-0.03823,0.339904,0.573622,-0.050306,0.370781,0.543183,-0.062863,0.289048,0.498185,-0.028848,0.306338,0.425138,-0.047286,0.316315,0.377712,-0.060902,0.32453,0.333438,-0.070833,0.261181,0.477079,-0.029129,0.275705,0.392749,-0.046188,0.285452,0.338097,-0.059038,0.293114,0.287493,-0.068352,0.231349,0.477946,-0.031886,0.237411,0.392785,-0.049255,0.240424,0.339672,-0.060219,0.244122,0.290598,-0.067244,0.200736,0.495353,-0.036564,0.198797,0.427121,-0.052627,0.1976,0.383509,-0.060448,0.197996,0.339647,-0.065173
palm_open,0.205547,0.656683,0.0,0.256498,0.65267,-0.023563,0.303749,0.614974,-0.03559,0.335053,0.572358,-0.045547,0.365284,0.542189,-0.055792,0.288135,0.494607,-0.025409,0.307344,0.41937,-0.042662,0.318742,0.371096,-0.055773,0.328918,0.327641,-0.06536,0.259876,0.469997,-0.02577,0.276754,0.382145,-0.042168,0.288854,0.326152,-0.055289,0.299799,0.27598,-0.064602,0.230491,0.466807,-0.028694,0.238678,0.380826,-0.045683,0.244966,0.326281,-0.056733,0.252722,0.277431,-0.063696,0.199677,0.48003,-0.033546,0.199867,0.41026,-0.049719,0.201118,0.365159,-0.05766,0.20526,0.319975,-0.062227
palm_open,0.204125,0.652482,0.0,0.254411,0.641024,-0.022718,0.300279,0.597348,-0.03367,0.331303,0.55065,-0.042898,0.360444,0.51648,-0.052314,0.280309,0.478419,-0.023254,0.297611,0.399632,-0.03999,0.307425,0.350498,-0.052548,0.31665,0.305102,-0.061769,0.252874,0.455985,-0.023563,0.268863,0.366844,-0.040611,0.281129,0.308212,-0.054072,0.292092,0.256343,-0.0634,0.224086,0.455451,-0.02639,0.229479,0.366735,-0.043476,0.235253,0.309813,-0.054412,0.242833,0.259884,-0.061164,0.194217,0.470816,-0.031164,0.193324,0.400607,-0.047222,0.194334,0.354598,-0.055346,0.197554,0.308336,-0.06
palm_open,0.202881,0.65688,0.0,0.254651,0.639558,-0.019777,0.297648,0.584057,-0.02667,0.32507,0.52925,-0.032396,0.351071,0.493874,-0.038211,0.271771,0.462732,-0.01334,0.285839,0.382447,-0.025699,0.293706,0.332749,-0.036253,0.300535,0.288509,-0.044381,0.243434,0.444214,-0.013647,0.25612,0.351966,-0.026493,0.2665,0.292662,-0.038334,0.275187,0.242233,-0.046519,0.214825,0.446843,-0.016673,0.217555,0.356051,-0.030713,0.22249,0.299973,-0.040988,0.228656,0.251269,-0.047305,0.185354,0.465558,-0.02158,0.182645,0.39445,-0.035547,0.1825,0.348363,-0.042988,0.184641,0.302561,-0.047171
palm_open,0.210623,0.68353,0.0,0.257615,0.640488,-0.017286,0.292792,0.568681,-0.022273,0.314279,0.506995,-0.027185,0.334668,0.464098,-0.031889,0.252809,0.4603,-0.003847,0.259248,0.380012,-0.015232,0.264044,0.333671,-0.025967,0.268389,0.294175,-0.034021,0.223434,0.451262,-0.005618,0.225365,0.355757,-0.017348,0.230625,0.294177,-0.029532,0.235642,0.242722,-0.038212,0.196341,0.464016,-0.01075,0.189086,0.372438,-0.024628,0.188474,0.315668,-0.035452,0.190021,0.267263,-0.042175,0.170118,0.493682,-0.01775,0.158016,0.423804,-0.031149,0.151663,0.376798,-0.038506,0.148243,0.330301,-0.042948
palm_open,0.227511,0.70403,0.0,0.268809,0.644986,-0.019619,0.294049,0.559162,-0.024737,0.305087,0.487643,-0.029036,0.318699,0.438454,-0.033164,0.238649,0.467455,-0.008378,0.23148,0.382538,-0.019263,0.227309,0.331434,-0.029519,0.22366,0.285655,-0.037695,0.207352,0.469939,-0.008694,0.195123,0.373565,-0.019987,0.190642,0.310451,-0.031988,0.18736,0.257796,-0.04089,0.181404,0.49262,-0.012136,0.161479,0.406083,-0.025119,0.152357,0.351053,-0.036116,0.146196,0.303225,-0.043476,0.158968,0.531462,-0.017674,0.136638,0.469297,-0.030603,0.123029,0.427387,-0.038223,0.112495,0.384702,-0.043116
palm_open,0.242511,0.708664,0.0,0.277918,0.639317,-0.023041,0.292908,0.544987,-0.029843,0.29386,0.468141,-0.035068,0.301664,0.413337,-0.040037,0.224023,0.473453,-0.013369,0.20592,0.393845,-0.02556,0.193964,0.344493,-0.036395,0.182898,0.300639,-0.045202,0.192801,0.487937,-0.012415,0.167497,0.399575,-0.026163,0.153296,0.339078,-0.03964,0.140808,0.288481,-0.049594,0.17028,0.521143,-0.014526,0.137649,0.446244,-0.029477,0.11982,0.396053,-0.041234,0.105318,0.350723,-0.04902,0.153594,0.568849,-0.01889,0.122672,0.516696,-0.03348,0.103873,0.48168,-0.042074,0.087185,0.443208,-0.04763
palm_open,0.252819,0.709526,0.0,0.283122,0.626856,-0.023216,0.287691,0.529259,-0.031196,0.281223,0.453074,-0.037606,0.283438,0.393881,-0.04378,0.211756,0.484884,-0.016743,0.185065,0.41045,-0.030412,0.167661,0.364179,-0.041279,0.151338,0.323684,-0.050046,0.182363,0.509254,-0.016324,0.14726,0.427402,-0.032281,0.126885,0.370735,-0.046182,0.108852,0.323911,-0.056123,0.16374,0.550018,-0.018764,0.121689,0.486754,-0.035718,0.097534,0.441612,-0.047854,0.077613,0.40104,-0.055493,0.152649,0.602413,-0.023298,0.115359,0.559146,-0.039546,0.092386,0.529638,-0.048839,0.071131,0.496556,-0.054635
palm_open,0.256111,0.725055,0.0,0.280325,0.639987,-0.02335,0.279885,0.539663,-0.032713,0.271891,0.460622,-0.040525,0.271505,0.400133,-0.048141,0.203222,0.504793,-0.019808,0.171291,0.434985,-0.035145,0.14967,0.391371,-0.047298,0.129604,0.353416,-0.056837,0.175239,0.533873,-0.020358,0.134816,0.457131,-0.037148,0.109601,0.404539,-0.051304,0.087127,0.360977,-0.061287,0.158676,0.577399,-0.023626,0.112813,0.519506,-0.040887,0.08551,0.47863,-0.052808,0.062054,0.441505,-0.060269,0.150251,0.63291,-0.029048,0.110801,0.596903,-0.045262,0.085993,0.571628,-0.053944,0.06224,0.543075,-0.059221
palm_open,0.24893,0.742268,0.0,0.270356,0.656305,-0.026399,0.269797,0.557844,-0.039211,0.261551,0.481089,-0.050073,0.259693,0.41732,-0.061106,0.192604,0.52882,-0.028087,0.158005,0.462037,-0.046591,0.134681,0.418854,-0.060473,0.112974,0.380703,-0.071239,0.165578,0.562352,-0.028477,0.122018,0.490328,-0.048273,0.094834,0.440854,-0.064344,0.07038,0.398371,-0.076069,0.15116,0.609158,-0.031494,0.102971,0.556802,-0.051054,0.073296,0.51924,-0.064551,0.047795,0.484203,-0.073393,0.145428,0.665908,-0.036768,0.104315,0.632106,-0.054837,0.078102,0.608474,-0.06512,0.052333,0.581437,-0.071863
palm_open,0.239634,0.745512,0.0,0.261275,0.659903,-0.025515,0.261018,0.563852,-0.038336,0.252878,0.487682,-0.049301,0.252327,0.422501,-0.060526,0.18361,0.535032,-0.028072,0.147838,0.469659,-0.046137,0.12213,0.430247,-0.059715,0.097473,0.394475,-0.070481,0.157051,0.568969,-0.028768,0.113371,0.49876,-0.049098,0.083784,0.452367,-0.066068,0.056029,0.411066,-0.078492,0.142248,0.616288,-0.031658,0.094512,0.565153,-0.051572,0.063546,0.53131,-0.065248,0.035733,0.498622,-0.07406,0.135861,0.673792,-0.036651,0.093291,0.636663,-0.055394,0.067209,0.614945,-0.065584,0.040739,0.591254,-0.071994
palm_open,0.225089,0.729047,0.0,0.251569,0.650697,-0.026523,0.255281,0.55587,-0.040425,0.25042,0.47978,-0.052066,0.252355,0.414677,-0.064155,0.180126,0.522455,-0.031764,0.147639,0.453307,-0.049888,0.123931,0.412451,-0.063023,0.101453,0.377388,-0.073105,0.153407,0.55436,-0.031446,0.11298,0.479037,-0.050089,0.08527,0.429985,-0.065063,0.059543,0.38856,-0.076293,0.137368,0.599322,-0.033471,0.091685,0.543074,-0.052005,0.062817,0.506411,-0.065474,0.037098,0.472789,-0.074543,0.128979,0.654039,-0.037659,0.087962,0.614249,-0.055092,0.062263,0.590148,-0.065323,0.03727,0.564251,-0.072232
palm_open,0.214881,0.702729,0.0,0.242519,0.631568,-0.025988,0.250648,0.542101,-0.040511,0.25023,0.468598,-0.05272,0.254962,0.403849,-0.065553,0.180217,0.503169,-0.033344,0.150985,0.431445,-0.051995,0.129783,0.387869,-0.065029,0.10992,0.350044,-0.074803,0.152691,0.531638,-0.033172,0.116353,0.453408,-0.052042,0.091925,0.402388,-0.066746,0.069394,0.359135,-0.077758,0.134586,0.574448,-0.035178,0.093024,0.511718,-0.053713,0.06686,0.47064,-0.067135,0.043763,0.433057,-0.076263,0.123179,0.627989,-0.039172,0.084779,0.584391,-0.056685,0.060591,0.559251,-0.066728,0.037147,0.533275,-0.07343
palm_open,0.204,0.680621,0.0,0.234743,0.616058,-0.026543,0.246636,0.52969,-0.042269,0.250388,0.457275,-0.05568,0.260465,0.394225,-0.069999,0.181989,0.486764,-0.037479,0.15707,0.412142,-0.057883,0.138457,0.365375,-0.071501,0.120369,0.3243,-0.081526,0.153492,0.511919,-0.037537,0.121588,0.430141,-0.057797,0.10008,0.376727,-0.072362,0.079209,0.330373,-0.083292,0.133213,0.552848,-0.039656,0.095394,0.485416,-0.059364,0.07088,0.442414,-0.072399,0.049043,0.403695,-0.081125,0.118786,0.604564,-0.043746,0.082516,0.556678,-0.06189,0.059597,0.528989,-0.071792,0.037575,0.501399,-0.078379
palm_open,0.188618,0.647799,0.0,0.224111,0.594069,-0.028566,0.241105,0.513529,-0.04561,0.246445,0.443954,-0.060138,0.258784,0.381111,-0.076073,0.181649,0.46948,-0.042589,0.158559,0.398031,-0.065008,0.141316,0.352513,-0.08006,0.124619,0.31072,-0.091277,0.151704,0.493395,-0.042271,0.121871,0.415575,-0.063525,0.102193,0.365754,-0.078287,0.082574,0.318097,-0.089983,0.129713,0.53284,-0.044102,0.093775,0.468704,-0.064954,0.069886,0.427992,-0.077308,0.048684,0.388279,-0.086119,0.113238,0.583017,-0.048107,0.079454,0.538933,-0.067483,0.057039,0.512719,-0.077438,0.035652,0.484034,-0.084466
palm_open,0.181784,0.618177,0.0,0.21786,0.567066,-0.027256,0.237411,0.487558,-0.04313,0.24369,0.422034,-0.056676,0.258238,0.364248,-0.071832,0.178122,0.450748,-0.040435,0.156003,0.383,-0.061408,0.139578,0.33887,-0.076018,0.12385,0.297462,-0.087191,0.148499,0.476187,-0.040648,0.118579,0.401292,-0.060015,0.099975,0.354717,-0.073923,0.081422,0.309382,-0.085484,0.126755,0.514846,-0.042823,0.091826,0.451901,-0.062247,0.068836,0.412901,-0.073507,0.048176,0.375232,-0.082018,0.110757,0.562961,-0.047175,0.078068,0.520781,-0.065479,0.056658,0.496978,-0.074132,0.035661,0.471831,-0.080486
palm_open,0.18193,0.595256,0.0,0.216149,0.551909,-0.028561,0.237045,0.478651,-0.046075,0.246394,0.414676,-0.060915,0.258857,0.356191,-0.077378,0.179435,0.447589,-0.045202,0.158704,0.385489,-0.067942,0.143674,0.343802,-0.083838,0.129078,0.304213,-0.095714,0.149255,0.471059,-0.0451,0.121104,0.402993,-0.065379,0.10312,0.358458,-0.079333,0.084624,0.314776,-0.091287,0.12702,0.507475,-0.046929,0.093146,0.449657,-0.067017,0.069978,0.412567,-0.077431,0.048829,0.375761,-0.085658,0.110803,0.553587,-0.050988,0.077942,0.513483,-0.069533,0.056423,0.489517,-0.077464,0.035002,0.464553,-0.083519
palm_open,0.177269,0.573665,0.0,0.211952,0.541925,-0.031515,0.235012,0.481428,-0.051852,0.251881,0.425651,-0.069354,0.269265,0.375239,-0.088653,0.181282,0.449679,-0.052985,0.165186,0.393599,-0.077165,0.15128,0.356256,-0.093328,0.136458,0.319191,-0.105382,0.148116,0.467769,-0.051416,0.124155,0.409176,-0.072277,0.107456,0.371188,-0.0848,0.088974,0.331788,-0.096151,0.122647,0.499405,-0.051747,0.093859,0.448457,-0.071756,0.072719,0.418173,-0.080879,0.051774,0.386611,-0.088555,0.103805,0.540617,-0.054596,0.075077,0.503332,-0.072277,0.055692,0.484571,-0.079255,0.035239,0.465219,-0.08499
palm_open,0.165812,0.556303,0.0,0.202371,0.530833,-0.030278,0.23013,0.474841,-0.050128,0.249389,0.424551,-0.067513,0.268786,0.381461,-0.086595,0.176647,0.437852,-0.049916,0.1659,0.385529,-0.072909,0.155067,0.353233,-0.088361,0.141858,0.320106,-0.099755,0.142683,0.452105,-0.048182,0.124357,0.395641,-0.067356,0.110505,0.361748,-0.078528,0.094038,0.327473,-0.089052,0.115813,0.480271,-0.048388,0.091588,0.428224,-0.067216,0.072955,0.399196,-0.075565,0.052852,0.370305,-0.082768,0.095256,0.518969,-0.050995,0.069259,0.478379,-0.067342,0.051122,0.461122,-0.073234,0.030759,0.444263,-0.07836
palm_open,0.157486,0.531656,0.0,0.196196,0.513415,-0.030987,0.227156,0.459463,-0.051764,0.250021,0.414502,-0.069784,0.272531,0.3782,-0.090195,0.176521,0.423337,-0.056827,0.169916,0.373033,-0.081026,0.160864,0.341975,-0.097154,0.149683,0.308669,-0.109319,0.141892,0.433529,-0.055009,0.128678,0.378448,-0.075435,0.11692,0.346651,-0.088041,0.101807,0.31182,-0.10039,0.113733,0.457746,-0.054593,0.094592,0.40548,-0.074404,0.077604,0.376383,-0.084903,0.058657,0.347355,-0.094361,0.091732,0.492833,-0.056371,0.068457,0.452387,-0.073696,0.05032,0.43503,-0.081422,0.029944,0.418145,-0.088576
palm_open,0.150404,0.510411,0.0,0.189186,0.495445,-0.028479,0.222652,0.444466,-0.04718,0.249008,0.401765,-0.063438,0.272344,0.369547,-0.081858,0.174127,0.403391,-0.052164,0.171923,0.353819,-0.075061,0.164568,0.323977,-0.09025,0.1549,0.293472,-0.101257,0.139691,0.408844,-0.050245,0.130064,0.357257,-0.068767,0.119919,0.32592,-0.079589,0.107276,0.293069,-0.090591,0.11071,0.428599,-0.049774,0.094926,0.379204,-0.067675,0.080189,0.350982,-0.076171,0.06405,0.323451,-0.08419,0.087163,0.459549,-0.051464,0.066137,0.419951,-0.066982,0.049036,0.401539,-0.07337,0.030097,0.384519,-0.079435
palm_open,0.146772,0.498116,0.0,0.186179,0.48227,-0.026768,0.22195,0.431895,-0.044124,0.249684,0.389528,-0.059368,0.274254,0.358346,-0.076549,0.175541,0.381761,-0.046509,0.174949,0.330684,-0.068185,0.16902,0.298029,-0.082865,0.161605,0.265598,-0.093419,0.140994,0.383614,-0.045125,0.131384,0.325826,-0.062944,0.122272,0.292627,-0.073388,0.111165,0.260814,-0.083548,0.111447,0.400211,-0.045339,0.096793,0.345705,-0.062666,0.082801,0.315794,-0.070438,0.067702,0.28772,-0.077429,0.086677,0.428079,-0.047662,0.068238,0.381808,-0.062439,0.052048,0.359516,-0.067943,0.034122,0.339464,-0.072955
palm_open,0.143885,0.485208,0.0,0.186023,0.4774,-0.024831,0.227615,0.435062,-0.040748,0.257027,0.394993,-0.05502,0.284153,0.367342,-0.070617,0.186525,0.358094,-0.036417,0.190501,0.298497,-0.055366,0.18886,0.258222,-0.06905,0.184043,0.219369,-0.078897,0.153669,0.350679,-0.035885,0.150044,0.279247,-0.051679,0.144481,0.23408,-0.061371,0.13537,0.193877,-0.070073,0.123672,0.359219,-0.037328,0.11167,0.288302,-0.053436,0.100266,0.250557,-0.060529,0.087417,0.218502,-0.066007,0.09597,0.381175,-0.040942,0.07792,0.323188,-0.05448,0.063538,0.295703,-0.058841,0.047474,0.271313,-0.062291
palm_open,0.143591,0.488443,0.0,0.190979,0.488599,-0.023921,0.237514,0.452449,-0.038211,0.271047,0.413299,-0.051023,0.30076,0.386573,-0.065272,0.206419,0.345271,-0.032877,0.216551,0.270081,-0.051589,0.220799,0.222295,-0.064958,0.222767,0.179314,-0.074509,0.173896,0.328627,-0.033442,0.17801,0.238615,-0.049667,0.180458,0.184094,-0.061752,0.180391,0.134521,-0.071788,0.142206,0.331734,-0.036185,0.13757,0.24438,-0.052346,0.133439,0.191958,-0.063072,0.129197,0.145618,-0.071108,0.111168,0.348873,-0.04099,0.101752,0.277825,-0.055422,0.094203,0.235086,-0.062901,0.086872,0.192965,-0.068648
palm_open,0.155917,0.521569,0.0,0.207026,0.515023,-0.027451,0.252187,0.470988,-0.041754,0.283567,0.425766,-0.054038,0.315871,0.400633,-0.066882,0.224568,0.345822,-0.03087,0.236508,0.26529,-0.049614,0.241016,0.212294,-0.063332,0.2444,0.164502,-0.073514,0.192657,0.324149,-0.030215,0.202593,0.229675,-0.048167,0.209293,0.168597,-0.061803,0.213716,0.113404,-0.071999,0.161397,0.325293,-0.032316,0.162086,0.233509,-0.050471,0.162815,0.1748,-0.062543,0.163769,0.123307,-0.070506,0.131315,0.342789,-0.036808,0.123905,0.267396,-0.053558,0.119693,0.218153,-0.062435,0.116856,0.171367,-0.068213
palm_open,0.168604,0.557552,0.0,0.219891,0.546799,-0.027615,0.265007,0.499848,-0.042307,0.29516,0.449614,-0.054753,0.32508,0.414528,-0.0677,0.236961,0.372295,-0.032412,0.250186,0.28669,-0.052285,0.256397,0.231186,-0.066507,0.260859,0.180102,-0.077002,0.205868,0.35084,-0.032477,0.216214,0.251109,-0.052693,0.223581,0.185141,-0.068131,0.22891,0.124799,-0.079258,0.174736,0.352512,-0.03521,0.175386,0.254008,-0.05572,0.176907,0.191589,-0.069263,0.178641,0.136876,-0.077888,0.14467,0.37131,-0.040059,0.13795,0.29084,-0.059067,0.134848,0.238844,-0.06888,0.133204,0.188396,-0.075007
palm_open,0.173739,0.598253,0.0,0.226325,0.583576,-0.024271,0.271928,0.530696,-0.035351,0.302791,0.477134,-0.044465,0.331904,0.441892,-0.053536,0.244496,0.399083,-0.022321,0.257025,0.311271,-0.03818,0.262692,0.255458,-0.05064,0.266564,0.206022,-0.060142,0.213702,0.378312,-0.022765,0.223769,0.27734,-0.03985,0.23122,0.209553,-0.054293,0.236413,0.150125,-0.064396,0.182673,0.380593,-0.026012,0.184376,0.281103,-0.044434,0.18657,0.218135,-0.05764,0.18875,0.162618,-0.065633,0.151514,0.400445,-0.031183,0.146819,0.319674,-0.048883,0.143898,0.268097,-0.058161,0.142333,0.217238,-0.063526
palm_open,0.176234,0.651016,0.0,0.229571,0.628676,-0.022823,0.272923,0.571867,-0.032948,0.303363,0.5154,-0.041767,0.331751,0.474417,-0.050364,0.248443,0.437891,-0.01575,0.259103,0.346636,-0.030673,0.263293,0.290253,-0.043526,0.267337,0.240477,-0.053453,0.217233,0.419004,-0.01662,0.225174,0.315416,-0.032484,0.232457,0.248604,-0.047454,0.239278,0.19004,-0.058219,0.185776,0.422318,-0.020622,0.185207,0.323474,-0.038039,0.186323,0.260821,-0.051374,0.189051,0.205619,-0.059719,0.153958,0.4428,-0.026624,0.149193,0.362893,-0.043283,0.146644,0.311713,-0.052265,0.145863,0.260154,-0.05767
palm_open,0.175843,0.686566,0.0,0.230972,0.66591,-0.02177,0.275288,0.606404,-0.030353,0.306689,0.547794,-0.037907,0.334393,0.508651,-0.045421,0.248502,0.471345,-0.013753,0.260525,0.382609,-0.02753,0.26531,0.328008,-0.039908,0.269596,0.278878,-0.049652,0.218383,0.452822,-0.014624,0.228348,0.350391,-0.028852,0.236441,0.28444,-0.043162,0.243078,0.22656,-0.053847,0.187835,0.456302,-0.018577,0.189033,0.359426,-0.034426,0.191215,0.298314,-0.047335,0.193868,0.244327,-0.055786,0.156344,0.476748,-0.024561,0.151984,0.398495,-0.039865,0.149676,0.347876,-0.048341,0.148495,0.298318,-0.053723
palm_open,0.168027,0.710935,0.0,0.224224,0.685511,-0.022655,0.268457,0.620381,-0.028916,0.296343,0.554266,-0.034045,0.323214,0.513549,-0.038661,0.23616,0.486639,-0.00553,0.245631,0.397613,-0.016982,0.24957,0.343679,-0.028791,0.252901,0.296068,-0.037836,0.205265,0.471996,-0.004436,0.213602,0.371739,-0.015574,0.220525,0.306591,-0.028306,0.226633,0.250245,-0.037519,0.175003,0.477278,-0.007201,0.176476,0.382541,-0.020352,0.178564,0.324782,-0.031082,0.181725,0.273493,-0.037745,0.144299,0.498345,-0.012484,0.140072,0.423246,-0.025349,0.137426,0.374789,-0.032046,0.137017,0.326647,-0.035876
palm_open,0.16818,0.730461,0.0,0.224303,0.707955,-0.021573,0.268477,0.642869,-0.027885,0.296736,0.578079,-0.033196,0.322472,0.537412,-0.038185,0.235329,0.509196,-0.007685,0.243114,0.421602,-0.018884,0.246134,0.369869,-0.030044,0.249126,0.324199,-0.038818,0.204229,0.494198,-0.00731,0.210218,0.394522,-0.017872,0.216027,0.331421,-0.029949,0.221174,0.276679,-0.03913,0.174277,0.499454,-0.010528,0.172341,0.406702,-0.02351,0.172922,0.350399,-0.034667,0.174434,0.300256,-0.042045,0.144287,0.520609,-0.016078,0.138241,0.445461,-0.029206,0.134596,0.398062,-0.036519,0.133032,0.350872,-0.041169
palm_open,0.175194,0.739692,0.0,0.232478,0.713671,-0.01728,0.276443,0.647004,-0.020975,0.302436,0.583152,-0.024533,0.327579,0.54616,-0.028135,0.239798,0.523048,-0.002643,0.248611,0.440074,-0.012264,0.250871,0.388518,-0.022351,0.25253,0.343594,-0.030502,0.209647,0.509384,-0.003715,0.216392,0.4137,-0.013284,0.221502,0.351148,-0.02498,0.225417,0.29697,-0.033993,0.180847,0.514966,-0.008028,0.178728,0.424999,-0.020069,0.179373,0.369805,-0.031003,0.180829,0.321488,-0.038415,0.151145,0.536173,-0.014323,0.143861,0.464744,-0.026681,0.140069,0.418057,-0.033789,0.1384,0.372389,-0.03847
palm_open,0.183211,0.747758,0.0,0.238699,0.71882,-0.016059,0.281663,0.654907,-0.019412,0.306951,0.592943,-0.022731,0.330285,0.555497,-0.026044,0.245118,0.53652,-0.000907,0.252908,0.456173,-0.009914,0.254388,0.407135,-0.019712,0.255515,0.364608,-0.027539,0.215242,0.524103,-0.002057,0.221122,0.431342,-0.010994,0.225572,0.371424,-0.022465,0.229121,0.319772,-0.031307,0.186863,0.529873,-0.006365,0.184305,0.443124,-0.017711,0.18431,0.390031,-0.028311,0.185471,0.344012,-0.035506,0.157878,0.550424,-0.012537,0.150985,0.48178,-0.024007,0.146998,0.43735,-0.030613,0.145225,0.394091,-0.03497
palm_open,0.189099,0.764629,0.0,0.241837,0.735255,-0.016119,0.284034,0.672946,-0.019458,0.310167,0.613107,-0.022692,0.333072,0.574348,-0.025643,0.247218,0.557391,0.001058,0.25517,0.479606,-0.006772,0.256975,0.433673,-0.016071,0.258453,0.393443,-0.023444,0.218914,0.545921,0.000498,0.224536,0.455813,-0.006616,0.229072,0.398365,-0.017228,0.232588,0.348762,-0.025585,0.191448,0.551129,-0.003361,0.189116,0.468507,-0.012898,0.188831,0.418007,-0.02264,0.189623,0.373971,-0.029411,0.163288,0.569394,-0.009183,0.157407,0.504182,-0.018679,0.153658,0.463715,-0.024026,0.151662,0.424488,-0.02762
palm_open,0.188478,0.767399,0.0,0.238206,0.736347,-0.015987,0.27956,0.679095,-0.020264,0.30647,0.623775,-0.024287,0.326614,0.584411,-0.028068,0.244788,0.569476,-0.001161,0.251532,0.496219,-0.009409,0.253462,0.454289,-0.018692,0.25558,0.416563,-0.025736,0.217149,0.559032,-0.001496,0.222531,0.474094,-0.008447,0.226481,0.421629,-0.018202,0.230287,0.376024,-0.025872,0.190098,0.56447,-0.004892,0.188942,0.487765,-0.013263,0.189132,0.441096,-0.021121,0.190751,0.400227,-0.026724,0.162103,0.582941,-0.010298,0.157944,0.521679,-0.018073,0.155259,0.484224,-0.02158,0.154055,0.447854,-0.023921
palm_open,0.184983,0.776529,0.0,0.234626,0.750643,-0.016882,0.274343,0.687956,-0.019076,0.299808,0.627493,-0.020555,0.320337,0.587406,-0.021378,0.239743,0.585456,0.002969,0.24718,0.514208,-0.002739,0.249462,0.473043,-0.010461,0.251375,0.435887,-0.016629,0.213051,0.573954,0.004323,0.218954,0.491904,-0.000425,0.223358,0.440843,-0.009096,0.227038,0.396651,-0.015992,0.186622,0.577404,0.002279,0.186162,0.502875,-0.004673,0.186946,0.458517,-0.012035,0.188553,0.420479,-0.017174,0.159029,0.592692,-0.001907,0.155038,0.534179,-0.008596,0.152752,0.49817,-0.011928,0.152154,0.463665,-0.014142
palm_open,0.667792,0.863554,-0.0,0.65308,0.826609,-0.019483,0.644877,0.791126,-0.035888,0.63971,0.768149,-0.048985,0.633946,0.749406,-0.061283,0.678912,0.80075,-0.045782,0.663551,0.846774,-0.061519,0.644179,0.87805,-0.07063,0.628285,0.89779,-0.075945,0.695322,0.839837,-0.043279,0.672456,0.880397,-0.05719,0.651535,0.902902,-0.062188,0.63614,0.918207,-0.066827,0.706024,0.874508,-0.040073,0.690051,0.905206,-0.054072,0.675354,0.923158,-0.053725,0.663315,0.935773,-0.053038,0.711222,0.902786,-0.037887,0.709503,0.927514,-0.049881,0.704598,0.939402,-0.048808,0.699071,0.947472,-0.046867
palm_open,0.179539,0.776626,0.0,0.22902,0.751807,-0.017054,0.268924,0.694187,-0.020406,0.294704,0.6368,-0.023023,0.317741,0.601305,-0.025144,0.236364,0.594315,0.00123,0.244268,0.525639,-0.004891,0.246898,0.485943,-0.012641,0.249294,0.450376,-0.018775,0.209922,0.582695,0.002572,0.216433,0.502635,-0.002465,0.221215,0.453072,-0.010873,0.225486,0.410366,-0.017488,0.183983,0.586323,0.000582,0.18364,0.514472,-0.006821,0.18457,0.471524,-0.014197,0.186674,0.434405,-0.019208,0.156768,0.60148,-0.003461,0.153104,0.543977,-0.010613,0.1512,0.508512,-0.014205,0.150834,0.473804,-0.016525
palm_open,0.676213,0.917126,-0.0,0.662668,0.873117,-0.009312,0.654056,0.829843,-0.018453,0.644028,0.800356,-0.028044,0.635746,0.781601,-0.038138,0.675815,0.863547,-0.017592,0.660986,0.888342,-0.030475,0.648753,0.90151,-0.041398,0.638781,0.915576,-0.047447,0.688029,0.900757,-0.01877,0.669536,0.927845,-0.030116,0.65477,0.944607,-0.036778,0.643238,0.962143,-0.040736,0.697956,0.931684,-0.020095,0.684383,0.955316,-0.032282,0.67099,0.968871,-0.033632,0.660774,0.980075,-0.032057,0.704931,0.955658,-0.02201,0.704221,0.976934,-0.028567,0.703406,0.991897,-0.025381,0.703022,1.00381,-0.021702
palm_open,0.172338,0.769221,0.0,0.222183,0.744589,-0.016942,0.262676,0.688786,-0.019139,0.287199,0.631287,-0.020169,0.309447,0.600625,-0.020752,0.231759,0.594406,0.002495,0.24066,0.526279,-0.001771,0.243188,0.486099,-0.008534,0.245149,0.449239,-0.014204,0.205402,0.582371,0.004844,0.213259,0.503954,0.001298,0.218679,0.455095,-0.006777,0.223194,0.413125,-0.013201,0.179551,0.585292,0.004022,0.180735,0.514299,-0.001701,0.182787,0.470542,-0.009366,0.185402,0.43249,-0.014794,0.151987,0.598857,0.001196,0.149885,0.542031,-0.004809,0.149004,0.506654,-0.008622,0.149567,0.471585,-0.011208
palm_open,0.162626,0.753483,0.0,0.212166,0.728496,-0.016603,0.253782,0.67697,-0.018515,0.279328,0.62339,-0.019276,0.300111,0.588752,-0.019323,0.223938,0.582914,0.00552,0.234458,0.518008,0.003167,0.237075,0.479685,-0.002695,0.23862,0.44526,-0.007579,0.198438,0.570108,0.00834,0.207343,0.494237,0.007435,0.21285,0.447753,0.000293,0.217115,0.408571,-0.005585,0.173129,0.57186,0.007946,0.176066,0.504334,0.004646,0.178815,0.463265,-0.002136,0.181455,0.428266,-0.00713,0.146217,0.584101,0.005475,0.144742,0.529492,0.001197,0.144081,0.496307,-0.001744,0.144404,0.463945,-0.003615
palm_open,0.158662,0.722845,0.0,0.208838,0.697931,-0.01383,0.248187,0.650017,-0.014106,0.274842,0.59854,-0.013962,0.295596,0.56467,-0.013462,0.21903,0.565184,0.010596,0.228836,0.503899,0.009968,0.23137,0.468614,0.004665,0.232584,0.435382,-0.000112,0.193919,0.553468,0.012497,0.202087,0.481654,0.012903,0.207517,0.437798,0.005353,0.211602,0.399717,-0.001285,0.168499,0.555474,0.011317,0.171071,0.492495,0.009245,0.173733,0.453354,0.002484,0.176355,0.419936,-0.002969,0.141514,0.567651,0.008247,0.139435,0.516241,0.00515,0.138693,0.484235,0.002693,0.138925,0.453556,0.000727
palm_open,0.158268,0.685676,0.0,0.210425,0.664755,-0.011145,0.249844,0.623727,-0.010249,0.27732,0.57573,-0.009454,0.297674,0.543513,-0.008458,0.22183,0.550142,0.015199,0.230185,0.493099,0.017197,0.232064,0.4604,0.013353,0.232792,0.429598,0.009516,0.196493,0.537271,0.016653,0.204904,0.470969,0.020488,0.210426,0.430179,0.014396,0.214681,0.394295,0.008421,0.171001,0.53605,0.015163,0.173291,0.478306,0.016345,0.176069,0.442511,0.010858,0.178998,0.412438,0.005815,0.14386,0.543919,0.011927,0.142658,0.496162,0.012008,0.142315,0.466338,0.011113,0.143216,0.43907,0.009885
palm_open,0.160173,0.658142,0.0,0.211926,0.641463,-0.00804,0.249191,0.607389,-0.00457,0.276125,0.564784,-0.002084,0.295475,0.535245,0.000677,0.222419,0.53844,0.026414,0.232043,0.485213,0.033273,0.234501,0.455297,0.03204,0.23478,0.428846,0.03,0.19739,0.525338,0.027963,0.205749,0.463084,0.036651,0.211045,0.423765,0.031975,0.215557,0.391686,0.02681,0.172858,0.522149,0.026451,0.175267,0.468716,0.032869,0.178686,0.436587,0.029052,0.183086,0.411076,0.024441,0.146336,0.526883,0.02313,0.144487,0.485395,0.028302,0.143687,0.456814,0.029294,0.14475,0.432879,0.02873
palm_open,0.157951,0.647919,0.0,0.212124,0.63442,-0.00531,0.248634,0.601127,0.001038,0.273783,0.561095,0.00565,0.293133,0.535626,0.010445,0.220636,0.537931,0.037457,0.229598,0.487338,0.049666,0.231976,0.457934,0.051185,0.232165,0.433184,0.051,0.194938,0.525059,0.039596,0.203543,0.468352,0.05501,0.209634,0.430682,0.053537,0.215556,0.40046,0.050584,0.171041,0.519358,0.038418,0.173338,0.470336,0.051786,0.177709,0.442374,0.051946,0.183128,0.418994,0.049632,0.143656,0.520156,0.035136,0.142867,0.482626,0.046321,0.142859,0.458219,0.051064,0.144452,0.437728,0.053072
palm_open,0.150122,0.646726,0.0,0.206961,0.633499,-0.003514,0.243723,0.601354,0.004572,0.269541,0.563065,0.010336,0.290336,0.537356,0.016425,0.215972,0.541036,0.047332,0.22558,0.493308,0.064213,0.228506,0.465471,0.068891,0.228678,0.443062,0.071009,0.190254,0.527758,0.049915,0.199284,0.474243,0.07151,0.205658,0.438039,0.074149,0.211196,0.409394,0.074279,0.166316,0.521093,0.048591,0.16862,0.474231,0.067023,0.173694,0.448729,0.070625,0.179249,0.428111,0.070695,0.138269,0.520209,0.044946,0.137775,0.483741,0.05968,0.138971,0.459878,0.066542,0.141608,0.441042,0.070293
palm_open,0.144731,0.644992,0.0,0.201362,0.632868,-0.003183,0.238065,0.604398,0.004883,0.263972,0.567567,0.010537,0.28475,0.540249,0.016531,0.209823,0.5458,0.048732,0.220291,0.500174,0.066102,0.223941,0.474762,0.071281,0.224746,0.454738,0.073932,0.184313,0.532682,0.051323,0.194112,0.481232,0.074379,0.201024,0.44763,0.078012,0.206797,0.421469,0.07872,0.160659,0.526317,0.049921,0.163451,0.48084,0.069698,0.16891,0.456225,0.074132,0.174828,0.436753,0.074502,0.133194,0.525747,0.046146,0.132245,0.491201,0.062054,0.133725,0.468932,0.069794,0.136322,0.452206,0.074025
palm_open,0.141936,0.649986,0.0,0.198898,0.639556,-0.000244,0.234769,0.610985,0.010571,0.258761,0.57631,0.018622,0.278101,0.552632,0.026947,0.205289,0.555637,0.05232,0.215724,0.510638,0.070937,0.219404,0.485188,0.076883,0.22037,0.465459,0.080118,0.179453,0.54163,0.054418,0.189576,0.490812,0.078646,0.196468,0.457226,0.082574,0.20219,0.432077,0.083532,0.156002,0.534964,0.05273,0.15915,0.489764,0.073569,0.164361,0.465,0.077934,0.170129,0.446228,0.078269,0.128479,0.534026,0.048939,0.127593,0.499277,0.065995,0.128705,0.477343,0.074076,0.131019,0.461418,0.078499
palm_open,0.141102,0.64926,0.0,0.197308,0.639119,-0.000712,0.233,0.61533,0.008902,0.258014,0.583036,0.015472,0.276613,0.554531,0.02252,0.204134,0.558876,0.054003,0.213281,0.515645,0.072931,0.216848,0.490034,0.080248,0.217486,0.471902,0.085022,0.177943,0.544979,0.056354,0.187391,0.496771,0.081789,0.193635,0.46437,0.088825,0.199102,0.440303,0.09274,0.154117,0.537841,0.054506,0.156664,0.495269,0.076473,0.161856,0.471619,0.084669,0.167483,0.454083,0.088284,0.126574,0.536013,0.050166,0.125517,0.503788,0.068266,0.126272,0.483417,0.078502,0.128179,0.469183,0.08508
palm_open,0.13882,0.647217,0.0,0.196103,0.63203,0.001248,0.231178,0.607742,0.012336,0.256469,0.578395,0.019944,0.275068,0.552584,0.028281,0.202732,0.55535,0.058923,0.212478,0.51356,0.078817,0.216155,0.489588,0.086607,0.216647,0.471302,0.091853,0.177382,0.540253,0.060965,0.18706,0.494675,0.087654,0.193466,0.463489,0.095917,0.198471,0.440333,0.101131,0.153633,0.532509,0.05864,0.156252,0.491849,0.081675,0.161498,0.469885,0.091991,0.167252,0.454684,0.097528,0.126271,0.530869,0.053803,0.125269,0.500229,0.072989,0.126455,0.480974,0.084751,0.129123,0.46795,0.092836
palm_open,0.138453,0.639648,0.0,0.19659,0.623241,0.001363,0.232092,0.600722,0.012663,0.256342,0.57012,0.020465,0.273973,0.542605,0.029143,0.200447,0.550626,0.060022,0.210721,0.508882,0.07973,0.214481,0.485233,0.086963,0.214959,0.465927,0.091688,0.17512,0.535738,0.061985,0.184593,0.490712,0.087955,0.191144,0.460063,0.094721,0.196212,0.436342,0.098727,0.151582,0.527774,0.059653,0.154112,0.488192,0.082475,0.159448,0.466038,0.091976,0.165025,0.449968,0.096807,0.124458,0.526089,0.054845,0.123311,0.494972,0.074415,0.124639,0.475338,0.086123,0.127015,0.462023,0.094005
palm_open,0.139337,0.636025,0.0,0.195438,0.625515,-0.000978,0.230702,0.601238,0.008588,0.255521,0.569168,0.015308,0.272678,0.541376,0.022624,0.200851,0.544916,0.050874,0.209892,0.501385,0.067293,0.21334,0.476064,0.072496,0.21378,0.456385,0.075841,0.174622,0.530369,0.053005,0.183517,0.482722,0.075265,0.190093,0.449932,0.080252,0.195407,0.42488,0.082859,0.150645,0.5229,0.051133,0.153099,0.480625,0.070541,0.1584,0.457434,0.07787,0.164173,0.440084,0.081246,0.123096,0.521167,0.046867,0.12211,0.487751,0.062874,0.123077,0.466262,0.072457,0.125529,0.450911,0.078869
palm_open,0.129816,0.636573,0.0,0.185984,0.624773,-0.005185,0.224196,0.592392,0.002871,0.249511,0.552655,0.009154,0.269901,0.527255,0.015862,0.193969,0.524068,0.043168,0.204588,0.472726,0.058353,0.209018,0.442129,0.062102,0.209751,0.418572,0.063807,0.167172,0.509534,0.046562,0.175485,0.451834,0.066824,0.182866,0.414827,0.069049,0.188412,0.387765,0.069034,0.142074,0.504645,0.046047,0.141978,0.453807,0.062525,0.145718,0.42629,0.065099,0.149922,0.406115,0.064945,0.113458,0.507939,0.043175,0.110228,0.469237,0.055604,0.109232,0.44435,0.061093,0.109663,0.425217,0.064345
palm_open,0.118924,0.647341,0.0,0.17146,0.632237,-0.014449,0.214087,0.58595,-0.011925,0.240083,0.536669,-0.008729,0.263692,0.512035,-0.004726,0.183593,0.496951,0.018634,0.196399,0.438485,0.025382,0.201415,0.403579,0.024738,0.203978,0.374273,0.022936,0.15604,0.485232,0.023045,0.164908,0.417034,0.032911,0.171784,0.376401,0.030791,0.177009,0.344173,0.027635,0.129623,0.485887,0.023856,0.13028,0.425857,0.029568,0.13355,0.393643,0.026752,0.137553,0.367482,0.023482,0.10104,0.495577,0.022179,0.097219,0.449295,0.024657,0.095634,0.421893,0.024666,0.096552,0.397144,0.024339
palm_open,0.10334,0.642075,0.0,0.156364,0.62476,-0.017773,0.203044,0.570761,-0.018224,0.23034,0.516457,-0.017037,0.254784,0.489081,-0.015074,0.169454,0.472578,0.005142,0.184108,0.406073,0.005621,0.189449,0.366991,0.001913,0.192998,0.332818,-0.001923,0.141521,0.45864,0.008796,0.151302,0.381377,0.010891,0.157806,0.334088,0.005206,0.162624,0.295613,-1.2e-05,0.114191,0.459137,0.009225,0.114422,0.390893,0.007794,0.115074,0.35191,0.001393,0.116309,0.319998,-0.003534,0.084858,0.471207,0.007377,0.080855,0.418257,0.004253,0.078293,0.386966,0.001346,0.077687,0.356681,-0.000631
palm_open,0.083679,0.625067,0.0,0.137827,0.606853,-0.019257,0.186143,0.550725,-0.021325,0.214793,0.494042,-0.021575,0.240602,0.463735,-0.021121,0.152689,0.4454,0.000453,0.167505,0.373149,-0.002208,0.172457,0.329602,-0.007781,0.175507,0.291118,-0.013006,0.123332,0.430193,0.003371,0.133522,0.346516,0.001723,0.139687,0.294807,-0.00594,0.143926,0.251547,-0.012351,0.095038,0.431755,0.003085,0.095154,0.357067,-0.001808,0.095011,0.31354,-0.009885,0.095758,0.27549,-0.015646,0.065296,0.447522,0.000544,0.059941,0.38912,-0.005724,0.056219,0.354431,-0.010299,0.055108,0.31966,-0.013217
palm_open,0.067889,0.612119,0.0,0.122348,0.592194,-0.020795,0.170156,0.533341,-0.024364,0.200255,0.476469,-0.026072,0.226975,0.446387,-0.027077,0.137395,0.421472,-0.002875,0.151928,0.345123,-0.006666,0.157438,0.299491,-0.012878,0.160923,0.259354,-0.018548,0.10758,0.405398,-6.1e-05,0.117807,0.318131,-0.002597,0.124073,0.263741,-0.010184,0.128096,0.218854,-0.016411,0.078424,0.407164,-0.000555,0.078313,0.327603,-0.006381,0.078333,0.280558,-0.014524,0.078829,0.240355,-0.020188,0.048005,0.423933,-0.003465,0.042951,0.361423,-0.010817,0.039141,0.324584,-0.015722,0.037372,0.288038,-0.018713
palm_open,0.053351,0.607459,0.0,0.109172,0.587374,-0.021334,0.156963,0.525114,-0.025473,0.185419,0.463592,-0.027798,0.213354,0.435869,-0.029865,0.121632,0.406961,-0.007439,0.135182,0.326203,-0.014323,0.140347,0.276199,-0.022199,0.143644,0.232486,-0.029069,0.090353,0.391309,-0.005635,0.099577,0.298362,-0.012071,0.105521,0.23961,-0.021584,0.109547,0.190596,-0.02904,0.060152,0.395155,-0.007013,0.058905,0.308532,-0.0167,0.057737,0.256992,-0.026695,0.057577,0.212669,-0.033324,0.028435,0.415137,-0.010651,0.021392,0.345755,-0.021369,0.016688,0.305002,-0.028212,0.014333,0.263652,-0.032484
palm_open,0.049323,0.610355,0.0,0.102601,0.587345,-0.02362,0.147162,0.529878,-0.031814,0.17597,0.469924,-0.038152,0.2053,0.437051,-0.044441,0.108865,0.401197,-0.014562,0.120911,0.317613,-0.02598,0.125317,0.263045,-0.036323,0.128378,0.215108,-0.044736,0.077451,0.385972,-0.01326,0.083734,0.290347,-0.024631,0.087833,0.2276,-0.036217,0.090709,0.17383,-0.044813,0.046467,0.392995,-0.015099,0.043403,0.301174,-0.029044,0.041283,0.243485,-0.04018,0.040177,0.193472,-0.047282,0.015085,0.416827,-0.019178,0.005263,0.344496,-0.033617,-0.001181,0.298033,-0.041966,-0.005181,0.25185,-0.04685
palm_open,0.041131,0.616668,0.0,0.094904,0.592683,-0.024498,0.138805,0.53671,-0.034147,0.169831,0.47851,-0.041934,0.199533,0.444416,-0.049504,0.100147,0.404782,-0.015986,0.112108,0.316997,-0.028326,0.115559,0.260059,-0.039083,0.117655,0.209311,-0.047746,0.068061,0.388616,-0.015025,0.074334,0.290499,-0.027528,0.078268,0.223819,-0.040225,0.080476,0.166767,-0.049558,0.036026,0.396843,-0.017194,0.030522,0.30386,-0.032339,0.027297,0.243969,-0.044775,0.024982,0.192324,-0.052645,0.004565,0.422701,-0.021606,-0.006251,0.351626,-0.036812,-0.013366,0.305752,-0.045638,-0.018423,0.26133,-0.050809
palm_open,0.026443,0.614657,0.0,0.082333,0.592363,-0.022306,0.128468,0.536472,-0.030653,0.160944,0.479336,-0.037576,0.191155,0.448633,-0.044402,0.089894,0.404341,-0.013126,0.103821,0.316225,-0.024328,0.107888,0.259787,-0.034516,0.110623,0.209594,-0.042709,0.057499,0.38751,-0.012898,0.065772,0.288526,-0.023782,0.070712,0.221618,-0.035436,0.073839,0.165435,-0.043956,0.025405,0.394621,-0.015702,0.021591,0.299846,-0.02925,0.019341,0.238462,-0.041044,0.017759,0.186426,-0.048507,-0.006025,0.41986,-0.020687,-0.017809,0.350435,-0.03469,-0.0257,0.301692,-0.043102,-0.031008,0.254844,-0.047944
palm_open,0.0151,0.617411,0.0,0.069725,0.596203,-0.021005,0.116604,0.54023,-0.02833,0.149652,0.481878,-0.034664,0.179479,0.451128,-0.040777,0.078768,0.403621,-0.008477,0.092258,0.315686,-0.018279,0.095333,0.258453,-0.027865,0.09763,0.208844,-0.035734,0.045962,0.386496,-0.008091,0.051985,0.28516,-0.017485,0.055426,0.218902,-0.028478,0.057842,0.163225,-0.036656,0.014227,0.392563,-0.010813,0.009735,0.298988,-0.021931,0.006153,0.239709,-0.032199,0.003699,0.189097,-0.03915,-0.016641,0.416471,-0.015835,-0.029724,0.349821,-0.026731,-0.037436,0.304826,-0.033246,-0.042287,0.262281,-0.037173
palm_open,0.010459,0.626113,0.0,0.065211,0.604775,-0.020728,0.109947,0.548856,-0.027239,0.141489,0.491883,-0.032705,0.17017,0.460786,-0.037825,0.071309,0.409643,-0.004686,0.083284,0.323347,-0.012892,0.0853,0.267359,-0.021884,0.086443,0.218644,-0.029416,0.038037,0.393818,-0.004195,0.042114,0.292266,-0.01217,0.044935,0.225557,-0.022729,0.046821,0.169522,-0.030682,0.006238,0.400499,-0.007055,0.000832,0.306997,-0.017568,-0.001224,0.247451,-0.027633,-0.002503,0.195945,-0.034338,-0.024247,0.423271,-0.012268,-0.033831,0.352431,-0.022929,-0.038692,0.304514,-0.029148,-0.040457,0.259025,-0.032915
palm_open,0.010936,0.634868,0.0,0.066489,0.61778,-0.020136,0.112849,0.5622,-0.026458,0.14432,0.504801,-0.031628,0.173112,0.475974,-0.036478,0.073803,0.423754,-0.005077,0.085189,0.336991,-0.012788,0.08671,0.280765,-0.021245,0.087353,0.23308,-0.02839,0.040836,0.407268,-0.004754,0.04471,0.304334,-0.01206,0.046756,0.237562,-0.021798,0.047264,0.181937,-0.029149,0.009644,0.412857,-0.007629,0.003731,0.319725,-0.017287,0.001997,0.260238,-0.026494,0.000692,0.208799,-0.032666,-0.020686,0.435034,-0.012895,-0.030028,0.362656,-0.02234,-0.03337,0.313557,-0.027811,-0.03364,0.265823,-0.031293
palm_open,0.027104,0.649435,0.0,0.084111,0.628878,-0.021385,0.131177,0.572746,-0.027558,0.162665,0.514578,-0.032621,0.192579,0.484922,-0.037238,0.09015,0.439794,-0.005736,0.101603,0.352282,-0.01454,0.104968,0.296708,-0.023537,0.106985,0.24867,-0.030967,0.057093,0.422682,-0.004644,0.062888,0.32287,-0.013723,0.066281,0.256539,-0.024423,0.067121,0.202647,-0.031861,0.024806,0.429275,-0.006967,0.018282,0.33285,-0.019595,0.014511,0.272551,-0.031262,0.011175,0.221368,-0.038259,-0.0065,0.453389,-0.011454,-0.021472,0.384059,-0.024684,-0.031481,0.338625,-0.032499,-0.038763,0.295325,-0.036729
palm_open,0.06356,0.669274,0.0,0.115404,0.639149,-0.021122,0.16126,0.577889,-0.030849,0.190439,0.523501,-0.03986,0.219048,0.493232,-0.049232,0.120046,0.450085,-0.018453,0.129099,0.364714,-0.032819,0.132684,0.31088,-0.044606,0.134627,0.262675,-0.053597,0.086993,0.434827,-0.020149,0.091528,0.334139,-0.033812,0.095532,0.268946,-0.045633,0.097045,0.213988,-0.054461,0.055179,0.442555,-0.024683,0.047576,0.34526,-0.03961,0.043247,0.28364,-0.051319,0.039918,0.23269,-0.059047,0.023503,0.468038,-0.031289,0.007997,0.388045,-0.045204,-0.000809,0.337848,-0.052974,-0.007002,0.2917,-0.057995
palm_open,0.100915,0.676055,0.0,0.153598,0.648995,-0.020693,0.197165,0.591204,-0.030623,0.224687,0.535041,-0.039848,0.252884,0.502189,-0.04936,0.155131,0.462686,-0.018793,0.164425,0.376892,-0.033182,0.168145,0.323753,-0.04423,0.171047,0.276845,-0.052526,0.123424,0.446731,-0.020017,0.126635,0.345973,-0.033364,0.130144,0.284354,-0.043838,0.131398,0.23226,-0.051315,0.093088,0.453569,-0.023896,0.084675,0.358481,-0.038282,0.080858,0.299143,-0.048403,0.077984,0.247415,-0.05494,0.064002,0.478984,-0.0298,0.047523,0.405274,-0.04385,0.03829,0.357767,-0.051011,0.031399,0.31184,-0.055266
palm_open,0.137928,0.692747,0.0,0.190865,0.669669,-0.020533,0.232945,0.612371,-0.030071,0.25874,0.555955,-0.038881,0.284459,0.525376,-0.047799,0.193338,0.482032,-0.017969,0.202617,0.396097,-0.032411,0.206799,0.34449,-0.043344,0.210376,0.298605,-0.051472,0.161841,0.466458,-0.019182,0.166029,0.36606,-0.033217,0.170456,0.305185,-0.044057,0.172967,0.253018,-0.051477,0.13187,0.473356,-0.022997,0.123704,0.379602,-0.037658,0.120436,0.320866,-0.047454,0.118388,0.269605,-0.053424,0.103556,0.498843,-0.028856,0.088379,0.423987,-0.042673,0.080262,0.375944,-0.049329,0.074391,0.329092,-0.053075
palm_open,0.170609,0.713743,0.0,0.22228,0.692934,-0.019934,0.263194,0.637143,-0.029737,0.290965,0.582535,-0.038957,0.317822,0.552996,-0.048423,0.231579,0.507287,-0.018382,0.240644,0.422194,-0.033183,0.244852,0.371241,-0.044488,0.248254,0.325145,-0.052936,0.200219,0.489293,-0.020118,0.205343,0.390812,-0.034124,0.210439,0.331604,-0.044797,0.213543,0.279916,-0.052084,0.169856,0.493842,-0.024393,0.16331,0.400575,-0.038862,0.16115,0.344454,-0.047997,0.160235,0.294927,-0.053467,0.14126,0.517233,-0.030699,0.127174,0.442787,-0.04414,0.1202,0.395787,-0.050116,0.115848,0.350626,-0.053288
palm_open,0.193205,0.726342,0.0,0.245535,0.708659,-0.017373,0.289697,0.656006,-0.02511,0.320928,0.605042,-0.032716,0.34847,0.580557,-0.040738,0.263332,0.529966,-0.013944,0.275445,0.448025,-0.026708,0.28121,0.398712,-0.037026,0.286117,0.354727,-0.044989,0.233581,0.510594,-0.016215,0.241549,0.415439,-0.028501,0.248076,0.358453,-0.039047,0.252209,0.309198,-0.046509,0.204264,0.512899,-0.020873,0.201003,0.42236,-0.034011,0.200382,0.368278,-0.043263,0.200429,0.32034,-0.049065,0.175611,0.5326,-0.027376,0.164782,0.459784,-0.039828,0.159664,0.414647,-0.045691,0.156756,0.370985,-0.049017
palm_open,0.222136,0.735258,0.0,0.269914,0.717932,-0.020223,0.312984,0.67005,-0.029636,0.34322,0.623836,-0.038438,0.371279,0.596327,-0.047374,0.287904,0.546307,-0.016908,0.300955,0.467954,-0.031225,0.3083,0.420191,-0.042813,0.31513,0.377032,-0.051403,0.259684,0.527254,-0.017894,0.268946,0.436568,-0.030718,0.276877,0.379807,-0.041496,0.283227,0.330567,-0.049461,0.231487,0.529368,-0.021687,0.22955,0.44283,-0.035102,0.230405,0.38937,-0.044672,0.232817,0.343398,-0.051019,0.203385,0.547605,-0.027656,0.194867,0.478244,-0.04035,0.189985,0.433678,-0.046902,0.187576,0.391395,-0.050987
palm_open,0.242316,0.726245,0.0,0.288623,0.709762,-0.018146,0.330849,0.659168,-0.026671,0.359806,0.616061,-0.034696,0.386213,0.590977,-0.043081,0.305673,0.543656,-0.016183,0.317418,0.470942,-0.030314,0.325142,0.42623,-0.041776,0.332624,0.385121,-0.05036,0.278373,0.528439,-0.018273,0.288605,0.441007,-0.031394,0.296508,0.385702,-0.042743,0.302895,0.335922,-0.051184,0.251464,0.533647,-0.022889,0.249716,0.449742,-0.036696,0.250105,0.396574,-0.046954,0.251935,0.349398,-0.05384,0.224911,0.554078,-0.029396,0.216673,0.487729,-0.042266,0.211934,0.442787,-0.049217,0.20959,0.39867,-0.053843
palm_open,0.262431,0.706925,0.0,0.307477,0.693942,-0.018812,0.348463,0.649068,-0.027817,0.377423,0.606832,-0.035932,0.403563,0.579616,-0.044276,0.325192,0.535043,-0.016584,0.338125,0.465402,-0.030008,0.345631,0.421264,-0.040736,0.352289,0.381329,-0.048866,0.299119,0.51979,-0.017899,0.31028,0.43598,-0.030731,0.318563,0.382839,-0.041734,0.324947,0.335475,-0.049929,0.273114,0.524404,-0.021743,0.272282,0.442918,-0.035689,0.273113,0.39116,-0.045967,0.275526,0.344584,-0.05288,0.247304,0.543865,-0.02742,0.240145,0.480043,-0.040711,0.236097,0.437411,-0.047975,0.234887,0.394958,-0.052801
palm_open,0.281124,0.696204,0.0,0.32479,0.685351,-0.018419,0.365543,0.643442,-0.027269,0.393947,0.603821,-0.035125,0.4197,0.579374,-0.043149,0.343563,0.531482,-0.016699,0.356725,0.463435,-0.029738,0.364324,0.420725,-0.040055,0.371062,0.382267,-0.047768,0.318333,0.51529,-0.017823,0.330296,0.434187,-0.030272,0.33896,0.381992,-0.040752,0.345593,0.335805,-0.048388,0.292901,0.517969,-0.021359,0.293713,0.438154,-0.034817,0.295431,0.387808,-0.044554,0.298363,0.343316,-0.050884,0.267422,0.535001,-0.026667,0.261391,0.471796,-0.039479,0.25823,0.42985,-0.046335,0.257688,0.388603,-0.050658
palm_open,0.294279,0.698973,0.0,0.336225,0.690279,-0.019096,0.375592,0.652599,-0.028178,0.403473,0.614553,-0.036126,0.428935,0.591035,-0.043929,0.357577,0.536423,-0.01465,0.372306,0.470787,-0.026921,0.38036,0.429072,-0.03722,0.387441,0.391868,-0.044978,0.333889,0.517609,-0.015017,0.346675,0.438656,-0.026545,0.35631,0.38792,-0.036978,0.363926,0.343501,-0.044554,0.309294,0.517554,-0.017931,0.311705,0.439996,-0.030396,0.315027,0.392068,-0.040084,0.319258,0.350197,-0.04635,0.284154,0.532102,-0.022687,0.279339,0.470297,-0.034609,0.277658,0.429276,-0.041226,0.278365,0.389507,-0.045309
palm_open,0.301947,0.712774,0.0,0.344886,0.704391,-0.018227,0.382876,0.66641,-0.026341,0.409013,0.625445,-0.03343,0.432793,0.599465,-0.040567,0.364694,0.554252,-0.014865,0.378549,0.488866,-0.026801,0.385507,0.447157,-0.036579,0.391753,0.409123,-0.044185,0.341097,0.535284,-0.015444,0.353136,0.457919,-0.027076,0.362202,0.409551,-0.037293,0.369819,0.366359,-0.044953,0.316914,0.535288,-0.018432,0.319129,0.460406,-0.03109,0.322804,0.413815,-0.040447,0.327627,0.371524,-0.046717,0.292536,0.548945,-0.023159,0.288526,0.487769,-0.035567,0.28687,0.447628,-0.04219,0.287264,0.408721,-0.04645
palm_open,0.305974,0.73573,0.0,0.348512,0.726417,-0.015541,0.383892,0.68286,-0.020551,0.410864,0.640491,-0.025143,0.434051,0.616604,-0.029715,0.365819,0.573935,-0.006743,0.378014,0.50867,-0.015618,0.383702,0.468472,-0.024209,0.388474,0.432091,-0.0312,0.342858,0.556825,-0.007411,0.353867,0.481031,-0.016252,0.362536,0.433177,-0.025791,0.369608,0.390991,-0.033073,0.319499,0.556962,-0.010675,0.320784,0.484698,-0.021281,0.323249,0.439901,-0.030554,0.326788,0.400005,-0.036783,0.295998,0.570382,-0.015627,0.292359,0.511178,-0.026241,0.29035,0.474024,-0.032373,0.290553,0.437736,-0.036436
palm_open,0.308757,0.746315,0.0,0.350578,0.735627,-0.015117,0.385387,0.691092,-0.019263,0.410264,0.646439,-0.022972,0.432702,0.622721,-0.026537,0.364229,0.588432,-0.00515,0.374532,0.525162,-0.012892,0.379285,0.487165,-0.020596,0.38379,0.452466,-0.026897,0.341482,0.572657,-0.005177,0.350278,0.499937,-0.012605,0.357636,0.454552,-0.020755,0.364142,0.413934,-0.0271,0.319171,0.572949,-0.007847,0.319056,0.505054,-0.017013,0.320184,0.462634,-0.025011,0.322809,0.424231,-0.03051,0.297073,0.585626,-0.012284,0.292624,0.530111,-0.021386,0.290043,0.495902,-0.026507,0.289781,0.462352,-0.030001
palm_open,0.308753,0.746138,0.0,0.350663,0.73475,-0.01353,0.385436,0.68775,-0.016231,0.410024,0.643853,-0.018537,0.431027,0.623284,-0.020566,0.362901,0.591698,-0.002565,0.370914,0.530485,-0.008743,0.374226,0.493971,-0.015223,0.377409,0.462129,-0.020576,0.340084,0.577188,-0.002376,0.346845,0.50688,-0.008363,0.352536,0.463675,-0.015492,0.35781,0.426209,-0.021041,0.318074,0.577431,-0.004691,0.316893,0.513233,-0.012313,0.317274,0.47375,-0.019333,0.319153,0.438836,-0.024158,0.296,0.588968,-0.008669,0.290903,0.53675,-0.01627,0.287691,0.504105,-0.020847,0.286854,0.471536,-0.023997
palm_open,0.304548,0.74298,0.0,0.345511,0.729876,-0.01371,0.379985,0.682966,-0.016566,0.403333,0.639803,-0.018806,0.423338,0.616097,-0.020748,0.357097,0.588288,-0.003204,0.365846,0.530326,-0.009004,0.369732,0.495255,-0.015185,0.373145,0.463701,-0.020286,0.334645,0.574506,-0.002752,0.342038,0.507734,-0.008205,0.347981,0.466756,-0.014801,0.352745,0.430433,-0.019866,0.312664,0.575313,-0.004719,0.312184,0.51325,-0.011753,0.312944,0.475608,-0.018078,0.314552,0.44132,-0.022343,0.290778,0.587272,-0.008328,0.286068,0.53635,-0.0155,0.283602,0.504338,-0.019615,0.283081,0.471938,-0.022271
palm_open,0.300025,0.741007,0.0,0.339485,0.723504,-0.014543,0.372338,0.677408,-0.01912,0.393353,0.634754,-0.023051,0.411835,0.605133,-0.026737,0.347979,0.579431,-0.006805,0.354385,0.519169,-0.014833,0.358206,0.481727,-0.022493,0.361665,0.447698,-0.028544,0.325707,0.567334,-0.007092,0.331405,0.497621,-0.01479,0.336986,0.452422,-0.022743,0.341627,0.412541,-0.028519,0.303729,0.571246,-0.009705,0.300835,0.504478,-0.018811,0.300918,0.46324,-0.02608,0.302418,0.425976,-0.030668,0.281953,0.5879,-0.013935,0.275306,0.533477,-0.023175,0.271888,0.499589,-0.028241,0.270531,0.465793,-0.031176
palm_open,0.294029,0.733272,0.0,0.33381,0.71362,-0.014662,0.366314,0.667821,-0.020638,0.387066,0.62583,-0.026034,0.405751,0.595985,-0.031362,0.342009,0.571218,-0.009752,0.348494,0.509227,-0.019716,0.351667,0.470539,-0.028272,0.354648,0.434994,-0.034927,0.319572,0.559847,-0.010965,0.32559,0.487989,-0.021188,0.330832,0.440455,-0.030354,0.335147,0.398285,-0.036874,0.297403,0.565741,-0.014333,0.294429,0.498026,-0.025444,0.294403,0.45433,-0.033207,0.295718,0.414052,-0.038088,0.275618,0.585106,-0.019238,0.268779,0.530916,-0.030242,0.265354,0.495097,-0.035869,0.263829,0.457927,-0.03914
palm_open,0.289542,0.719978,0.0,0.328887,0.699965,-0.015189,0.362015,0.652233,-0.022021,0.383991,0.610495,-0.02819,0.403091,0.579908,-0.034455,0.338398,0.560387,-0.013423,0.346419,0.49714,-0.024688,0.350253,0.458285,-0.033685,0.353916,0.42199,-0.040677,0.315695,0.549257,-0.014945,0.322495,0.477243,-0.026436,0.327856,0.429603,-0.03613,0.332311,0.386078,-0.043167,0.293534,0.555684,-0.018486,0.290084,0.487977,-0.030513,0.289986,0.444098,-0.038661,0.291545,0.403282,-0.044006,0.272002,0.575995,-0.023552,0.264054,0.522884,-0.035186,0.25999,0.487135,-0.041197,0.258234,0.449805,-0.044943
palm_open,0.285007,0.698376,0.0,0.324526,0.680706,-0.016782,0.358234,0.63545,-0.025461,0.381638,0.595411,-0.033342,0.403142,0.567518,-0.041525,0.337939,0.548327,-0.01743,0.346443,0.48373,-0.030286,0.35078,0.444532,-0.040095,0.355492,0.40771,-0.047671,0.314887,0.536901,-0.01901,0.322187,0.464582,-0.031659,0.327805,0.41708,-0.041996,0.333199,0.372522,-0.04968,0.292195,0.54311,-0.02266,0.28971,0.475027,-0.035812,0.28973,0.430648,-0.044711,0.291726,0.38884,-0.050681,0.27003,0.563078,-0.027889,0.262544,0.509751,-0.040432,0.258133,0.473676,-0.04705,0.256242,0.43564,-0.051372
palm_open,0.283165,0.670774,0.0,0.323138,0.658088,-0.01751,0.359517,0.617948,-0.027823,0.384134,0.581752,-0.037017,0.407543,0.557279,-0.046953,0.339628,0.534426,-0.024329,0.349825,0.471934,-0.039287,0.355448,0.433943,-0.049848,0.361555,0.397551,-0.057899,0.316319,0.523366,-0.02623,0.324643,0.452361,-0.040964,0.331498,0.406736,-0.052007,0.33825,0.362272,-0.060356,0.293526,0.529935,-0.029818,0.291659,0.462712,-0.044727,0.292145,0.418837,-0.054315,0.294806,0.377411,-0.060914,0.271385,0.549866,-0.034815,0.263463,0.497447,-0.048743,0.258998,0.461871,-0.056068,0.257435,0.42453,-0.061052
palm_open,0.283427,0.651937,0.0,0.322634,0.643883,-0.018759,0.359172,0.608877,-0.030002,0.383772,0.574713,-0.039757,0.407635,0.548887,-0.050256,0.340128,0.527285,-0.027308,0.352506,0.466691,-0.043299,0.360129,0.429804,-0.054094,0.367439,0.394547,-0.062073,0.317467,0.515124,-0.028721,0.32813,0.446886,-0.044121,0.336151,0.403304,-0.054895,0.343192,0.360743,-0.062875,0.294841,0.520304,-0.031824,0.294202,0.45511,-0.047132,0.295929,0.412298,-0.056215,0.299538,0.371804,-0.062369,0.272963,0.538593,-0.036391,0.265457,0.487145,-0.050675,0.261708,0.452151,-0.057724,0.260441,0.415853,-0.062337
palm_open,0.284002,0.644324,0.0,0.322869,0.640385,-0.01955,0.359404,0.608987,-0.031174,0.38518,0.576571,-0.041185,0.410755,0.554327,-0.051944,0.342148,0.522511,-0.027617,0.355503,0.463677,-0.043806,0.364019,0.427306,-0.054782,0.372067,0.392916,-0.062815,0.319113,0.507826,-0.028689,0.330393,0.440885,-0.043943,0.339208,0.398146,-0.054451,0.347052,0.356791,-0.062191,0.295732,0.511026,-0.031581,0.2965,0.445659,-0.046886,0.298721,0.403213,-0.055835,0.302942,0.363468,-0.061794,0.272932,0.527717,-0.036014,0.266392,0.475581,-0.050298,0.26333,0.440727,-0.057232,0.262844,0.405027,-0.061661
palm_open,0.281754,0.648118,0.0,0.320729,0.645199,-0.020732,0.357389,0.615348,-0.031622,0.383426,0.583208,-0.040774,0.408032,0.560751,-0.050174,0.343679,0.517388,-0.023182,0.358084,0.457395,-0.037798,0.366644,0.419611,-0.048625,0.374203,0.384603,-0.056643,0.320956,0.499144,-0.023022,0.333368,0.430613,-0.037082,0.342309,0.386266,-0.047853,0.349779,0.3452,-0.055551,0.297415,0.499012,-0.025048,0.300685,0.43081,-0.039565,0.30353,0.387615,-0.048838,0.307526,0.347839,-0.05473,0.273813,0.512486,-0.028817,0.270227,0.458614,-0.04258,0.268395,0.422858,-0.049534,0.268571,0.386379,-0.053706
palm_open,0.280849,0.666214,0.0,0.319412,0.665036,-0.01904,0.354946,0.633357,-0.027309,0.383277,0.601241,-0.033937,0.407096,0.581447,-0.040284,0.34579,0.53027,-0.01636,0.361845,0.469009,-0.027147,0.370629,0.430747,-0.035824,0.377713,0.396392,-0.042643,0.324314,0.508736,-0.015847,0.337783,0.437589,-0.026214,0.347684,0.391938,-0.035232,0.355534,0.352704,-0.041828,0.301113,0.504855,-0.017708,0.306415,0.435038,-0.02941,0.310503,0.390787,-0.038541,0.315127,0.351577,-0.044459,0.277041,0.515257,-0.021272,0.275226,0.458248,-0.033222,0.274193,0.421125,-0.039978,0.275279,0.384592,-0.044129
palm_open,0.27772,0.690898,0.0,0.318078,0.689165,-0.016509,0.355133,0.653013,-0.021943,0.382672,0.615703,-0.026271,0.40561,0.595078,-0.030406,0.343826,0.551435,-0.009838,0.360605,0.490664,-0.01867,0.369108,0.453041,-0.026581,0.376191,0.420238,-0.032927,0.323424,0.531504,-0.009499,0.337908,0.459653,-0.018254,0.348313,0.414598,-0.027146,0.356757,0.3758,-0.033858,0.301287,0.527594,-0.011576,0.307234,0.458208,-0.022094,0.311955,0.415745,-0.031048,0.316975,0.378243,-0.03702,0.277571,0.535756,-0.015227,0.27761,0.479233,-0.025951,0.277975,0.443826,-0.032146,0.279855,0.409052,-0.036172
palm_open,0.279061,0.704378,0.0,0.319857,0.698339,-0.015266,0.357593,0.663423,-0.019823,0.383591,0.625358,-0.023712,0.406629,0.605195,-0.027339,0.343516,0.564254,-0.00568,0.360113,0.507305,-0.013647,0.367775,0.471339,-0.021376,0.374171,0.439316,-0.027535,0.323153,0.545654,-0.005481,0.337267,0.477201,-0.013003,0.346695,0.434253,-0.021414,0.354332,0.396462,-0.027899,0.301803,0.542292,-0.007797,0.307437,0.477787,-0.016979,0.311524,0.438169,-0.025019,0.315737,0.403409,-0.030543,0.278902,0.5502,-0.011764,0.278821,0.498519,-0.021001,0.278386,0.466233,-0.026139,0.27909,0.434894,-0.029491
palm_open,0.284178,0.711359,0.0,0.324794,0.702276,-0.01478,0.36231,0.663986,-0.018252,0.387312,0.624271,-0.020981,0.409158,0.603256,-0.023299,0.345471,0.569883,-0.003343,0.359951,0.512563,-0.00976,0.366486,0.477759,-0.016428,0.372161,0.447937,-0.021738,0.324334,0.553083,-0.002467,0.336489,0.486715,-0.008091,0.34475,0.445408,-0.015273,0.351691,0.410184,-0.020932,0.30302,0.550251,-0.004207,0.307161,0.488315,-0.011514,0.31015,0.450561,-0.018591,0.31375,0.418162,-0.023629,0.280544,0.558037,-0.007667,0.279485,0.509467,-0.015114,0.278411,0.479718,-0.019451,0.278914,0.450783,-0.022408
palm_open,0.293904,0.716446,0.0,0.333694,0.702682,-0.01504,0.369624,0.661497,-0.018789,0.393147,0.620035,-0.021686,0.414138,0.595614,-0.024157,0.348921,0.569914,-0.0043,0.360555,0.511386,-0.010658,0.365112,0.476199,-0.017271,0.368981,0.444621,-0.022584,0.326941,0.55589,-0.003367,0.33593,0.488684,-0.008864,0.34263,0.446853,-0.015949,0.348217,0.411286,-0.021528,0.305465,0.555898,-0.004987,0.306579,0.494475,-0.011915,0.3085,0.456735,-0.018734,0.311498,0.424438,-0.02361,0.283543,0.566506,-0.00838,0.279835,0.518658,-0.015516,0.277601,0.488102,-0.019708,0.277458,0.45882,-0.022514
palm_open,0.308491,0.713168,0.0,0.347344,0.695578,-0.01679,0.380411,0.647708,-0.021336,0.400916,0.598063,-0.024552,0.420095,0.56549,-0.027483,0.35531,0.561847,-0.007961,0.363767,0.501063,-0.015338,0.366827,0.464824,-0.022273,0.369228,0.432547,-0.027815,0.33228,0.551221,-0.006353,0.337802,0.481395,-0.012991,0.342199,0.437886,-0.020794,0.345818,0.400342,-0.026904,0.310466,0.555171,-0.007191,0.308315,0.492094,-0.015457,0.307956,0.452965,-0.023129,0.309288,0.418544,-0.028513,0.288939,0.570342,-0.009769,0.282384,0.522051,-0.018635,0.278287,0.490551,-0.024038,0.27678,0.459653,-0.027504
palm_open,0.323937,0.701706,0.0,0.359618,0.682458,-0.017093,0.386998,0.633972,-0.022806,0.401336,0.582367,-0.02706,0.420459,0.551434,-0.030796,0.362381,0.547961,-0.009379,0.371378,0.485844,-0.017458,0.374147,0.446887,-0.024307,0.375692,0.413518,-0.029577,0.339572,0.537762,-0.007731,0.343494,0.465119,-0.014952,0.345809,0.419816,-0.021919,0.347051,0.382131,-0.026896,0.318647,0.543186,-0.00843,0.314686,0.478446,-0.017094,0.312503,0.438458,-0.023828,0.311415,0.40394,-0.028181,0.298371,0.561234,-0.010814,0.289208,0.514531,-0.019916,0.283564,0.484388,-0.024645,0.279974,0.454669,-0.027233
palm_open,0.331382,0.690835,0.0,0.364958,0.67075,-0.018317,0.390113,0.621113,-0.024634,0.404713,0.569832,-0.029263,0.424059,0.537878,-0.033244,0.367535,0.52881,-0.009161,0.377884,0.465789,-0.017197,0.381299,0.424227,-0.024742,0.382839,0.387637,-0.030568,0.346258,0.519508,-0.006864,0.351511,0.447275,-0.013823,0.354672,0.40008,-0.021196,0.356289,0.359771,-0.026519,0.32607,0.526274,-0.007027,0.323684,0.461446,-0.015386,0.32181,0.421217,-0.022069,0.319919,0.386007,-0.026299,0.305955,0.545841,-0.009059,0.299344,0.497873,-0.017533,0.294699,0.467672,-0.021613,0.290599,0.437741,-0.023717
palm_open,0.333428,0.680896,0.0,0.365632,0.661672,-0.020523,0.389239,0.60886,-0.026735,0.403571,0.552948,-0.030674,0.423578,0.521348,-0.033568,0.373145,0.514698,-0.008626,0.385392,0.449923,-0.016233,0.389943,0.407023,-0.023808,0.392588,0.36936,-0.029578,0.353506,0.503974,-0.00456,0.361939,0.431234,-0.010432,0.366606,0.381873,-0.016933,0.369407,0.341326,-0.021531,0.334153,0.509813,-0.003373,0.334203,0.444428,-0.01076,0.33358,0.403548,-0.016751,0.332925,0.368315,-0.020428,0.314464,0.527959,-0.004395,0.310415,0.481022,-0.012135,0.307334,0.451629,-0.015851,0.305126,0.422118,-0.017658
palm_open,0.327676,0.664962,0.0,0.360083,0.642031,-0.021589,0.381946,0.591895,-0.02887,0.395036,0.537488,-0.033852,0.414644,0.50362,-0.037722,0.370858,0.502807,-0.009761,0.384735,0.437056,-0.018513,0.389749,0.393349,-0.026711,0.393195,0.35527,-0.032731,0.351611,0.490787,-0.00528,0.362358,0.417157,-0.0118,0.367943,0.368728,-0.018443,0.372134,0.328204,-0.023074,0.332718,0.49593,-0.003795,0.335454,0.429375,-0.011338,0.336842,0.389,-0.016938,0.338241,0.354658,-0.020373,0.313749,0.513557,-0.00464,0.311955,0.46795,-0.011564,0.310523,0.439446,-0.014427,0.309301,0.412589,-0.015767
palm_open,0.318102,0.642168,0.0,0.347968,0.620936,-0.026686,0.368451,0.574202,-0.036959,0.377854,0.518781,-0.044152,0.39605,0.481622,-0.05012,0.360052,0.478522,-0.015149,0.373935,0.412848,-0.025735,0.378679,0.371568,-0.035056,0.382141,0.333851,-0.041827,0.340986,0.466078,-0.008839,0.351445,0.393319,-0.017181,0.356364,0.345868,-0.025093,0.360482,0.304925,-0.03061,0.322983,0.471372,-0.005884,0.326755,0.407315,-0.015246,0.327515,0.367637,-0.021735,0.328902,0.333693,-0.025674,0.304324,0.489909,-0.005588,0.302909,0.444759,-0.014287,0.30225,0.418317,-0.01793,0.302105,0.394529,-0.019639
palm_open,0.302435,0.628434,0.0,0.329453,0.609852,-0.032015,0.345371,0.558278,-0.043209,0.354102,0.498912,-0.049645,0.372713,0.456703,-0.054262,0.339348,0.458634,-0.018595,0.355002,0.386394,-0.028856,0.360748,0.34141,-0.037931,0.36447,0.300184,-0.044319,0.322833,0.446662,-0.008581,0.336085,0.369319,-0.015877,0.341683,0.317654,-0.023301,0.345497,0.273505,-0.02832,0.306301,0.453228,-0.002324,0.313857,0.385943,-0.011144,0.315047,0.344588,-0.01793,0.316322,0.309343,-0.021729,0.289456,0.472754,0.000908,0.29075,0.425951,-0.00766,0.290909,0.39832,-0.011838,0.291335,0.372843,-0.013729
palm_open,0.290294,0.619534,0.0,0.313884,0.601894,-0.037794,0.326524,0.552395,-0.051782,0.33296,0.496337,-0.059816,0.348211,0.45097,-0.066188,0.323807,0.446521,-0.027734,0.339614,0.370803,-0.039005,0.345087,0.323682,-0.049224,0.34865,0.280947,-0.056454,0.30847,0.435327,-0.0145,0.322964,0.354984,-0.021888,0.32817,0.301705,-0.030533,0.331606,0.255522,-0.037045,0.293929,0.441065,-0.004937,0.303485,0.371268,-0.012355,0.305037,0.327506,-0.020889,0.306211,0.291742,-0.026872,0.27922,0.459884,0.001101,0.282144,0.413663,-0.005687,0.281942,0.384088,-0.010934,0.280799,0.359102,-0.01452
palm_open,0.280728,0.620208,0.0,0.302038,0.602098,-0.044629,0.312351,0.552316,-0.061714,0.317791,0.495652,-0.071716,0.33422,0.447076,-0.080196,0.311335,0.438561,-0.031085,0.326255,0.361564,-0.041765,0.33149,0.312458,-0.052667,0.334746,0.26873,-0.060913,0.296189,0.428091,-0.014573,0.309954,0.346605,-0.021575,0.315106,0.292562,-0.031878,0.318697,0.245828,-0.040078,0.282187,0.433543,-0.002238,0.291503,0.361158,-0.009129,0.293321,0.316009,-0.019421,0.295025,0.278725,-0.027258,0.267016,0.450835,0.006013,0.269201,0.403217,-0.000571,0.270542,0.372008,-0.007245,0.272179,0.346162,-0.012432
palm_open,0.278581,0.623527,0.0,0.300156,0.602706,-0.051318,0.309487,0.552063,-0.072058,0.315848,0.495669,-0.084733,0.331248,0.441566,-0.096321,0.304006,0.436609,-0.033235,0.317283,0.358154,-0.040424,0.321276,0.307563,-0.050383,0.322384,0.264063,-0.058895,0.288954,0.428545,-0.012851,0.300769,0.343416,-0.015604,0.304159,0.288942,-0.026552,0.306447,0.240149,-0.036594,0.275138,0.435089,0.003027,0.282539,0.360733,0.000832,0.283785,0.313401,-0.01121,0.284154,0.275088,-0.022074,0.260748,0.453632,0.014181,0.26253,0.403726,0.011591,0.26313,0.369895,0.004254,0.263475,0.343546,-0.003077
palm_open,0.286586,0.62532,0.0,0.311799,0.599079,-0.038068,0.32718,0.547213,-0.05242,0.335405,0.490879,-0.06128,0.351906,0.444586,-0.068672,0.312972,0.438488,-0.02337,0.324034,0.36243,-0.033547,0.326339,0.314952,-0.044247,0.327142,0.27053,-0.052593,0.295664,0.429202,-0.010898,0.303387,0.345088,-0.018071,0.305587,0.291288,-0.028243,0.306663,0.245292,-0.036404,0.279539,0.438329,-0.002419,0.283273,0.3655,-0.009964,0.283044,0.320679,-0.019665,0.282458,0.283399,-0.026927,0.263432,0.459853,0.002402,0.26248,0.409899,-0.004269,0.261046,0.378782,-0.009809,0.25964,0.352334,-0.014147
palm_open,0.295704,0.633455,0.0,0.326654,0.599456,-0.025855,0.345919,0.541683,-0.03502,0.356691,0.484076,-0.041557,0.375145,0.444882,-0.047052,0.320969,0.444458,-0.013648,0.33049,0.372495,-0.024981,0.332724,0.325142,-0.035244,0.333889,0.281934,-0.04293,0.301431,0.436883,-0.008461,0.306772,0.355355,-0.018327,0.309024,0.302135,-0.02772,0.310474,0.255405,-0.034364,0.283732,0.447892,-0.006619,0.283585,0.376882,-0.017456,0.282605,0.332744,-0.025159,0.281758,0.294473,-0.029883,0.2663,0.472251,-0.007495,0.261918,0.424372,-0.017135,0.259294,0.392274,-0.021803,0.257344,0.361282,-0.024513
palm_open,0.305075,0.636041,0.0,0.338746,0.60076,-0.020502,0.360149,0.534961,-0.026351,0.373643,0.476028,-0.030597,0.393732,0.443777,-0.034192,0.322785,0.446098,-0.009496,0.328324,0.37538,-0.018485,0.328568,0.329532,-0.027126,0.327713,0.288574,-0.0341,0.300992,0.442076,-0.006945,0.302428,0.362261,-0.014696,0.302522,0.309632,-0.022482,0.301492,0.263179,-0.028492,0.281802,0.455091,-0.007427,0.27581,0.383746,-0.016866,0.272095,0.340725,-0.024298,0.268278,0.30297,-0.029335,0.26388,0.481056,-0.010205,0.254662,0.43267,-0.019335,0.248251,0.402046,-0.024144,0.242057,0.37227,-0.027363
palm_open,0.310637,0.64104,0.0,0.348493,0.60362,-0.019683,0.370814,0.537231,-0.026092,0.384703,0.477764,-0.031,0.404837,0.443838,-0.035542,0.32681,0.451353,-0.011827,0.327812,0.379117,-0.021383,0.325881,0.333802,-0.029994,0.322977,0.293742,-0.036894,0.302956,0.450612,-0.010231,0.299584,0.36969,-0.018782,0.297503,0.316627,-0.026918,0.2943,0.27082,-0.033099,0.282542,0.466708,-0.011381,0.270573,0.396622,-0.021441,0.263862,0.352233,-0.029587,0.257887,0.3136,-0.035047,0.264409,0.495838,-0.014621,0.249556,0.446815,-0.024491,0.240459,0.415523,-0.029823,0.232536,0.385233,-0.033298
palm_open,0.312241,0.645263,0.0,0.350872,0.606378,-0.020101,0.375024,0.537771,-0.026768,0.389308,0.477643,-0.031824,0.408572,0.444072,-0.036667,0.32784,0.455671,-0.01336,0.326171,0.383553,-0.023491,0.323889,0.338883,-0.032355,0.321003,0.299028,-0.039366,0.302963,0.456839,-0.011717,0.296555,0.376384,-0.021301,0.293214,0.322951,-0.030422,0.289367,0.276708,-0.0373,0.281755,0.474125,-0.012724,0.266882,0.406438,-0.023548,0.258017,0.361385,-0.032666,0.2505,0.321673,-0.038768,0.262826,0.50434,-0.015769,0.246398,0.455793,-0.026292,0.235737,0.424883,-0.032351,0.226382,0.393497,-0.03633
palm_open,0.314017,0.646427,0.0,0.353754,0.604878,-0.018603,0.378149,0.535674,-0.024987,0.391236,0.47742,-0.030178,0.409031,0.444863,-0.035549,0.329232,0.455664,-0.014279,0.325354,0.383915,-0.025171,0.321513,0.338838,-0.034296,0.317162,0.298597,-0.04155,0.30321,0.457838,-0.014052,0.294618,0.376846,-0.024945,0.289763,0.322744,-0.034811,0.284471,0.276288,-0.042039,0.281486,0.476963,-0.016179,0.263492,0.40827,-0.028272,0.252744,0.363663,-0.037962,0.24381,0.323896,-0.044275,0.262872,0.510033,-0.020145,0.243685,0.460988,-0.032032,0.231542,0.429514,-0.038896,0.22115,0.396718,-0.043283
palm_open,0.313269,0.646005,0.0,0.353198,0.605844,-0.017713,0.378646,0.537542,-0.024097,0.391321,0.480784,-0.029328,0.406956,0.445861,-0.034622,0.331515,0.455919,-0.014589,0.327318,0.384699,-0.025281,0.323801,0.341374,-0.033876,0.319875,0.302763,-0.040683,0.305561,0.457737,-0.014649,0.296981,0.3771,-0.025475,0.292148,0.323699,-0.035138,0.28704,0.278515,-0.042249,0.28381,0.476529,-0.016973,0.264628,0.409211,-0.029076,0.253458,0.365095,-0.039045,0.244538,0.326051,-0.045605,0.26537,0.509009,-0.020975,0.244719,0.459971,-0.033003,0.231596,0.428639,-0.040238,0.220794,0.39555,-0.044964
palm_open,0.312852,0.648901,0.0,0.352336,0.61193,-0.01505,0.376932,0.545661,-0.020355,0.388819,0.492516,-0.024954,0.402655,0.458439,-0.029748,0.335104,0.45991,-0.01338,0.332562,0.389562,-0.023932,0.33024,0.346309,-0.032249,0.327747,0.30766,-0.038885,0.309837,0.45997,-0.014746,0.303507,0.380109,-0.025728,0.30063,0.326396,-0.035275,0.297265,0.280328,-0.042272,0.288744,0.477437,-0.018113,0.270923,0.409299,-0.030417,0.261827,0.363357,-0.040264,0.254632,0.322433,-0.04672,0.270966,0.508773,-0.02289,0.250445,0.458876,-0.035337,0.238152,0.425306,-0.042706,0.228282,0.390393,-0.047469
palm_open,0.31564,0.654043,0.0,0.35221,0.617905,-0.013419,0.372659,0.551842,-0.019221,0.38281,0.500978,-0.024885,0.394331,0.465222,-0.030962,0.338723,0.468424,-0.014644,0.334399,0.400061,-0.027247,0.332339,0.357377,-0.036774,0.330947,0.317979,-0.044302,0.315865,0.468649,-0.01775,0.309006,0.389707,-0.03101,0.307601,0.336648,-0.041607,0.30594,0.288468,-0.049309,0.296976,0.486924,-0.022715,0.279222,0.417314,-0.036646,0.271437,0.36889,-0.046849,0.265695,0.323791,-0.053609,0.281373,0.518707,-0.028928,0.261397,0.46756,-0.042577,0.250262,0.430551,-0.05078,0.241364,0.392459,-0.056323
palm_open,0.313607,0.656957,0.0,0.347035,0.617342,-0.009714,0.362457,0.551459,-0.015207,0.368181,0.503359,-0.021426,0.377959,0.466391,-0.028203,0.337629,0.471111,-0.012957,0.330159,0.402876,-0.026352,0.328258,0.360542,-0.036286,0.327666,0.320058,-0.044065,0.317908,0.473557,-0.018224,0.30853,0.396582,-0.031887,0.306597,0.343468,-0.04222,0.30502,0.293731,-0.049828,0.301646,0.493988,-0.025099,0.282048,0.425926,-0.039152,0.274491,0.3779,-0.048297,0.269803,0.332164,-0.054552,0.288422,0.527594,-0.032965,0.268606,0.479324,-0.046815,0.259076,0.44232,-0.054624,0.252059,0.404337,-0.059993
palm_open,0.306905,0.650025,0.0,0.339858,0.612436,-0.00608,0.352149,0.54541,-0.009287,0.353831,0.498974,-0.013884,0.357762,0.462414,-0.019135,0.327482,0.46446,-0.007829,0.319465,0.396791,-0.020172,0.318219,0.354786,-0.029722,0.318689,0.314994,-0.037166,0.311588,0.468082,-0.01436,0.300743,0.390616,-0.026413,0.29945,0.337657,-0.035727,0.298696,0.289056,-0.042731,0.299007,0.487371,-0.022488,0.279803,0.418452,-0.035276,0.273299,0.3709,-0.043495,0.269019,0.326205,-0.049253,0.289427,0.519285,-0.031461,0.269948,0.471884,-0.044463,0.261474,0.435287,-0.05187,0.255118,0.398221,-0.057108
palm_open,0.29876,0.639102,0.0,0.330283,0.598817,-0.004003,0.340105,0.532441,-0.006995,0.341333,0.487256,-0.011633,0.340894,0.448269,-0.016907,0.317984,0.453301,-0.007981,0.309286,0.38257,-0.020556,0.308129,0.338546,-0.029931,0.308817,0.297911,-0.037181,0.304776,0.458052,-0.015676,0.291847,0.378187,-0.027964,0.290618,0.322473,-0.037481,0.289805,0.273228,-0.044798,0.294045,0.477719,-0.024783,0.273273,0.406513,-0.03778,0.267549,0.357737,-0.046686,0.263551,0.313249,-0.053127,0.286829,0.509326,-0.034488,0.267346,0.462324,-0.048381,0.258844,0.423503,-0.057041,0.252261,0.384203,-0.063299
palm_open,0.285374,0.629804,0.0,0.320432,0.587322,0.001564,0.328986,0.520125,0.000176,0.330302,0.474153,-0.004103,0.329347,0.435663,-0.009913,0.308858,0.442492,-0.006654,0.300424,0.368744,-0.019261,0.299595,0.322254,-0.028567,0.300445,0.280061,-0.036307,0.297271,0.447992,-0.018578,0.283608,0.363853,-0.031521,0.282218,0.305891,-0.042335,0.281379,0.255073,-0.051285,0.287306,0.468946,-0.031324,0.266811,0.392878,-0.045025,0.261466,0.342163,-0.055723,0.257651,0.297033,-0.064271,0.281053,0.501486,-0.044035,0.261666,0.451409,-0.059394,0.254402,0.410823,-0.069758,0.249354,0.370862,-0.077959
palm_open,0.279039,0.615402,0.0,0.31639,0.581821,-0.004598,0.331606,0.515272,-0.007968,0.335339,0.468988,-0.01273,0.335899,0.43069,-0.018388,0.313059,0.428675,-0.009713,0.306469,0.353793,-0.022811,0.305986,0.308303,-0.032633,0.307081,0.267173,-0.040156,0.298463,0.432112,-0.017549,0.287966,0.348031,-0.030716,0.288325,0.290168,-0.040986,0.289509,0.239563,-0.048787,0.286052,0.451176,-0.026696,0.268406,0.374233,-0.040404,0.264605,0.322221,-0.049438,0.262815,0.27562,-0.055819,0.276956,0.482685,-0.036378,0.259616,0.428507,-0.050536,0.255074,0.386866,-0.058678,0.253263,0.345403,-0.064494
palm_open,0.263165,0.586366,0.0,0.306592,0.565158,-0.008043,0.332885,0.504652,-0.013645,0.345229,0.457198,-0.019923,0.355379,0.417905,-0.027423,0.322796,0.416076,-0.017698,0.32564,0.339658,-0.033293,0.330554,0.292909,-0.044102,0.337261,0.250318,-0.052038,0.304072,0.412258,-0.024383,0.305749,0.325179,-0.040865,0.3118,0.267,-0.052617,0.31788,0.215315,-0.060671,0.286323,0.427912,-0.032065,0.276703,0.344309,-0.048838,0.27567,0.28975,-0.058988,0.277329,0.240683,-0.065259,0.269844,0.458243,-0.040208,0.256108,0.397894,-0.056803,0.253588,0.354982,-0.065634,0.255053,0.311704,-0.071096
palm_open,0.245437,0.554624,0.0,0.294993,0.540511,-0.009388,0.327167,0.486658,-0.017241,0.345778,0.440691,-0.025615,0.363187,0.404107,-0.035818,0.319106,0.400679,-0.026782,0.330204,0.320993,-0.046023,0.338482,0.272444,-0.058171,0.346697,0.227953,-0.067107,0.297369,0.391191,-0.034747,0.308366,0.300263,-0.056188,0.318409,0.239669,-0.071046,0.327091,0.184679,-0.081215,0.274182,0.402837,-0.043121,0.27028,0.315714,-0.064429,0.273814,0.259814,-0.077067,0.279192,0.210086,-0.084945,0.251768,0.430412,-0.051621,0.2404,0.366419,-0.072003,0.239115,0.323023,-0.082298,0.241686,0.279971,-0.088631
palm_open,0.226153,0.540931,0.0,0.27494,0.541309,-0.019815,0.316239,0.503228,-0.031776,0.343225,0.463398,-0.04232,0.368136,0.431888,-0.05374,0.311408,0.39179,-0.030953,0.328843,0.314196,-0.050946,0.339971,0.264679,-0.064655,0.350395,0.219785,-0.074803,0.286047,0.370129,-0.034388,0.303609,0.279999,-0.056776,0.316732,0.22049,-0.07357,0.328289,0.166963,-0.085003,0.258287,0.371033,-0.039281,0.261727,0.281011,-0.061706,0.268107,0.222642,-0.076281,0.275711,0.172139,-0.085097,0.229956,0.388354,-0.045223,0.226982,0.318262,-0.065783,0.228378,0.271742,-0.077003,0.232141,0.224847,-0.083851
palm_open,0.196916,0.535217,0.0,0.244044,0.555735,-0.026705,0.293339,0.546823,-0.041586,0.330347,0.524531,-0.05406,0.36213,0.512223,-0.066298,0.30348,0.415758,-0.028309,0.335925,0.350472,-0.045878,0.353666,0.307926,-0.059044,0.36865,0.269824,-0.068664,0.281986,0.375399,-0.027428,0.313871,0.294141,-0.044059,0.334255,0.241406,-0.057433,0.350327,0.196487,-0.066601,0.254587,0.357771,-0.029273,0.273376,0.271574,-0.046579,0.285681,0.216829,-0.059325,0.297345,0.170359,-0.067192,0.223063,0.357697,-0.033183,0.231165,0.286179,-0.049354,0.236805,0.240759,-0.058046,0.244099,0.197408,-0.063135
palm_open,0.18076,0.528405,0.0,0.222689,0.56382,-0.025157,0.272028,0.571297,-0.038539,0.314389,0.565841,-0.050103,0.347851,0.577667,-0.061579,0.300108,0.448085,-0.022424,0.341372,0.405734,-0.038174,0.364032,0.3763,-0.051256,0.383436,0.346706,-0.061108,0.2859,0.399667,-0.021639,0.327721,0.340499,-0.035515,0.352738,0.302379,-0.047621,0.373535,0.266119,-0.056447,0.262399,0.370184,-0.023782,0.294239,0.301072,-0.038381,0.313201,0.259729,-0.049637,0.330274,0.222783,-0.057022,0.231921,0.355752,-0.028215,0.250904,0.294267,-0.041841,0.262182,0.254514,-0.048925,0.273589,0.21614,-0.05327
palm_open,0.176835,0.512639,0.0,0.212489,0.562432,-0.023241,0.258271,0.592453,-0.035098,0.299204,0.60854,-0.045462,0.328224,0.63444,-0.055168,0.304149,0.489626,-0.015692,0.350644,0.472529,-0.029355,0.377437,0.46052,-0.041571,0.400886,0.447142,-0.050559,0.297476,0.436648,-0.014758,0.345458,0.400375,-0.025942,0.374862,0.380744,-0.03652,0.400005,0.362123,-0.044323,0.280202,0.396684,-0.017015,0.319158,0.349583,-0.029528,0.343833,0.321488,-0.039406,0.365692,0.297633,-0.045659,0.254716,0.367305,-0.021601,0.28207,0.321313,-0.032644,0.299427,0.291257,-0.037626,0.316023,0.262841,-0.040455
palm_open,0.182623,0.494079,0.0,0.212449,0.551607,-0.021372,0.253682,0.60111,-0.032384,0.289623,0.639869,-0.042584,0.311033,0.681402,-0.052264,0.30958,0.526469,-0.011134,0.356837,0.536974,-0.023984,0.383381,0.538629,-0.036027,0.407313,0.535984,-0.044844,0.310395,0.475841,-0.010884,0.362643,0.47366,-0.021593,0.394512,0.469612,-0.032077,0.422715,0.462466,-0.039746,0.299909,0.430874,-0.013924,0.345855,0.413208,-0.025201,0.373299,0.400216,-0.034019,0.397542,0.389271,-0.039584,0.279883,0.389786,-0.019377,0.314429,0.3669,-0.028348,0.336501,0.349749,-0.031776,0.357905,0.333271,-0.033694
palm_open,0.19251,0.471174,0.0,0.21186,0.542457,-0.021736,0.244706,0.606607,-0.032267,0.27744,0.65695,-0.041284,0.298962,0.70012,-0.049763,0.311763,0.552689,-0.012239,0.357228,0.58391,-0.024318,0.383794,0.596498,-0.035779,0.407968,0.604189,-0.044054,0.319429,0.501321,-0.010883,0.371663,0.521437,-0.020514,0.402446,0.529941,-0.030225,0.429192,0.534829,-0.037378,0.315243,0.45204,-0.012635,0.363046,0.457239,-0.022867,0.390859,0.457972,-0.030826,0.414732,0.458738,-0.036039,0.301917,0.403433,-0.016688,0.339046,0.398567,-0.025507,0.362382,0.394089,-0.028702,0.385244,0.389827,-0.030321
palm_open,0.202955,0.436179,0.0,0.211968,0.514935,-0.02135,0.235415,0.584557,-0.032336,0.263548,0.643785,-0.041826,0.282309,0.693944,-0.050796,0.306999,0.554576,-0.01269,0.348455,0.599223,-0.025095,0.372869,0.621933,-0.036946,0.396151,0.637932,-0.045593,0.321572,0.5098,-0.011072,0.370149,0.549855,-0.021343,0.399132,0.572546,-0.031946,0.423957,0.589453,-0.039762,0.323873,0.461613,-0.012352,0.3717,0.479797,-0.02297,0.399995,0.489639,-0.032073,0.423771,0.498563,-0.038185,0.317355,0.412687,-0.015714,0.355598,0.421685,-0.024565,0.378855,0.425964,-0.028476,0.400371,0.430968,-0.030767
palm_open,0.216318,0.387552,0.0,0.218697,0.463996,-0.01876,0.23558,0.535056,-0.028427,0.256049,0.597827,-0.037113,0.265838,0.649352,-0.045158,0.309307,0.528999,-0.010915,0.345332,0.58285,-0.021909,0.367089,0.612764,-0.032297,0.387848,0.635865,-0.040081,0.326968,0.48926,-0.010391,0.370957,0.539548,-0.019275,0.396973,0.568955,-0.028389,0.41922,0.592256,-0.035318,0.333077,0.444148,-0.01256,0.377457,0.472969,-0.021995,0.405361,0.489545,-0.030625,0.428011,0.503748,-0.036514,0.330623,0.39582,-0.016672,0.367556,0.411946,-0.024714,0.391192,0.421266,-0.028872,0.411904,0.430455,-0.031402
palm_open,0.227185,0.332739,0.0,0.222272,0.412148,-0.021423,0.229878,0.490006,-0.03254,0.245005,0.557259,-0.04183,0.253568,0.613407,-0.050417,0.305887,0.498927,-0.012041,0.334288,0.562109,-0.023523,0.351901,0.596504,-0.035124,0.370009,0.624236,-0.043657,0.327255,0.464191,-0.0101,0.366621,0.527157,-0.019122,0.389112,0.564177,-0.029354,0.409046,0.593444,-0.037128,0.337146,0.420588,-0.011007,0.377899,0.463123,-0.021067,0.403183,0.488724,-0.030497,0.424171,0.509394,-0.0368,0.338796,0.37114,-0.01388,0.373434,0.401076,-0.022259,0.394417,0.417793,-0.026216,0.413087,0.432001,-0.028483
palm_open,0.23905,0.289916,0.0,0.224776,0.371358,-0.018235,0.225332,0.448698,-0.027304,0.233428,0.520346,-0.034784,0.236598,0.578666,-0.041661,0.298516,0.47685,-0.008561,0.321721,0.549891,-0.017575,0.335593,0.590967,-0.027322,0.350601,0.625021,-0.034442,0.323823,0.447964,-0.006766,0.357108,0.523158,-0.013521,0.377214,0.568978,-0.022362,0.394526,0.605468,-0.029277,0.338387,0.407089,-0.007483,0.375053,0.46523,-0.015219,0.3969,0.499169,-0.02383,0.414182,0.526962,-0.029723,0.345737,0.358617,-0.009881,0.379192,0.398585,-0.016246,0.398966,0.423194,-0.019621,0.415935,0.446685,-0.021635
palm_open,0.258753,0.267508,0.0,0.236328,0.343927,-0.016314,0.23233,0.425096,-0.023929,0.235914,0.501195,-0.030426,0.236088,0.55825,-0.036742,0.300915,0.466745,-0.008738,0.318429,0.543539,-0.01809,0.329104,0.587526,-0.027715,0.340838,0.623886,-0.034785,0.327143,0.444551,-0.008058,0.352977,0.526813,-0.015223,0.369072,0.576066,-0.02423,0.383041,0.614851,-0.031373,0.344639,0.407597,-0.00969,0.376112,0.474112,-0.017734,0.394908,0.514008,-0.026702,0.409131,0.545792,-0.033117,0.356222,0.361219,-0.012788,0.386331,0.407782,-0.020115,0.404703,0.436976,-0.024433,0.419938,0.463759,-0.027251
palm_open,0.284501,0.25811,0.0,0.260285,0.32571,-0.017461,0.250942,0.403323,-0.025809,0.250457,0.476943,-0.032828,0.246883,0.53347,-0.039326,0.311673,0.462249,-0.010216,0.327436,0.541567,-0.019429,0.337996,0.583652,-0.028243,0.348936,0.618628,-0.03463,0.338891,0.443609,-0.008953,0.361583,0.527892,-0.016009,0.376297,0.577367,-0.024726,0.389148,0.616058,-0.03151,0.358153,0.410489,-0.010006,0.38487,0.477629,-0.017501,0.402972,0.518713,-0.026375,0.417184,0.550836,-0.032777,0.372003,0.36805,-0.012699,0.396166,0.418597,-0.019674,0.412461,0.448779,-0.024169,0.426176,0.475503,-0.027013
palm_open,0.296894,0.25563,0.0,0.271415,0.31669,-0.023375,0.26024,0.391413,-0.033452,0.257634,0.464491,-0.041365,0.253433,0.522215,-0.048469,0.319654,0.4603,-0.012757,0.332064,0.538603,-0.02345,0.341905,0.581612,-0.033781,0.352273,0.619565,-0.041495,0.346644,0.445901,-0.009302,0.365059,0.528459,-0.017717,0.377386,0.576743,-0.027632,0.388873,0.616682,-0.035301,0.366879,0.414427,-0.008948,0.390621,0.482239,-0.018462,0.406921,0.523117,-0.027825,0.420924,0.556258,-0.034387,0.382089,0.371497,-0.010804,0.40306,0.42325,-0.019561,0.417266,0.451455,-0.024219,0.430122,0.475791,-0.027097
palm_open,0.291116,0.258033,0.0,0.265537,0.320424,-0.022598,0.252933,0.39594,-0.03241,0.249109,0.467016,-0.040343,0.244478,0.526318,-0.047828,0.312737,0.464225,-0.012083,0.323969,0.541491,-0.023094,0.332726,0.584373,-0.033832,0.341459,0.622574,-0.041917,0.339108,0.450125,-0.009414,0.357081,0.531406,-0.018529,0.368594,0.580595,-0.029629,0.37979,0.621257,-0.038302,0.359003,0.418312,-0.009785,0.383429,0.484598,-0.020196,0.398518,0.524001,-0.0304,0.411155,0.556414,-0.037641,0.374039,0.375009,-0.012217,0.395057,0.425113,-0.021829,0.407786,0.454303,-0.027246,0.419361,0.480957,-0.030897
palm_open,0.273926,0.252915,0.0,0.248941,0.316245,-0.022246,0.239395,0.393533,-0.031354,0.237587,0.464735,-0.038661,0.235044,0.522079,-0.045526,0.301814,0.454783,-0.01386,0.316158,0.531373,-0.025602,0.327367,0.572946,-0.036497,0.338927,0.609091,-0.044431,0.328869,0.437381,-0.011408,0.350461,0.517198,-0.021061,0.363934,0.566061,-0.031432,0.376782,0.605882,-0.039328,0.348346,0.4041,-0.011902,0.374401,0.467,-0.02246,0.391333,0.505453,-0.031726,0.406099,0.537414,-0.038141,0.361905,0.360683,-0.01453,0.383427,0.409553,-0.024524,0.397285,0.436946,-0.029498,0.409919,0.460818,-0.032516
palm_open,0.24444,0.238175,0.0,0.223805,0.312165,-0.021148,0.21959,0.393117,-0.028834,0.223758,0.465643,-0.034711,0.22528,0.522807,-0.039956,0.287702,0.435978,-0.010906,0.311198,0.507539,-0.020437,0.327199,0.544942,-0.029837,0.342087,0.577275,-0.036989,0.313016,0.412268,-0.008209,0.343638,0.485767,-0.016721,0.362159,0.529884,-0.026833,0.378206,0.564723,-0.034616,0.330413,0.375546,-0.008296,0.362738,0.434107,-0.018301,0.382671,0.467986,-0.027713,0.39944,0.494531,-0.033963,0.342203,0.330401,-0.010347,0.370093,0.377557,-0.020173,0.387354,0.402356,-0.025381,0.403228,0.422514,-0.02831
palm_open,0.193193,0.247543,0.0,0.183886,0.33084,-0.020105,0.192006,0.413521,-0.026926,0.206435,0.482406,-0.032274,0.217061,0.535095,-0.03717,0.267925,0.422022,-0.010561,0.30395,0.478343,-0.021184,0.32648,0.505646,-0.031401,0.346307,0.527262,-0.039037,0.290189,0.385906,-0.00883,0.332413,0.444766,-0.018268,0.358336,0.479396,-0.029018,0.380222,0.50665,-0.037277,0.302106,0.342103,-0.009867,0.343994,0.389625,-0.020781,0.369488,0.415005,-0.030554,0.39065,0.433811,-0.037085,0.306405,0.29233,-0.012818,0.342017,0.325966,-0.023867,0.364564,0.343747,-0.030075,0.384685,0.358655,-0.033673
palm_open,0.142848,0.280248,0.0,0.147073,0.36983,-0.021018,0.16894,0.446361,-0.028684,0.193556,0.509213,-0.034764,0.210589,0.559011,-0.040051,0.247112,0.421784,-0.011001,0.291244,0.460621,-0.021463,0.318959,0.475614,-0.031893,0.343913,0.485619,-0.039923,0.263618,0.377429,-0.009145,0.312451,0.420618,-0.018939,0.343888,0.445621,-0.030254,0.369867,0.463452,-0.038981,0.268322,0.329351,-0.010081,0.316042,0.355794,-0.020916,0.345082,0.368886,-0.031251,0.36831,0.378175,-0.038325,0.26436,0.278951,-0.01308,0.304534,0.29414,-0.02391,0.330039,0.301274,-0.030421,0.352519,0.307526,-0.034426
palm_open,0.099478,0.321265,0.0,0.114461,0.406616,-0.025489,0.143634,0.476311,-0.035522,0.175502,0.532239,-0.043259,0.200214,0.579096,-0.04984,0.223537,0.429359,-0.012892,0.272389,0.459144,-0.024556,0.302114,0.469475,-0.036246,0.328118,0.475928,-0.04518,0.234545,0.378463,-0.009867,0.288605,0.406447,-0.020999,0.322944,0.421991,-0.033891,0.351161,0.432089,-0.043682,0.233398,0.328085,-0.01023,0.284711,0.343015,-0.022796,0.316596,0.348808,-0.034689,0.341973,0.352175,-0.04254,0.223187,0.277245,-0.012991,0.266525,0.279033,-0.025652,0.294352,0.277424,-0.033228,0.319193,0.275752,-0.037688
palm_open,0.064791,0.370967,0.0,0.091147,0.451034,-0.02481,0.132808,0.516271,-0.032998,0.172612,0.56131,-0.039279,0.203131,0.598048,-0.04432,0.205944,0.438111,-0.008713,0.258818,0.45099,-0.020367,0.290146,0.451928,-0.032361,0.31784,0.450416,-0.041316,0.211049,0.384797,-0.00615,0.268642,0.394033,-0.017431,0.306169,0.397762,-0.030653,0.337702,0.398362,-0.040258,0.204909,0.33552,-0.007246,0.258299,0.331228,-0.01973,0.290612,0.327256,-0.030723,0.317568,0.3234,-0.037617,0.189673,0.287773,-0.010933,0.232433,0.276119,-0.022802,0.258867,0.265942,-0.028945,0.283683,0.256629,-0.0322
palm_open,0.044019,0.458099,0.0,0.084475,0.524804,-0.022593,0.140979,0.570959,-0.028043,0.189788,0.587596,-0.0318,0.224845,0.609257,-0.034588,0.197335,0.457063,-0.005762,0.252011,0.440611,-0.016541,0.283506,0.426845,-0.027514,0.310195,0.414209,-0.035561,0.192718,0.400308,-0.004013,0.252654,0.38159,-0.01339,0.289604,0.368941,-0.024753,0.320092,0.357748,-0.033039,0.178231,0.353871,-0.005991,0.232295,0.324561,-0.01741,0.263733,0.305697,-0.027285,0.290046,0.290908,-0.033648,0.154826,0.312395,-0.010462,0.195163,0.279434,-0.02186,0.218761,0.256506,-0.027335,0.241436,0.238011,-0.030254
palm_open,0.033348,0.568679,0.0,0.086593,0.61371,-0.024545,0.149349,0.627349,-0.031044,0.198711,0.614479,-0.036068,0.237202,0.612926,-0.040128,0.181194,0.477461,-0.00718,0.230914,0.428538,-0.019916,0.258811,0.398054,-0.032459,0.28283,0.371852,-0.041501,0.165215,0.423371,-0.005739,0.221028,0.367186,-0.016604,0.255603,0.335128,-0.028841,0.284756,0.309052,-0.037859,0.141692,0.386169,-0.008476,0.18839,0.323942,-0.021358,0.216387,0.287206,-0.031132,0.240832,0.259245,-0.037349,0.110541,0.359882,-0.014122,0.144896,0.304817,-0.026472,0.165415,0.268063,-0.031889,0.185538,0.237586,-0.034831
palm_open,0.033278,0.694843,0.0,0.094782,0.714586,-0.024544,0.155427,0.69338,-0.032198,0.202427,0.657412,-0.038737,0.241391,0.636656,-0.045011,0.157992,0.533515,-0.012406,0.200271,0.452407,-0.026325,0.222402,0.407693,-0.038792,0.242532,0.367716,-0.048036,0.13138,0.491368,-0.012546,0.177332,0.402281,-0.024744,0.206109,0.351613,-0.037909,0.230578,0.309439,-0.04806,0.099892,0.468494,-0.016551,0.133926,0.37616,-0.030916,0.155942,0.321774,-0.042474,0.175979,0.279851,-0.050246,0.063856,0.460072,-0.023298,0.085229,0.378834,-0.037493,0.09959,0.327793,-0.044731,0.114538,0.284243,-0.049299
palm_open,0.046117,0.797416,0.0,0.108362,0.773642,-0.023501,0.16188,0.712118,-0.029493,0.201226,0.645918,-0.034549,0.235185,0.601808,-0.039168,0.133039,0.56246,-0.00464,0.15898,0.467791,-0.014992,0.171797,0.414426,-0.02618,0.183337,0.365288,-0.035325,0.099177,0.536758,-0.004372,0.124483,0.430355,-0.013336,0.143406,0.368323,-0.025705,0.160036,0.315443,-0.035761,0.06387,0.534948,-0.008287,0.075416,0.425899,-0.020717,0.08645,0.36505,-0.031764,0.097857,0.316511,-0.039641,0.027249,0.552989,-0.014968,0.02721,0.467831,-0.027999,0.030669,0.41367,-0.034877,0.037203,0.365625,-0.039365
palm_open,0.044494,0.82558,0.0,0.107299,0.780156,-0.020218,0.154412,0.709424,-0.021029,0.184284,0.628754,-0.02191,0.211993,0.573747,-0.02182,0.106903,0.572018,0.017113,0.121615,0.475625,0.015499,0.126828,0.417753,0.008736,0.130441,0.365951,0.002233,0.070548,0.561983,0.018853,0.080044,0.456313,0.017159,0.088446,0.388392,0.0066,0.09591,0.329764,-0.001975,0.035236,0.576024,0.015428,0.027822,0.477941,0.007004,0.027468,0.413496,-0.006636,0.028785,0.35786,-0.016037,0.001109,0.607961,0.009398,-0.017248,0.53883,-0.001301,-0.028331,0.492053,-0.010075,-0.034618,0.448353,-0.015832
palm_open,0.038678,0.831201,0.0,0.098013,0.775826,-0.019546,0.140942,0.693765,-0.021388,0.166609,0.610882,-0.022866,0.188938,0.551158,-0.023155,0.083163,0.572016,0.015028,0.090061,0.478259,0.013455,0.090421,0.419712,0.007445,0.090013,0.371921,0.002076,0.04742,0.569092,0.016185,0.048294,0.461689,0.015261,0.05047,0.392711,0.007555,0.052116,0.338686,0.001437,0.015376,0.586642,0.012282,0.002878,0.490078,0.006236,-0.001574,0.429696,-0.001914,-0.004397,0.379984,-0.00749,-0.016567,0.619287,0.005521,-0.031957,0.547072,-0.001914,-0.039117,0.498055,-0.006959,-0.042276,0.450978,-0.010222
palm_open,0.025632,0.836018,0.0,0.088592,0.779078,-0.021517,0.130498,0.690923,-0.023229,0.152351,0.602662,-0.024022,0.174228,0.539607,-0.023276,0.068111,0.57063,0.016764,0.069078,0.475887,0.017976,0.065172,0.415864,0.013723,0.061458,0.367274,0.009466,0.032573,0.571813,0.020158,0.027494,0.464996,0.022963,0.024587,0.397244,0.018111,0.02298,0.343372,0.013941,0.002026,0.590961,0.018224,-0.012718,0.499602,0.015708,-0.019322,0.444532,0.010656,-0.024297,0.397625,0.00712,-0.028589,0.623263,0.012947,-0.043618,0.551197,0.00775,-0.053109,0.504282,0.004087,-0.059604,0.457359,0.001924
palm_open,0.038666,0.845868,0.0,0.100491,0.779205,-0.017759,0.135229,0.688566,-0.016117,0.154083,0.60131,-0.014399,0.171826,0.541682,-0.011976,0.069042,0.575854,0.021813,0.067111,0.479052,0.024035,0.061344,0.419813,0.0189,0.055741,0.370859,0.013427,0.033229,0.58049,0.023633,0.024769,0.473073,0.025957,0.019644,0.402035,0.017625,0.015686,0.348061,0.010645,0.002515,0.604402,0.020536,-0.014057,0.509764,0.01717,-0.022472,0.450722,0.008034,-0.028989,0.401057,0.001406,-0.026605,0.64324,0.014656,-0.044966,0.572234,0.008543,-0.056233,0.526224,0.003126,-0.063483,0.479772,-0.000646
palm_open,0.062976,0.86337,0.0,0.117423,0.78617,-0.018919,0.14757,0.6831,-0.018083,0.159221,0.594896,-0.016758,0.171971,0.533515,-0.014812,0.071921,0.579565,0.016493,0.061818,0.484053,0.015026,0.051488,0.425985,0.007612,0.043324,0.377489,0.000784,0.03547,0.591118,0.017478,0.016567,0.481952,0.015497,0.00432,0.410636,0.004571,-0.005461,0.353823,-0.003604,0.005566,0.620603,0.013762,-0.019457,0.52195,0.00604,-0.030484,0.458432,-0.004739,-0.039055,0.402067,-0.011557,-0.021478,0.666025,0.007413,-0.042882,0.586803,-0.002162,-0.054303,0.536155,-0.008257,-0.061925,0.484591,-0.011743
palm_open,0.083981,0.863935,0.0,0.131827,0.782133,-0.019132,0.158005,0.680114,-0.022184,0.168689,0.594362,-0.024936,0.181804,0.532181,-0.027694,0.07945,0.583624,0.005505,0.068051,0.490217,-0.001973,0.056028,0.433959,-0.012894,0.045715,0.385074,-0.022025,0.042601,0.597488,0.004752,0.021113,0.493358,-0.002159,0.006957,0.426677,-0.015174,-0.004877,0.37241,-0.02528,0.012835,0.630748,-8.8e-05,-0.016053,0.537987,-0.009994,-0.03062,0.476987,-0.021947,-0.04239,0.422203,-0.0304,-0.013684,0.681125,-0.00737,-0.041605,0.61192,-0.017978,-0.05714,0.56296,-0.024643,-0.068646,0.513697,-0.029025
palm_open,0.096351,0.853743,0.0,0.14051,0.770622,-0.01822,0.163058,0.665175,-0.021092,0.171755,0.578926,-0.023683,0.182564,0.515636,-0.025665,0.085235,0.578213,0.007068,0.072138,0.487324,0.0016,0.059622,0.432183,-0.007445,0.04906,0.386964,-0.01482,0.05161,0.593712,0.00684,0.031182,0.490939,0.003268,0.016143,0.425974,-0.005909,0.004558,0.374892,-0.013209,0.023891,0.625966,0.002413,-0.003553,0.536472,-0.004283,-0.016902,0.479461,-0.012838,-0.026506,0.430975,-0.019036,-0.00228,0.675379,-0.004622,-0.032084,0.616047,-0.01272,-0.050419,0.573368,-0.017524,-0.065147,0.530388,-0.020551
palm_open,0.119518,0.835349,0.0,0.159683,0.750824,-0.019176,0.178223,0.646015,-0.023285,0.182215,0.562987,-0.026918,0.190094,0.502535,-0.030211,0.097011,0.570631,-0.001974,0.080493,0.484551,-0.010177,0.065778,0.432639,-0.019753,0.052755,0.389679,-0.027424,0.063111,0.58948,-0.001994,0.039541,0.49304,-0.00865,0.023816,0.430825,-0.018325,0.010665,0.3819,-0.026173,0.036694,0.625732,-0.005696,0.00423,0.548324,-0.014394,-0.015235,0.500279,-0.024696,-0.030603,0.460019,-0.032371,0.014695,0.678756,-0.011806,-0.020212,0.635045,-0.021461,-0.042565,0.603009,-0.028193,-0.061293,0.571057,-0.032879
palm_open,0.158381,0.820972,0.0,0.190285,0.733849,-0.019919,0.202064,0.634297,-0.026872,0.199435,0.556583,-0.033442,0.204161,0.497561,-0.04012,0.124058,0.573753,-0.009591,0.10161,0.494326,-0.021161,0.08519,0.446354,-0.032482,0.070614,0.403796,-0.041319,0.092415,0.595494,-0.010318,0.063958,0.507161,-0.020519,0.04662,0.448234,-0.031586,0.03189,0.400056,-0.040311,0.06865,0.633933,-0.014337,0.03122,0.560029,-0.026162,0.007668,0.513566,-0.037332,-0.011471,0.473068,-0.045385,0.050934,0.687819,-0.020563,0.012797,0.642982,-0.032911,-0.011428,0.614113,-0.040259,-0.032774,0.585261,-0.045193
palm_open,0.200915,0.798717,0.0,0.219013,0.707484,-0.020223,0.216693,0.611196,-0.027115,0.202742,0.54255,-0.033573,0.19558,0.486133,-0.039823,0.135207,0.582573,-0.009379,0.104995,0.517403,-0.021261,0.085775,0.4792,-0.032362,0.068089,0.445713,-0.041113,0.109153,0.617149,-0.010191,0.073311,0.545951,-0.021109,0.05243,0.500037,-0.032656,0.033146,0.461125,-0.041775,0.094099,0.66188,-0.014404,0.051296,0.612301,-0.027102,0.025034,0.578518,-0.038292,0.002255,0.546248,-0.046444,0.08694,0.716434,-0.020979,0.045847,0.688164,-0.034299,0.018575,0.668609,-0.042722,-0.005965,0.645349,-0.04861
palm_open,0.222119,0.779343,0.0,0.226787,0.687001,-0.01984,0.208569,0.60011,-0.025535,0.185199,0.540746,-0.030231,0.172077,0.488637,-0.034979,0.129978,0.612539,-0.00944,0.09185,0.572151,-0.020209,0.068012,0.548036,-0.031285,0.045506,0.52693,-0.040264,0.110374,0.656661,-0.009289,0.061903,0.614765,-0.018998,0.033372,0.587644,-0.030622,0.007271,0.567036,-0.040041,0.103094,0.704698,-0.012132,0.055188,0.684157,-0.023286,0.025648,0.667274,-0.033787,-0.00166,0.650919,-0.041714,0.105089,0.756755,-0.017259,0.063935,0.750949,-0.028558,0.037032,0.744441,-0.03573,0.011444,0.733291,-0.040973
palm_open,0.231696,0.766196,0.0,0.226612,0.672085,-0.017541,0.192037,0.600502,-0.020885,0.159701,0.560278,-0.023875,0.13743,0.523494,-0.026538,0.11772,0.652822,-0.005078,0.074058,0.641432,-0.014869,0.04645,0.634785,-0.024583,0.021998,0.629179,-0.032964,0.105453,0.700551,-0.006298,0.051565,0.692783,-0.016932,0.018499,0.681387,-0.02828,-0.010304,0.673414,-0.037177,0.106077,0.744784,-0.010745,0.054551,0.757919,-0.02359,0.022381,0.757991,-0.034739,-0.007446,0.754875,-0.042566,0.117408,0.787099,-0.017346,0.076186,0.811032,-0.030936,0.049254,0.821695,-0.040147,0.022126,0.825338,-0.046581
palm_open,0.241273,0.743437,0.0,0.228987,0.658781,-0.013888,0.188026,0.60453,-0.015675,0.15258,0.574747,-0.017532,0.131049,0.544797,-0.019354,0.123048,0.668912,-0.00495,0.080534,0.669384,-0.013736,0.054527,0.671134,-0.022315,0.031399,0.67253,-0.029919,0.115831,0.714792,-0.007022,0.062127,0.724283,-0.0175,0.028744,0.724111,-0.028363,-8.7e-05,0.726064,-0.036758,0.12043,0.75433,-0.011525,0.072457,0.782633,-0.023748,0.042249,0.794267,-0.034536,0.014455,0.803067,-0.042205,0.134207,0.789732,-0.01772,0.097951,0.823651,-0.030511,0.074033,0.841976,-0.039272,0.04915,0.854699,-0.045603
palm_open,0.257217,0.719037,0.0,0.236613,0.637695,-0.010806,0.191511,0.598828,-0.012017,0.155377,0.580353,-0.014115,0.131362,0.557243,-0.01635,0.133242,0.669523,-0.002132,0.089528,0.681805,-0.011529,0.064242,0.689249,-0.020075,0.042582,0.695263,-0.027154,0.131027,0.714176,-0.006537,0.077634,0.734573,-0.017101,0.043462,0.742112,-0.027744,0.014119,0.750657,-0.035481,0.14028,0.750659,-0.013366,0.094652,0.787807,-0.025903,0.065676,0.805719,-0.036308,0.038728,0.818927,-0.043231,0.158591,0.78068,-0.021627,0.126848,0.820468,-0.034795,0.105406,0.842337,-0.042977,0.082766,0.858784,-0.048471
palm_open,0.281366,0.691118,0.0,0.256343,0.610994,-0.011001,0.211033,0.574667,-0.013192,0.174089,0.556944,-0.016544,0.147018,0.537716,-0.020399,0.158223,0.646245,-0.001899,0.113896,0.657528,-0.01184,0.086754,0.66349,-0.021191,0.062731,0.667527,-0.028873,0.158551,0.689594,-0.006783,0.105637,0.715934,-0.017295,0.072046,0.726595,-0.028929,0.044148,0.735944,-0.037642,0.169471,0.725996,-0.014112,0.125361,0.765072,-0.026587,0.09562,0.786809,-0.037626,0.069241,0.803269,-0.045187,0.18864,0.75657,-0.022898,0.156319,0.796384,-0.035744,0.134641,0.818136,-0.04361,0.112843,0.835271,-0.049041
palm_open,0.29727,0.633599,0.0,0.26773,0.573645,-0.012102,0.222204,0.547907,-0.017837,0.186335,0.53301,-0.024225,0.158085,0.517758,-0.031456,0.175968,0.616359,-0.014003,0.132539,0.636753,-0.028255,0.106113,0.645548,-0.039333,0.082252,0.65194,-0.047913,0.178906,0.656654,-0.019026,0.129631,0.689776,-0.033122,0.097791,0.705799,-0.045289,0.07016,0.720363,-0.054502,0.19197,0.687974,-0.02584,0.149984,0.732079,-0.040383,0.122331,0.757117,-0.051019,0.097239,0.776617,-0.058588,0.212899,0.712314,-0.033923,0.184753,0.757585,-0.048276,0.163832,0.783314,-0.056666,0.142248,0.803765,-0.062523
palm_open,0.301404,0.587395,0.0,0.269969,0.534351,-0.009559,0.227236,0.51553,-0.015803,0.192361,0.505823,-0.022777,0.165053,0.491367,-0.03065,0.186965,0.579852,-0.015484,0.144837,0.600107,-0.02987,0.118412,0.61221,-0.040661,0.094032,0.621506,-0.048828,0.190817,0.618312,-0.020798,0.142636,0.651198,-0.035491,0.110521,0.668004,-0.047476,0.082462,0.682922,-0.056501,0.204367,0.648176,-0.027149,0.166304,0.695985,-0.041142,0.141124,0.724532,-0.050532,0.118515,0.746551,-0.057198,0.225042,0.670816,-0.034416,0.198711,0.716471,-0.046845,0.180211,0.741101,-0.053426,0.161045,0.76113,-0.058084
palm_open,0.301072,0.539283,0.0,0.266403,0.486623,-0.007727,0.223549,0.471005,-0.014246,0.18752,0.464149,-0.021359,0.15818,0.454596,-0.029497,0.189601,0.533953,-0.017804,0.145907,0.560301,-0.031989,0.12057,0.574344,-0.041173,0.097962,0.584584,-0.047806,0.196702,0.566024,-0.023491,0.150393,0.60595,-0.037861,0.120067,0.627466,-0.047907,0.093835,0.645889,-0.05523,0.212961,0.590368,-0.029838,0.177296,0.644506,-0.043482,0.153172,0.676764,-0.051423,0.130468,0.700922,-0.057099,0.235562,0.607765,-0.036729,0.21405,0.659173,-0.049852,0.197834,0.68709,-0.056155,0.180155,0.70975,-0.060244
palm_open,0.293241,0.468555,0.0,0.252649,0.432453,-0.007601,0.210884,0.428275,-0.014302,0.176206,0.430401,-0.021589,0.146438,0.430566,-0.030176,0.188711,0.499135,-0.02066,0.147674,0.541752,-0.03492,0.122904,0.564974,-0.043793,0.100958,0.582691,-0.050502,0.201085,0.53339,-0.026871,0.15918,0.586789,-0.043273,0.130601,0.61679,-0.055122,0.107509,0.639651,-0.064114,0.221156,0.557377,-0.03332,0.190528,0.619981,-0.048949,0.169511,0.654185,-0.058063,0.150757,0.677442,-0.064681,0.245074,0.572782,-0.040128,0.227881,0.629812,-0.055183,0.214705,0.659331,-0.062923,0.19979,0.682329,-0.068176
palm_open,0.284496,0.432813,0.0,0.24331,0.409939,-0.011291,0.200447,0.412675,-0.020228,0.166171,0.424178,-0.02857,0.13665,0.4304,-0.038073,0.187205,0.492604,-0.026444,0.149748,0.544581,-0.041934,0.127018,0.573336,-0.051287,0.106889,0.595563,-0.058029,0.202233,0.524446,-0.030607,0.16608,0.587499,-0.047281,0.140094,0.624658,-0.05877,0.118215,0.653439,-0.067187,0.224349,0.543957,-0.035047,0.198761,0.612172,-0.051164,0.18022,0.65435,-0.061046,0.162543,0.686502,-0.06792,0.250324,0.553631,-0.039849,0.238026,0.610074,-0.056013,0.228274,0.645026,-0.064324,0.21641,0.676646,-0.06947
palm_open,0.277868,0.426077,0.0,0.237544,0.407858,-0.011456,0.195178,0.416003,-0.020527,0.161756,0.431872,-0.028792,0.132724,0.440873,-0.037851,0.185153,0.5007,-0.025192,0.15033,0.556361,-0.039971,0.128942,0.588757,-0.048597,0.110168,0.613569,-0.05457,0.201499,0.532618,-0.028675,0.167091,0.598573,-0.044173,0.142824,0.639531,-0.054506,0.122804,0.671235,-0.061719,0.224306,0.551258,-0.032536,0.201537,0.623458,-0.047475,0.183795,0.668847,-0.056824,0.166689,0.702496,-0.063118,0.250342,0.559891,-0.036784,0.239527,0.616372,-0.051671,0.229386,0.652548,-0.059565,0.21728,0.684971,-0.064313
palm_open,0.270844,0.45523,0.0,0.229194,0.430059,-0.009781,0.187041,0.438126,-0.018726,0.151867,0.452024,-0.02668,0.123394,0.460436,-0.035531,0.175055,0.526076,-0.02564,0.138452,0.582022,-0.039421,0.115113,0.614756,-0.047231,0.095112,0.639124,-0.052494,0.191261,0.558975,-0.028815,0.153302,0.62715,-0.043428,0.126232,0.668332,-0.053075,0.103565,0.69829,-0.059745,0.213743,0.579179,-0.031894,0.187424,0.651883,-0.046221,0.167993,0.697508,-0.055996,0.150416,0.730152,-0.062319,0.238762,0.587705,-0.034931,0.225298,0.646255,-0.049326,0.214566,0.684338,-0.057368,0.201835,0.71757,-0.062005
palm_open,0.263504,0.471603,0.0,0.224737,0.446353,-0.01459,0.181458,0.449939,-0.025129,0.146633,0.459872,-0.034751,0.115937,0.464931,-0.045224,0.163352,0.540366,-0.025461,0.126211,0.586368,-0.042568,0.102034,0.615995,-0.05391,0.080144,0.639393,-0.061758,0.177047,0.57273,-0.029076,0.13668,0.629279,-0.046478,0.108607,0.665699,-0.059086,0.084344,0.695186,-0.067871,0.198501,0.591537,-0.033721,0.169193,0.656215,-0.050392,0.148669,0.698666,-0.061074,0.128535,0.730613,-0.068051,0.224871,0.601469,-0.039143,0.209663,0.658634,-0.054707,0.196445,0.692734,-0.062531,0.180797,0.722285,-0.067301
palm_open,0.263837,0.494628,0.0,0.228195,0.451204,-0.017647,0.18369,0.441452,-0.028318,0.146984,0.442388,-0.037873,0.115254,0.437998,-0.048052,0.152832,0.526031,-0.023765,0.1104,0.557743,-0.040977,0.082961,0.578145,-0.053378,0.059149,0.594799,-0.061946,0.162503,0.563573,-0.025927,0.116902,0.603833,-0.041788,0.086131,0.628921,-0.054299,0.059541,0.651585,-0.063135,0.18046,0.589566,-0.029838,0.145317,0.639183,-0.04507,0.120992,0.671165,-0.055353,0.098241,0.695649,-0.062216,0.204813,0.607448,-0.035165,0.183996,0.653199,-0.049176,0.167167,0.68057,-0.056182,0.148675,0.703879,-0.060588
palm_open,0.264753,0.529941,0.0,0.237245,0.464205,-0.016504,0.193209,0.43483,-0.024969,0.15682,0.423304,-0.032565,0.127808,0.409854,-0.040516,0.147819,0.508342,-0.018867,0.102826,0.524288,-0.034323,0.073238,0.533577,-0.045966,0.047526,0.54015,-0.054267,0.151415,0.551103,-0.020868,0.102188,0.576128,-0.035068,0.069601,0.587875,-0.046328,0.041626,0.598284,-0.054157,0.163924,0.58454,-0.024896,0.121214,0.620256,-0.039187,0.092327,0.642646,-0.04879,0.067045,0.659553,-0.054887,0.183124,0.610983,-0.030446,0.152177,0.645581,-0.043699,0.130502,0.666328,-0.050546,0.108856,0.683313,-0.054687
palm_open,0.261491,0.563835,0.0,0.245521,0.480172,-0.015155,0.207335,0.432177,-0.021524,0.174395,0.406954,-0.027409,0.148943,0.381642,-0.033824,0.152338,0.48813,-0.013791,0.108712,0.489486,-0.025966,0.080735,0.489469,-0.035976,0.056422,0.489605,-0.044011,0.147382,0.530737,-0.01701,0.095975,0.534082,-0.029372,0.062611,0.531799,-0.040729,0.034867,0.531998,-0.049287,0.152802,0.570246,-0.022547,0.106258,0.587759,-0.036526,0.075833,0.594582,-0.048128,0.049477,0.599639,-0.056157,0.165143,0.606017,-0.029497,0.130158,0.629916,-0.043368,0.106995,0.643613,-0.051812,0.083883,0.653255,-0.057833
palm_open,0.261517,0.578731,0.0,0.257199,0.495404,-0.013997,0.225377,0.431656,-0.017268,0.19729,0.394487,-0.020144,0.178371,0.362381,-0.022995,0.162774,0.469488,-0.005839,0.122124,0.452829,-0.015025,0.095993,0.442729,-0.023517,0.073454,0.433997,-0.030277,0.150789,0.508943,-0.007339,0.102987,0.495294,-0.015804,0.073136,0.481514,-0.024165,0.048667,0.471212,-0.030253,0.14937,0.548689,-0.011494,0.103219,0.550488,-0.021693,0.073461,0.547499,-0.030311,0.046973,0.544177,-0.036115,0.156132,0.586899,-0.017282,0.120044,0.5972,-0.027454,0.096601,0.600875,-0.033172,0.073573,0.600354,-0.037043
palm_open,0.253393,0.591218,0.0,0.259629,0.509477,-0.01378,0.23569,0.436059,-0.016155,0.21269,0.388108,-0.018124,0.19873,0.352501,-0.019939,0.168275,0.456094,-0.004324,0.132784,0.426444,-0.012015,0.109727,0.409689,-0.019482,0.088983,0.395957,-0.025777,0.15223,0.490041,-0.005287,0.109858,0.459723,-0.013248,0.083035,0.438844,-0.0215,0.059817,0.422495,-0.027692,0.146373,0.529256,-0.008848,0.102675,0.51681,-0.019244,0.076516,0.507765,-0.028147,0.052703,0.499418,-0.033986,0.148158,0.571774,-0.01396,0.111392,0.568645,-0.024268,0.088011,0.5653,-0.030587,0.064577,0.558052,-0.034956
palm_open,0.2404,0.60099,0.0,0.253565,0.520384,-0.012114,0.239439,0.4422,-0.013773,0.222026,0.386557,-0.015135,0.211981,0.346652,-0.016109,0.170707,0.445769,-0.00026,0.138366,0.405747,-0.005838,0.117356,0.384419,-0.011843,0.098347,0.367507,-0.017141,0.151712,0.476402,-0.001163,0.112194,0.435048,-0.007259,0.087798,0.407818,-0.014201,0.067319,0.386688,-0.019411,0.142337,0.514424,-0.004633,0.099913,0.491376,-0.0131,0.075805,0.4753,-0.020718,0.054181,0.460581,-0.025759,0.139887,0.557685,-0.009561,0.104578,0.544202,-0.018462,0.08276,0.535781,-0.023901,0.061015,0.523042,-0.027552
palm_open,0.22902,0.616561,0.0,0.246679,0.53411,-0.014188,0.239703,0.451108,-0.016559,0.226081,0.391261,-0.018371,0.218847,0.346384,-0.019597,0.170192,0.442124,0.000893,0.140434,0.395667,-0.004232,0.120631,0.370876,-0.010601,0.102793,0.350163,-0.016225,0.149282,0.471395,0.000911,0.113419,0.422848,-0.004222,0.090363,0.391119,-0.011716,0.071198,0.36645,-0.017505,0.13679,0.509824,-0.002026,0.09763,0.479915,-0.009943,0.074755,0.458912,-0.018248,0.054325,0.439518,-0.023849,0.130873,0.554419,-0.006669,0.096946,0.535425,-0.015452,0.075791,0.5235,-0.021227,0.055219,0.507038,-0.02507
palm_open,0.22429,0.631119,0.0,0.248502,0.555155,-0.01528,0.250345,0.471048,-0.018385,0.240175,0.408831,-0.020774,0.235861,0.363256,-0.022589,0.180695,0.44734,-0.00051,0.155487,0.395176,-0.006028,0.138132,0.365604,-0.01281,0.122466,0.341081,-0.018644,0.15799,0.472567,0.000234,0.126336,0.416186,-0.004416,0.10621,0.380592,-0.011864,0.089179,0.352543,-0.017933,0.14271,0.506771,-0.001951,0.107364,0.466481,-0.009215,0.086697,0.439556,-0.017342,0.068847,0.41621,-0.023031,0.133046,0.548009,-0.005972,0.101223,0.523218,-0.01423,0.08131,0.507529,-0.019758,0.063142,0.489416,-0.023466
palm_open,0.230284,0.653689,0.0,0.259516,0.585156,-0.014762,0.269653,0.50304,-0.017664,0.267858,0.435224,-0.020032,0.268846,0.387859,-0.022021,0.20526,0.456112,0.002256,0.186297,0.39573,-0.002539,0.173075,0.361218,-0.009523,0.160161,0.332537,-0.015184,0.181513,0.474399,0.002935,0.157374,0.409709,-0.000252,0.142086,0.368875,-0.007704,0.128044,0.335607,-0.013646,0.163069,0.50475,0.000689,0.134266,0.454039,-0.005272,0.117835,0.421534,-0.012419,0.103571,0.392522,-0.017263,0.148278,0.545418,-0.003423,0.120459,0.509399,-0.009857,0.103975,0.485473,-0.013341,0.089474,0.459258,-0.015479
palm_open,0.241259,0.665805,0.0,0.275675,0.603637,-0.013917,0.290724,0.525805,-0.015605,0.293179,0.458698,-0.016887,0.296135,0.412722,-0.017912,0.230772,0.468314,0.002742,0.215582,0.403676,-0.00163,0.20463,0.366986,-0.008348,0.193622,0.334618,-0.013959,0.206273,0.481114,0.003529,0.186383,0.41212,0.000454,0.174008,0.368675,-0.007239,0.162248,0.332679,-0.013526,0.186553,0.506103,0.001561,0.161402,0.451415,-0.00399,0.147175,0.416478,-0.011593,0.134812,0.385557,-0.016972,0.170114,0.540836,-0.002187,0.145372,0.50085,-0.008405,0.130431,0.475254,-0.012325,0.117637,0.448573,-0.014915
palm_open,0.250233,0.676502,0.0,0.292506,0.623945,-0.013141,0.314249,0.550112,-0.013925,0.321167,0.485933,-0.014337,0.329209,0.44363,-0.014449,0.261421,0.480404,0.003197,0.251739,0.412752,-0.000114,0.244298,0.374246,-0.005458,0.236439,0.340123,-0.01019,0.235496,0.486063,0.004169,0.222037,0.413287,0.001843,0.214658,0.368375,-0.004521,0.206948,0.330265,-0.009788,0.213719,0.504748,0.002486,0.194225,0.443411,-0.002545,0.183834,0.40695,-0.009379,0.174388,0.375504,-0.014078,0.194682,0.533875,-0.000894,0.173934,0.488016,-0.006677,0.161989,0.459338,-0.010335,0.15193,0.431189,-0.012665
palm_open,0.260705,0.673677,0.0,0.303236,0.631426,-0.012499,0.332918,0.571102,-0.015749,0.347751,0.515137,-0.018924,0.361592,0.478562,-0.021871,0.291544,0.491366,-0.000579,0.290143,0.422794,-0.006774,0.287538,0.383337,-0.013622,0.28443,0.348203,-0.018915,0.265826,0.489116,-0.000858,0.261517,0.414296,-0.005592,0.259348,0.369129,-0.012479,0.256367,0.33126,-0.017802,0.242765,0.500371,-0.003533,0.231544,0.435866,-0.009806,0.226354,0.397478,-0.015823,0.221837,0.364927,-0.019759,0.22132,0.522909,-0.007823,0.207662,0.472002,-0.013847,0.199759,0.440894,-0.016535,0.1931,0.411563,-0.017978
palm_open,0.272639,0.666769,0.0,0.316651,0.636953,-0.013913,0.349429,0.581449,-0.017178,0.366816,0.527887,-0.019835,0.382631,0.494124,-0.022306,0.314054,0.496531,-0.00322,0.317924,0.432172,-0.009726,0.318212,0.392621,-0.016952,0.317666,0.356732,-0.022643,0.289328,0.489038,-0.002611,0.290735,0.416901,-0.007589,0.2923,0.371857,-0.014611,0.292315,0.333697,-0.02016,0.265894,0.495477,-0.004352,0.259601,0.431056,-0.010743,0.257433,0.393158,-0.016826,0.255565,0.361239,-0.02101,0.242994,0.513466,-0.007821,0.233417,0.462198,-0.014444,0.227974,0.430666,-0.017745,0.223601,0.400768,-0.019709
palm_open,0.286557,0.659735,0.0,0.329911,0.63647,-0.013501,0.364227,0.585434,-0.01633,0.383638,0.53487,-0.018544,0.399814,0.501642,-0.020416,0.331872,0.497349,-0.001984,0.336969,0.435056,-0.008045,0.338471,0.397059,-0.015021,0.339339,0.363109,-0.020519,0.30803,0.488422,-0.001264,0.310666,0.418182,-0.005912,0.313503,0.375965,-0.012891,0.315527,0.340036,-0.018441,0.285463,0.492687,-0.002905,0.281257,0.428825,-0.008894,0.280454,0.3917,-0.014959,0.280521,0.360365,-0.019273,0.263016,0.507931,-0.006236,0.25513,0.457852,-0.012414,0.251126,0.426745,-0.015868,0.248839,0.39699,-0.018059
palm_open,0.301801,0.659297,0.0,0.345031,0.641002,-0.012838,0.378725,0.593035,-0.015144,0.398034,0.546099,-0.016952,0.415381,0.518899,-0.018602,0.349067,0.505292,-0.002062,0.355603,0.445827,-0.008038,0.357854,0.408735,-0.014732,0.359359,0.376296,-0.01993,0.326034,0.494205,-0.001401,0.330533,0.426159,-0.006032,0.334178,0.385021,-0.012629,0.336965,0.350297,-0.017796,0.303902,0.496236,-0.003019,0.301019,0.434097,-0.008808,0.300937,0.398147,-0.014692,0.301919,0.367919,-0.018854,0.281389,0.50861,-0.006249,0.274616,0.459234,-0.011922,0.271522,0.428533,-0.015166,0.270504,0.399273,-0.017334
palm_open,0.317525,0.663022,0.0,0.359347,0.644634,-0.011773,0.391177,0.60004,-0.014151,0.409675,0.556449,-0.016343,0.426305,0.529946,-0.018521,0.361839,0.512523,-0.001535,0.36787,0.455162,-0.007523,0.369832,0.419395,-0.014066,0.371447,0.388092,-0.01919,0.339646,0.502156,-0.001618,0.344516,0.435765,-0.00686,0.348265,0.394785,-0.013806,0.351106,0.359845,-0.019167,0.318208,0.504637,-0.003888,0.314847,0.443236,-0.010359,0.314029,0.407306,-0.016718,0.314644,0.37664,-0.021112,0.296486,0.517295,-0.007607,0.289952,0.467643,-0.013889,0.287039,0.436683,-0.017523,0.286391,0.40731,-0.019961
palm_open,0.328719,0.668088,0.0,0.368734,0.647906,-0.012539,0.39943,0.603869,-0.015185,0.417456,0.560969,-0.017368,0.431994,0.530273,-0.019368,0.369669,0.516976,-0.00156,0.37493,0.460576,-0.007352,0.376557,0.425072,-0.013765,0.377928,0.3939,-0.018812,0.347618,0.507466,-0.001303,0.352186,0.443295,-0.006552,0.355763,0.40233,-0.013644,0.358814,0.366873,-0.01905,0.326425,0.511077,-0.003349,0.323051,0.450817,-0.010324,0.322727,0.414235,-0.017104,0.323842,0.382648,-0.02159,0.305658,0.524994,-0.006859,0.29853,0.476261,-0.014107,0.295061,0.444614,-0.018387,0.293986,0.414231,-0.021062
palm_open,0.334764,0.671076,0.0,0.37516,0.652879,-0.013261,0.406053,0.611018,-0.016205,0.423829,0.567423,-0.018519,0.4381,0.535352,-0.020493,0.376331,0.52153,-0.001013,0.381294,0.46448,-0.006609,0.382838,0.428678,-0.012993,0.384148,0.397223,-0.01808,0.354701,0.511805,-0.000298,0.358611,0.446871,-0.005499,0.361803,0.404889,-0.012709,0.364484,0.369422,-0.018089,0.333754,0.515274,-0.002029,0.329443,0.454391,-0.009205,0.328794,0.417089,-0.016295,0.329665,0.384841,-0.020825,0.313166,0.52898,-0.005261,0.305816,0.479735,-0.01281,0.302368,0.448508,-0.017439,0.301502,0.418333,-0.020229
palm_open,0.338125,0.677113,0.0,0.378107,0.66096,-0.013234,0.408794,0.619509,-0.016258,0.427239,0.576339,-0.018707,0.442706,0.547444,-0.02071,0.381988,0.528912,-0.000697,0.387666,0.472016,-0.006066,0.389725,0.4368,-0.012248,0.391477,0.406277,-0.01726,0.360591,0.517999,-7.9e-05,0.365388,0.453176,-0.005182,0.369431,0.411361,-0.012163,0.372797,0.376013,-0.017402,0.339644,0.520585,-0.001971,0.336094,0.459641,-0.009202,0.336124,0.421937,-0.016429,0.337435,0.389247,-0.02107,0.319106,0.533469,-0.005366,0.31234,0.48387,-0.013037,0.309121,0.451906,-0.017951,0.308435,0.420602,-0.021004
palm_open,0.338765,0.679759,0.0,0.378915,0.664299,-0.012525,0.409585,0.623192,-0.01516,0.428313,0.581158,-0.01728,0.444103,0.553591,-0.019035,0.383179,0.533249,-0.000712,0.389495,0.475306,-0.006003,0.392033,0.440049,-0.012142,0.394139,0.40894,-0.017134,0.361866,0.522455,-0.000215,0.36714,0.457392,-0.005164,0.371713,0.415547,-0.012051,0.375736,0.379967,-0.017293,0.341102,0.524583,-0.002126,0.338228,0.463851,-0.009074,0.338689,0.426292,-0.016164,0.340438,0.393589,-0.020812,0.320562,0.536787,-0.005475,0.314472,0.487484,-0.0129,0.311568,0.455787,-0.017659,0.311225,0.424421,-0.020645
palm_open,0.337374,0.683554,0.0,0.377239,0.668929,-0.012788,0.408297,0.626775,-0.015725,0.427348,0.584409,-0.017934,0.443412,0.556402,-0.019832,0.383227,0.53665,-0.002857,0.389109,0.478009,-0.008385,0.39173,0.442828,-0.014489,0.394083,0.410992,-0.019519,0.361412,0.525397,-0.002384,0.366287,0.459366,-0.007604,0.371024,0.41802,-0.014481,0.375268,0.382528,-0.019772,0.34034,0.527292,-0.004147,0.337747,0.466125,-0.011144,0.337934,0.427846,-0.018157,0.339357,0.394009,-0.02282,0.319877,0.539494,-0.007323,0.314362,0.488993,-0.014828,0.311414,0.457189,-0.019553,0.310768,0.425147,-0.022511
palm_open,0.246189,0.534298,0.0,0.298156,0.526661,-0.016407,0.342027,0.476351,-0.022652,0.368777,0.426446,-0.028365,0.393887,0.394093,-0.034464,0.321454,0.357297,-0.013371,0.336711,0.28311,-0.026063,0.345577,0.23643,-0.036226,0.35464,0.194018,-0.044341,0.295447,0.33635,-0.015964,0.312126,0.249338,-0.029663,0.325911,0.193168,-0.041485,0.338427,0.143132,-0.050099,0.268072,0.336404,-0.021001,0.272453,0.248182,-0.036578,0.278477,0.191683,-0.048032,0.286387,0.141379,-0.055469,0.239531,0.353071,-0.0275,0.234503,0.282224,-0.043124,0.234137,0.234889,-0.051862,0.237297,0.188135,-0.057431
palm_open,0.219057,0.588181,0.0,0.271621,0.579389,-0.018272,0.313934,0.53245,-0.026104,0.341533,0.482868,-0.033143,0.366603,0.447107,-0.040369,0.295284,0.413877,-0.016362,0.310531,0.335462,-0.030176,0.319939,0.288212,-0.040985,0.32918,0.244909,-0.049386,0.268818,0.391715,-0.018164,0.284389,0.304546,-0.03294,0.297435,0.24924,-0.04528,0.309736,0.1995,-0.054045,0.241277,0.389927,-0.022378,0.245897,0.303245,-0.038347,0.251777,0.247687,-0.049748,0.259383,0.197927,-0.05693,0.21321,0.404416,-0.028168,0.210329,0.332423,-0.043872,0.210259,0.285785,-0.052417,0.212646,0.239581,-0.057609
palm_open,0.213674,0.619922,0.0,0.265624,0.60951,-0.018842,0.307845,0.560905,-0.026213,0.335572,0.510069,-0.032787,0.360475,0.472802,-0.039547,0.287448,0.44279,-0.014748,0.302353,0.364688,-0.027627,0.310854,0.317425,-0.038166,0.319105,0.273619,-0.046571,0.260882,0.421947,-0.016156,0.276219,0.336265,-0.030095,0.289411,0.280386,-0.042621,0.301164,0.229846,-0.051723,0.233082,0.421432,-0.020214,0.236953,0.334243,-0.036269,0.242735,0.278824,-0.048735,0.249956,0.229044,-0.056681,0.204831,0.436822,-0.025871,0.201197,0.363845,-0.042108,0.200244,0.317253,-0.051424,0.201368,0.271871,-0.057226
palm_open,0.21214,0.648775,0.0,0.262591,0.633025,-0.018735,0.305227,0.577213,-0.026083,0.331134,0.524432,-0.032556,0.354759,0.486745,-0.039161,0.282168,0.462424,-0.015367,0.295258,0.385878,-0.028522,0.303041,0.339193,-0.039347,0.310261,0.295702,-0.047971,0.255435,0.445156,-0.017087,0.268547,0.361259,-0.030534,0.280611,0.30613,-0.042417,0.291104,0.255401,-0.051158,0.22843,0.447802,-0.021482,0.229838,0.362567,-0.036905,0.234433,0.307607,-0.048441,0.240467,0.256848,-0.055947,0.201407,0.466934,-0.027573,0.194994,0.397154,-0.043339,0.192696,0.351048,-0.052071,0.192913,0.305643,-0.057538
palm_open,0.214273,0.66111,0.0,0.263608,0.640369,-0.017693,0.303577,0.579804,-0.025115,0.326762,0.524742,-0.031695,0.34896,0.485456,-0.038572,0.277732,0.475487,-0.017843,0.288602,0.399595,-0.032086,0.294792,0.353343,-0.042915,0.300551,0.309902,-0.051426,0.251537,0.461663,-0.019935,0.26188,0.377289,-0.034519,0.27206,0.322626,-0.045992,0.281142,0.271735,-0.054435,0.225466,0.46802,-0.024401,0.224225,0.384727,-0.039984,0.226788,0.329625,-0.050447,0.231128,0.278057,-0.057501,0.199508,0.49007,-0.030444,0.19058,0.424597,-0.045957,0.187277,0.380032,-0.05418,0.1865,0.335294,-0.059494
palm_open,0.215511,0.666403,0.0,0.262543,0.633058,-0.01649,0.298213,0.566882,-0.025315,0.317891,0.510043,-0.033593,0.339287,0.466682,-0.042572,0.26899,0.476849,-0.021285,0.276646,0.400654,-0.038459,0.28205,0.353957,-0.050938,0.287566,0.308993,-0.060362,0.242984,0.47035,-0.025148,0.249048,0.385534,-0.042441,0.256976,0.328476,-0.055256,0.264573,0.274761,-0.064718,0.217195,0.483514,-0.031047,0.213304,0.399283,-0.048703,0.215216,0.344035,-0.059274,0.219148,0.292109,-0.06641,0.192148,0.511795,-0.038271,0.180444,0.448559,-0.055444,0.175795,0.403869,-0.064071,0.172907,0.358714,-0.069609
palm_open,0.21553,0.667439,0.0,0.260306,0.626838,-0.017097,0.291111,0.556548,-0.026513,0.307169,0.497278,-0.035152,0.325811,0.449313,-0.044627,0.254833,0.473723,-0.023346,0.25636,0.395127,-0.040891,0.259034,0.347705,-0.053249,0.262515,0.302438,-0.062449,0.228706,0.47265,-0.026907,0.229907,0.38606,-0.044572,0.235032,0.328555,-0.057511,0.24063,0.27513,-0.067074,0.204234,0.491911,-0.032375,0.19502,0.408975,-0.049934,0.193675,0.354046,-0.060304,0.195197,0.303481,-0.067379,0.181462,0.525969,-0.03918,0.164449,0.465942,-0.056234,0.157297,0.422667,-0.064909,0.151948,0.378121,-0.070513
palm_open,0.202725,0.673904,0.0,0.25031,0.634809,-0.019136,0.28279,0.562208,-0.028975,0.298752,0.499746,-0.037505,0.316473,0.450161,-0.046811,0.243487,0.47562,-0.0247,0.24485,0.39742,-0.042212,0.245302,0.348017,-0.054803,0.245725,0.301236,-0.064383,0.21576,0.47536,-0.027473,0.216101,0.38811,-0.046041,0.218869,0.327734,-0.059867,0.221167,0.270914,-0.06985,0.190232,0.495884,-0.032237,0.179333,0.412822,-0.051002,0.175525,0.356813,-0.062163,0.174131,0.305023,-0.069314,0.167169,0.531615,-0.038422,0.149927,0.471905,-0.056509,0.141071,0.428998,-0.065528,0.133701,0.38434,-0.071044
palm_open,0.190998,0.680435,0.0,0.239967,0.642648,-0.020454,0.273594,0.572196,-0.03057,0.290325,0.510522,-0.039242,0.308092,0.461121,-0.048405,0.233063,0.478383,-0.023846,0.235174,0.39879,-0.041157,0.23547,0.348177,-0.053816,0.235375,0.300346,-0.063466,0.2042,0.476291,-0.02602,0.20487,0.387585,-0.044756,0.207475,0.326278,-0.058763,0.209501,0.269239,-0.06866,0.177636,0.495348,-0.03043,0.166996,0.412339,-0.049456,0.163934,0.354933,-0.06083,0.163328,0.301348,-0.067881,0.153434,0.529793,-0.036439,0.136756,0.468559,-0.054721,0.128257,0.424837,-0.063817,0.12155,0.37858,-0.069218
palm_open,0.165573,0.688073,0.0,0.216475,0.65757,-0.021356,0.254666,0.592701,-0.031526,0.277421,0.532587,-0.039987,0.297661,0.483951,-0.048696,0.222725,0.483489,-0.021843,0.227994,0.402121,-0.037762,0.23033,0.351318,-0.050118,0.232195,0.304215,-0.059541,0.193035,0.475727,-0.023187,0.197224,0.384676,-0.039265,0.201869,0.325063,-0.052266,0.205799,0.270552,-0.061603,0.164065,0.489562,-0.027051,0.158159,0.402189,-0.044098,0.156096,0.343896,-0.055381,0.156056,0.28971,-0.062579,0.136166,0.520007,-0.032677,0.123369,0.454257,-0.049488,0.11645,0.40977,-0.05809,0.111946,0.362888,-0.063172
palm_open,0.12758,0.694966,0.0,0.181633,0.678169,-0.022642,0.227009,0.62094,-0.033402,0.256319,0.564434,-0.042303,0.282424,0.521371,-0.051308,0.20596,0.501365,-0.023106,0.2182,0.417379,-0.03913,0.224759,0.365775,-0.051427,0.230143,0.317908,-0.060794,0.176001,0.485541,-0.024141,0.188118,0.39134,-0.040457,0.198307,0.331141,-0.053599,0.206616,0.27688,-0.062974,0.145726,0.492155,-0.027794,0.147227,0.401937,-0.04468,0.150846,0.342181,-0.056349,0.155388,0.288151,-0.063792,0.115487,0.5157,-0.033385,0.108604,0.445171,-0.049787,0.105692,0.397185,-0.058681,0.104686,0.348057,-0.064033
palm_open,0.085531,0.688639,0.0,0.141984,0.692214,-0.022971,0.19451,0.650046,-0.033837,0.23132,0.603505,-0.042856,0.262656,0.569995,-0.051892,0.188279,0.520479,-0.022321,0.21009,0.439158,-0.038116,0.222622,0.388819,-0.050514,0.233248,0.343028,-0.05988,0.159915,0.493298,-0.023094,0.183178,0.402553,-0.03839,0.199825,0.344641,-0.051266,0.214021,0.292629,-0.060634,0.128654,0.487815,-0.026647,0.141881,0.398209,-0.042614,0.151517,0.340676,-0.054285,0.161318,0.289768,-0.061943,0.095062,0.49934,-0.032213,0.096773,0.427078,-0.047642,0.099277,0.379456,-0.056128,0.103834,0.332625,-0.061377
palm_open,0.049576,0.678325,0.0,0.106495,0.696192,-0.023679,0.164449,0.667068,-0.034014,0.206733,0.630816,-0.042645,0.241207,0.605742,-0.051085,0.169179,0.535788,-0.020127,0.199985,0.461827,-0.035303,0.217866,0.415571,-0.047865,0.233467,0.373238,-0.057414,0.143635,0.498764,-0.02058,0.176496,0.415819,-0.035014,0.199248,0.362732,-0.047905,0.219178,0.315473,-0.057428,0.113041,0.482996,-0.024113,0.136223,0.397345,-0.0395,0.151812,0.344941,-0.051056,0.166806,0.299503,-0.058707,0.078064,0.484066,-0.029851,0.08867,0.411966,-0.044672,0.096148,0.364605,-0.052689,0.105017,0.318852,-0.057727
palm_open,0.034835,0.670615,0.0,0.090504,0.696185,-0.025143,0.149277,0.676509,-0.036017,0.191213,0.6426,-0.044919,0.226666,0.615475,-0.053463,0.159388,0.540331,-0.021226,0.192669,0.470762,-0.037389,0.21198,0.426546,-0.050343,0.229151,0.386275,-0.060147,0.13486,0.499374,-0.021361,0.170168,0.421235,-0.036815,0.194759,0.372051,-0.050083,0.216773,0.328957,-0.059899,0.104595,0.480405,-0.024814,0.130503,0.399033,-0.041374,0.148493,0.348573,-0.053324,0.166613,0.304393,-0.061314,0.069554,0.478622,-0.030603,0.081584,0.40763,-0.047031,0.090369,0.360818,-0.055908,0.101064,0.315255,-0.061474
palm_open,0.052466,0.674287,0.0,0.11071,0.688795,-0.019646,0.169349,0.663278,-0.026575,0.209281,0.629954,-0.032709,0.241663,0.606678,-0.039006,0.168117,0.531828,-0.01332,0.201062,0.465731,-0.026077,0.219957,0.423611,-0.037278,0.236516,0.385321,-0.046044,0.142877,0.496238,-0.015251,0.177199,0.417549,-0.027452,0.201379,0.367113,-0.040064,0.222415,0.322699,-0.049756,0.11278,0.480437,-0.020125,0.138364,0.397792,-0.034554,0.156152,0.345128,-0.047263,0.173345,0.300413,-0.056115,0.078225,0.479687,-0.026885,0.088505,0.407407,-0.042273,0.096574,0.358762,-0.051397,0.106976,0.314226,-0.057348
palm_open,0.098566,0.683084,0.0,0.156056,0.682435,-0.017369,0.208723,0.642787,-0.024067,0.242312,0.599594,-0.030721,0.272541,0.571988,-0.038134,0.196564,0.516393,-0.013563,0.219418,0.44209,-0.02773,0.23455,0.397632,-0.039577,0.249286,0.358122,-0.048493,0.168579,0.486707,-0.016418,0.192768,0.402779,-0.029661,0.211954,0.349951,-0.042246,0.230147,0.302845,-0.051838,0.138397,0.477467,-0.02198,0.154675,0.394528,-0.036689,0.167552,0.340448,-0.048321,0.181464,0.293385,-0.056415,0.10597,0.484896,-0.029321,0.109312,0.414338,-0.044378,0.113739,0.366196,-0.052857,0.120975,0.320783,-0.058312
palm_open,0.15649,0.684382,0.0,0.209058,0.669718,-0.017538,0.256316,0.627316,-0.025344,0.284256,0.579394,-0.033107,0.310371,0.54692,-0.041512,0.234759,0.503502,-0.014894,0.25122,0.4253,-0.029542,0.261922,0.379322,-0.041335,0.272198,0.337002,-0.049802,0.207667,0.481461,-0.017022,0.223636,0.394069,-0.030429,0.236801,0.338494,-0.042281,0.248515,0.288263,-0.050945,0.179363,0.478962,-0.021713,0.185982,0.392294,-0.035919,0.19248,0.335648,-0.046684,0.199782,0.286012,-0.053944,0.149401,0.492046,-0.02815,0.14556,0.420072,-0.041889,0.144174,0.372627,-0.049122,0.145704,0.328147,-0.053541
palm_open,0.225152,0.698337,0.0,0.271888,0.664598,-0.013355,0.307079,0.600416,-0.01893,0.324115,0.544048,-0.025133,0.343281,0.504455,-0.031994,0.272133,0.489649,-0.01199,0.278285,0.410873,-0.025694,0.284778,0.365094,-0.036519,0.291311,0.324377,-0.044427,0.24552,0.479728,-0.015806,0.249694,0.389991,-0.028576,0.257508,0.333204,-0.039458,0.264938,0.282711,-0.047587,0.22053,0.489211,-0.02193,0.213078,0.402832,-0.034992,0.21379,0.346162,-0.045165,0.217182,0.296175,-0.052481,0.19605,0.515252,-0.029594,0.181663,0.446674,-0.042086,0.176406,0.399724,-0.049545,0.175028,0.354936,-0.054786
palm_open,0.280674,0.703424,0.0,0.323029,0.658916,-0.009037,0.347868,0.581742,-0.012199,0.360251,0.522,-0.016814,0.375554,0.479847,-0.022008,0.310151,0.486098,-0.006029,0.308914,0.407988,-0.017715,0.310334,0.360003,-0.027106,0.312479,0.315582,-0.034346,0.286677,0.482612,-0.011492,0.282843,0.395041,-0.022271,0.286042,0.337124,-0.031138,0.288266,0.284519,-0.037688,0.265914,0.498126,-0.019076,0.250225,0.419525,-0.030186,0.245585,0.367213,-0.037575,0.243521,0.318581,-0.042859,0.247377,0.530298,-0.028091,0.225689,0.471894,-0.038988,0.21629,0.430126,-0.044359,0.209902,0.388946,-0.047961
palm_open,0.327871,0.700785,0.0,0.366796,0.65528,-0.005954,0.386439,0.576511,-0.007848,0.395877,0.521035,-0.011576,0.408504,0.482502,-0.015569,0.35321,0.48577,-0.002414,0.348949,0.410688,-0.013078,0.348573,0.365928,-0.021513,0.349452,0.324293,-0.028206,0.332175,0.484034,-0.00885,0.325717,0.399947,-0.01937,0.327033,0.344845,-0.027358,0.327855,0.293982,-0.033305,0.313615,0.499567,-0.017359,0.296787,0.423456,-0.028416,0.293396,0.373121,-0.03517,0.291645,0.326507,-0.040014,0.297781,0.530103,-0.027023,0.277152,0.474611,-0.037395,0.268752,0.433328,-0.042415,0.262534,0.392256,-0.046138
palm_open,0.36794,0.703879,0.0,0.405519,0.662329,-0.004943,0.42354,0.589759,-0.007496,0.433059,0.53679,-0.012077,0.445489,0.498184,-0.017168,0.393544,0.497717,-0.003339,0.391756,0.423305,-0.014715,0.392843,0.379057,-0.023364,0.395622,0.337892,-0.030147,0.375997,0.496139,-0.010587,0.370993,0.413122,-0.022089,0.374192,0.357731,-0.03049,0.376778,0.30554,-0.036811,0.360383,0.511068,-0.019725,0.344501,0.434797,-0.031622,0.342502,0.385434,-0.038389,0.34205,0.338174,-0.043227,0.347353,0.540454,-0.029815,0.327338,0.484644,-0.041019,0.320654,0.444162,-0.046234,0.316336,0.403221,-0.050149
palm_open,0.397507,0.70452,0.0,0.433273,0.668702,-0.002734,0.449844,0.601544,-0.005052,0.45936,0.554811,-0.009481,0.471522,0.519626,-0.014655,0.430273,0.5091,-0.003998,0.430704,0.434942,-0.015193,0.434396,0.391719,-0.023243,0.439403,0.352368,-0.029478,0.415835,0.506742,-0.011934,0.414342,0.424719,-0.022595,0.420152,0.373472,-0.029989,0.425262,0.325509,-0.035664,0.402213,0.519445,-0.021444,0.390352,0.442216,-0.032372,0.391251,0.393557,-0.038639,0.393465,0.346685,-0.043405,0.389973,0.545357,-0.031625,0.372027,0.490477,-0.042228,0.367653,0.449519,-0.047391,0.36603,0.407688,-0.051432
palm_open,0.419782,0.704553,0.0,0.456139,0.67619,-0.000283,0.473571,0.614089,-0.000566,0.483163,0.572724,-0.003455,0.497027,0.542655,-0.006987,0.461569,0.521096,0.001571,0.46286,0.449871,-0.007953,0.468256,0.40729,-0.015393,0.475138,0.369715,-0.021334,0.449222,0.515239,-0.007106,0.449879,0.435492,-0.016086,0.458525,0.386726,-0.023112,0.467369,0.342778,-0.02857,0.436866,0.523485,-0.017416,0.428851,0.446127,-0.02699,0.431729,0.398957,-0.033113,0.436653,0.3552,-0.037818,0.425482,0.544919,-0.028303,0.411879,0.488347,-0.037696,0.410586,0.448217,-0.042543,0.412525,0.408082,-0.04646
palm_open,0.441424,0.698779,0.0,0.47694,0.678583,0.000668,0.497308,0.621889,0.001716,0.507938,0.584549,0.000145,0.520479,0.560018,-0.001671,0.492764,0.530497,0.00585,0.498931,0.465977,-0.001891,0.507917,0.429405,-0.00865,0.518189,0.398122,-0.013963,0.482156,0.522079,-0.002422,0.485964,0.44495,-0.009393,0.496995,0.399778,-0.01543,0.508008,0.360095,-0.0202,0.470955,0.52612,-0.012398,0.468577,0.451537,-0.020189,0.474603,0.407845,-0.025085,0.481882,0.367949,-0.028875,0.459322,0.542002,-0.022991,0.450844,0.484654,-0.030524,0.453329,0.446939,-0.03392,0.458481,0.409845,-0.036792
palm_open,0.466231,0.677133,0.0,0.504336,0.6654,-0.000445,0.529593,0.615092,0.000428,0.542405,0.578853,-0.001095,0.556515,0.558536,-0.002927,0.525049,0.525181,0.003965,0.536324,0.465258,-0.004155,0.547625,0.431338,-0.011111,0.559307,0.403084,-0.016587,0.51379,0.515755,-0.00319,0.522806,0.442669,-0.010935,0.536168,0.399215,-0.017987,0.548962,0.360977,-0.023422,0.501922,0.519012,-0.011954,0.502917,0.447557,-0.021046,0.510006,0.405011,-0.027685,0.517912,0.367154,-0.032395,0.48971,0.534815,-0.021257,0.482834,0.479255,-0.030533,0.48436,0.441228,-0.035827,0.488162,0.404458,-0.039784
palm_open,0.498541,0.653036,0.0,0.537547,0.637893,-0.002597,0.564105,0.587035,-0.003534,0.578781,0.548222,-0.006532,0.595459,0.526832,-0.010193,0.556215,0.505121,-0.001744,0.56627,0.442737,-0.011517,0.576286,0.406879,-0.019223,0.586975,0.375229,-0.025042,0.541643,0.49406,-0.00783,0.549402,0.421875,-0.017004,0.559745,0.377593,-0.0245,0.569608,0.336952,-0.029777,0.526584,0.497263,-0.015212,0.524642,0.426959,-0.024407,0.529307,0.381603,-0.03082,0.535327,0.339239,-0.035326,0.511478,0.514408,-0.023243,0.502554,0.460715,-0.032351,0.501708,0.423001,-0.037303,0.503478,0.385232,-0.040626
palm_open,0.528072,0.63481,0.0,0.56544,0.619952,-0.009667,0.59424,0.577896,-0.015444,0.614067,0.539792,-0.022042,0.63284,0.512009,-0.029162,0.580348,0.487472,-0.011054,0.59003,0.423397,-0.02374,0.59937,0.38721,-0.033027,0.609338,0.354753,-0.039614,0.563244,0.476826,-0.01521,0.569719,0.401265,-0.026891,0.578245,0.35508,-0.035615,0.586086,0.313306,-0.041555,0.545905,0.482616,-0.020978,0.540535,0.41151,-0.032484,0.541728,0.364399,-0.039605,0.545484,0.320901,-0.044198,0.529238,0.502081,-0.027902,0.517037,0.448062,-0.038793,0.513665,0.409928,-0.044224,0.514005,0.372413,-0.047503
palm_open,0.551355,0.643528,0.0,0.586966,0.628751,-0.015082,0.615616,0.59064,-0.025193,0.634885,0.55189,-0.035069,0.655054,0.518207,-0.04526,0.603914,0.500025,-0.018181,0.615464,0.434812,-0.033655,0.625388,0.396718,-0.044597,0.635008,0.361706,-0.05204,0.584997,0.488498,-0.020904,0.592907,0.412283,-0.034684,0.601431,0.363826,-0.044117,0.608378,0.320257,-0.050389,0.565954,0.494679,-0.02558,0.560703,0.423043,-0.038629,0.561672,0.373853,-0.045712,0.564947,0.328941,-0.050113,0.547585,0.515335,-0.031778,0.536189,0.46063,-0.043397,0.532709,0.42315,-0.048524,0.531753,0.385858,-0.051501
palm_open,0.554791,0.639484,0.0,0.591534,0.629081,-0.015996,0.624804,0.592009,-0.025974,0.646986,0.555818,-0.035213,0.667952,0.526622,-0.044683,0.611281,0.501298,-0.01995,0.623911,0.439347,-0.035252,0.635136,0.403263,-0.045831,0.646197,0.371122,-0.053126,0.59144,0.487889,-0.022297,0.601656,0.414292,-0.036593,0.612133,0.367697,-0.046426,0.621007,0.325784,-0.053001,0.571645,0.493014,-0.026613,0.567723,0.422153,-0.040496,0.569386,0.373996,-0.048656,0.573646,0.330029,-0.05374,0.552462,0.51268,-0.032394,0.54203,0.458086,-0.044915,0.538483,0.421648,-0.050846,0.538131,0.385084,-0.054434
palm_open,0.550127,0.627526,0.0,0.587488,0.619362,-0.018022,0.620957,0.584591,-0.028394,0.643087,0.547079,-0.037495,0.664573,0.515421,-0.046738,0.607403,0.490366,-0.022082,0.621692,0.426403,-0.036872,0.63174,0.388638,-0.046985,0.641422,0.354816,-0.054173,0.586316,0.475398,-0.023176,0.59599,0.40187,-0.037848,0.60478,0.353789,-0.048413,0.612197,0.310817,-0.055606,0.565067,0.47972,-0.026105,0.561272,0.409401,-0.040443,0.562482,0.36301,-0.04892,0.566189,0.320835,-0.054183,0.54479,0.498903,-0.030531,0.534554,0.445453,-0.043882,0.530235,0.410214,-0.05036,0.528528,0.373585,-0.054082
palm_open,0.544487,0.618764,0.0,0.581654,0.608415,-0.019431,0.613751,0.572248,-0.030465,0.6355,0.533929,-0.040064,0.656726,0.500633,-0.049753,0.598135,0.480543,-0.022332,0.61089,0.41725,-0.036923,0.619969,0.37906,-0.047078,0.628616,0.343781,-0.054484,0.577151,0.466023,-0.022744,0.585715,0.393451,-0.036946,0.593726,0.346239,-0.047555,0.600776,0.302808,-0.055057,0.556292,0.470745,-0.025132,0.552081,0.40264,-0.039012,0.552342,0.356342,-0.047556,0.554769,0.314152,-0.053164,0.536641,0.490128,-0.029176,0.526268,0.439218,-0.042096,0.521923,0.40464,-0.048588,0.51959,0.368736,-0.052582
palm_open,0.538404,0.599813,0.0,0.57547,0.590263,-0.020014,0.608258,0.555013,-0.031489,0.630126,0.517492,-0.041421,0.651349,0.484914,-0.051588,0.591879,0.465433,-0.024349,0.605551,0.401816,-0.039142,0.614179,0.364324,-0.049238,0.621663,0.330432,-0.056505,0.570502,0.451435,-0.024665,0.578896,0.377824,-0.039038,0.586117,0.329967,-0.049624,0.591924,0.287623,-0.057097,0.548892,0.456423,-0.02688,0.544665,0.388022,-0.04074,0.544597,0.3425,-0.049221,0.546636,0.301636,-0.054816,0.528141,0.476051,-0.030749,0.518239,0.425521,-0.04338,0.513432,0.392176,-0.049447,0.510519,0.358297,-0.053174
palm_open,0.531296,0.580672,0.0,0.569437,0.567807,-0.018628,0.602497,0.528484,-0.028791,0.624426,0.489011,-0.037533,0.646176,0.459434,-0.046578,0.581701,0.440285,-0.023749,0.595033,0.373901,-0.038251,0.603899,0.335628,-0.048055,0.611768,0.301079,-0.05521,0.559411,0.426967,-0.024792,0.567383,0.350963,-0.038896,0.574454,0.301865,-0.049539,0.579954,0.259088,-0.057078,0.5377,0.433243,-0.027639,0.532385,0.362676,-0.041866,0.530657,0.3155,-0.051324,0.530816,0.274008,-0.057459,0.517092,0.454694,-0.03195,0.5059,0.403049,-0.045372,0.49965,0.368783,-0.052395,0.49577,0.3339,-0.056709
palm_open,0.529835,0.573068,0.0,0.568109,0.561309,-0.021279,0.600492,0.519148,-0.033056,0.622592,0.476279,-0.042857,0.645977,0.443054,-0.052776,0.580426,0.42436,-0.026446,0.593336,0.354321,-0.041955,0.600987,0.310843,-0.052362,0.60801,0.272245,-0.059929,0.556431,0.410083,-0.026475,0.56315,0.330052,-0.041733,0.569408,0.27823,-0.052732,0.574739,0.232495,-0.060192,0.533129,0.41667,-0.028482,0.526749,0.343199,-0.044031,0.525622,0.294038,-0.05423,0.526762,0.249985,-0.060612,0.511638,0.439231,-0.032064,0.499898,0.385506,-0.046756,0.493166,0.35023,-0.054448,0.48882,0.313408,-0.058974
palm_open,0.525147,0.580513,0.0,0.565683,0.565059,-0.021038,0.598222,0.519435,-0.032337,0.620575,0.473842,-0.041754,0.644465,0.441652,-0.051381,0.574207,0.423587,-0.026689,0.586165,0.352915,-0.042545,0.593852,0.308985,-0.053157,0.60021,0.26887,-0.060999,0.548968,0.411233,-0.027189,0.555481,0.32968,-0.043453,0.561637,0.275784,-0.055288,0.565982,0.228022,-0.063494,0.524975,0.420216,-0.029583,0.517661,0.345138,-0.046121,0.51545,0.293691,-0.056877,0.515508,0.247676,-0.063668,0.503121,0.444483,-0.033512,0.489874,0.390004,-0.049139,0.483081,0.35268,-0.057467,0.478796,0.314005,-0.062542
palm_open,0.520502,0.5824,0.0,0.562423,0.568709,-0.022,0.5961,0.524178,-0.033517,0.617735,0.479043,-0.042956,0.639556,0.443943,-0.052696,0.569289,0.425633,-0.028499,0.579978,0.354046,-0.044309,0.586354,0.309317,-0.054799,0.591571,0.268305,-0.062631,0.54331,0.413843,-0.028573,0.548269,0.331714,-0.044852,0.552952,0.277392,-0.056951,0.556136,0.228531,-0.065587,0.518985,0.423435,-0.030478,0.510914,0.347863,-0.047151,0.507076,0.296425,-0.058526,0.505504,0.249807,-0.065963,0.497048,0.448348,-0.033945,0.482639,0.394028,-0.050015,0.474577,0.357327,-0.058887,0.469077,0.318965,-0.064482
palm_open,0.519923,0.575179,0.0,0.561158,0.562993,-0.021282,0.595384,0.517312,-0.031846,0.615891,0.471679,-0.04042,0.636749,0.438392,-0.049427,0.56775,0.421119,-0.027189,0.577969,0.350794,-0.042486,0.583922,0.305876,-0.052826,0.588107,0.265788,-0.060353,0.541417,0.409046,-0.027117,0.546799,0.326177,-0.041702,0.551435,0.272594,-0.052252,0.553836,0.225181,-0.0597,0.51687,0.417436,-0.028942,0.509268,0.341389,-0.044199,0.505607,0.291754,-0.054255,0.503385,0.247515,-0.060685,0.494401,0.441281,-0.032386,0.480906,0.385812,-0.047133,0.472708,0.349923,-0.054731,0.466923,0.313759,-0.059323
palm_open,0.526907,0.557021,0.0,0.567764,0.545269,-0.022521,0.600674,0.502685,-0.03373,0.620415,0.456827,-0.042675,0.640959,0.421787,-0.051945,0.570634,0.403542,-0.027498,0.579986,0.334102,-0.04266,0.584614,0.289523,-0.052895,0.587923,0.249974,-0.060343,0.54466,0.391312,-0.026632,0.548711,0.307329,-0.041191,0.55167,0.255403,-0.051748,0.553102,0.209231,-0.059153,0.520564,0.399856,-0.027747,0.512795,0.324258,-0.043158,0.508119,0.276272,-0.053463,0.505219,0.233276,-0.060037,0.498439,0.423788,-0.030547,0.484729,0.369594,-0.0454,0.476145,0.335059,-0.05321,0.470294,0.299675,-0.057933
palm_open,0.538755,0.544515,0.0,0.579355,0.533272,-0.021969,0.611473,0.490575,-0.032976,0.630725,0.443985,-0.041984,0.651295,0.410448,-0.051265,0.580024,0.39007,-0.026264,0.588878,0.32137,-0.041219,0.593487,0.275998,-0.051451,0.596425,0.235501,-0.058899,0.554398,0.377416,-0.025452,0.558739,0.294562,-0.039577,0.562584,0.241595,-0.049624,0.564374,0.195671,-0.056676,0.530622,0.385525,-0.026617,0.523305,0.31075,-0.04147,0.518708,0.262993,-0.051005,0.515563,0.220276,-0.05697,0.508766,0.409458,-0.02952,0.495218,0.35526,-0.044039,0.486401,0.320725,-0.051281,0.479816,0.286455,-0.055452
palm_open,0.543071,0.525614,0.0,0.583615,0.516498,-0.021971,0.616067,0.475408,-0.033274,0.63488,0.429416,-0.042497,0.655156,0.393844,-0.051913,0.588355,0.371595,-0.025819,0.598934,0.30342,-0.041086,0.603841,0.257719,-0.051862,0.607327,0.216763,-0.059736,0.56334,0.357978,-0.025103,0.569302,0.275903,-0.039718,0.573634,0.222726,-0.050868,0.576466,0.176697,-0.058962,0.539038,0.364867,-0.026381,0.535334,0.287969,-0.041877,0.531647,0.239196,-0.052615,0.529105,0.196512,-0.059524,0.515462,0.387422,-0.029269,0.504357,0.330179,-0.044534,0.496649,0.294391,-0.052688,0.490574,0.259072,-0.05758
palm_open,0.533966,0.514205,0.0,0.574172,0.506415,-0.023688,0.606112,0.467153,-0.034584,0.622169,0.421803,-0.043093,0.640574,0.388468,-0.051582,0.580556,0.361056,-0.025124,0.591105,0.293543,-0.039391,0.595183,0.248373,-0.049878,0.597778,0.207263,-0.057784,0.556503,0.345462,-0.023136,0.56319,0.265545,-0.036807,0.567292,0.213166,-0.047794,0.569766,0.166149,-0.055675,0.533373,0.350167,-0.023277,0.530242,0.276315,-0.03778,0.52798,0.229404,-0.04792,0.526139,0.187046,-0.054407,0.51076,0.370622,-0.025325,0.50297,0.316661,-0.03963,0.497184,0.283227,-0.047147,0.491937,0.250315,-0.051549
palm_open,0.538685,0.514999,0.0,0.576397,0.505517,-0.02258,0.60593,0.465883,-0.032088,0.618662,0.419781,-0.039457,0.634541,0.385242,-0.046497,0.57949,0.361645,-0.021077,0.587345,0.295199,-0.033755,0.589977,0.252792,-0.043129,0.591334,0.213957,-0.050172,0.556371,0.346679,-0.018973,0.560949,0.26797,-0.030958,0.563911,0.217217,-0.040575,0.56547,0.172905,-0.047459,0.535415,0.351402,-0.019224,0.532163,0.279899,-0.032211,0.529046,0.233001,-0.04168,0.526327,0.191306,-0.047775,0.515394,0.37123,-0.021419,0.506419,0.318819,-0.034403,0.499945,0.285084,-0.041432,0.494423,0.252783,-0.045601
palm_open,0.555852,0.528938,0.0,0.590085,0.515047,-0.021445,0.615824,0.476004,-0.031946,0.624846,0.429795,-0.04059,0.639094,0.394529,-0.049156,0.589296,0.37468,-0.022012,0.594839,0.309878,-0.036556,0.59603,0.266753,-0.047384,0.596603,0.227173,-0.055287,0.567639,0.361804,-0.020808,0.570247,0.284439,-0.034534,0.571882,0.235108,-0.044939,0.572684,0.190294,-0.052238,0.54816,0.367355,-0.021746,0.54448,0.296426,-0.035697,0.541578,0.250817,-0.044503,0.53866,0.210468,-0.049971,0.529435,0.387202,-0.024476,0.521518,0.334281,-0.037347,0.516602,0.300269,-0.04341,0.511611,0.268327,-0.046836
palm_open,0.563019,0.530289,0.0,0.595483,0.515566,-0.023357,0.619439,0.478597,-0.034247,0.626683,0.435017,-0.042798,0.638202,0.398523,-0.051,0.592872,0.38006,-0.021218,0.597685,0.318399,-0.034661,0.597696,0.277537,-0.045344,0.597118,0.23955,-0.053232,0.572724,0.368244,-0.018404,0.575109,0.294099,-0.030529,0.57577,0.246629,-0.040752,0.575775,0.203075,-0.048275,0.554789,0.373782,-0.017982,0.551977,0.307454,-0.03026,0.549311,0.264738,-0.039247,0.546464,0.226706,-0.045223,0.537263,0.392334,-0.019633,0.5302,0.344347,-0.031026,0.525156,0.312748,-0.037136,0.519819,0.28271,-0.040974
palm_open,0.564625,0.526308,0.0,0.593308,0.512128,-0.025066,0.614471,0.476865,-0.037059,0.618858,0.43532,-0.04637,0.630514,0.398614,-0.055266,0.590624,0.37856,-0.022929,0.594611,0.318776,-0.036501,0.59448,0.279743,-0.047643,0.59374,0.242745,-0.055844,0.571845,0.367107,-0.01902,0.573591,0.296763,-0.030687,0.573047,0.250715,-0.041087,0.572018,0.208231,-0.048884,0.555417,0.372423,-0.017556,0.552038,0.308803,-0.029034,0.548953,0.267683,-0.037836,0.546058,0.230752,-0.043922,0.539105,0.39131,-0.018377,0.532326,0.344244,-0.028866,0.52744,0.314294,-0.034517,0.522473,0.286689,-0.038201
palm_open,0.551987,0.525634,0.0,0.577427,0.508532,-0.027645,0.594183,0.472893,-0.040165,0.594474,0.433598,-0.049195,0.598016,0.393802,-0.057374,0.567219,0.381061,-0.024482,0.567357,0.320905,-0.037643,0.563612,0.282882,-0.048382,0.558914,0.24745,-0.056051,0.549784,0.372504,-0.018579,0.547836,0.302334,-0.029168,0.544838,0.256121,-0.038479,0.541873,0.215858,-0.045286,0.535055,0.379004,-0.015456,0.529824,0.316349,-0.025936,0.524941,0.277259,-0.034109,0.520467,0.243808,-0.039542,0.520926,0.398464,-0.014851,0.514067,0.354334,-0.024759,0.508872,0.326168,-0.03021,0.503646,0.300777,-0.033564
palm_open,0.508499,0.503925,0.0,0.527535,0.489528,-0.03538,0.537746,0.454365,-0.05142,0.538683,0.414852,-0.062394,0.53591,0.37433,-0.072689,0.518767,0.362792,-0.032014,0.518237,0.303737,-0.045163,0.512849,0.266845,-0.057285,0.50583,0.232051,-0.066487,0.504427,0.355927,-0.02171,0.503835,0.287548,-0.032469,0.500198,0.24218,-0.044843,0.495906,0.199253,-0.054955,0.491307,0.362927,-0.014306,0.490102,0.302139,-0.023815,0.486457,0.264478,-0.034749,0.483047,0.233312,-0.04328,0.478048,0.380653,-0.010026,0.475507,0.338556,-0.017936,0.472598,0.311558,-0.024829,0.469068,0.288897,-0.030703
palm_open,0.503611,0.498174,0.0,0.519237,0.484726,-0.036934,0.526126,0.450076,-0.053932,0.524343,0.412175,-0.065695,0.518202,0.370997,-0.076785,0.508055,0.358667,-0.033043,0.505324,0.299138,-0.046091,0.498149,0.261599,-0.058329,0.489252,0.228069,-0.067571,0.495204,0.353813,-0.021877,0.493296,0.283952,-0.032503,0.488843,0.238438,-0.045054,0.4836,0.195626,-0.055275,0.483618,0.360458,-0.013742,0.481992,0.298744,-0.022756,0.478339,0.260258,-0.033973,0.474809,0.22988,-0.042839,0.471686,0.376583,-0.008899,0.469467,0.334169,-0.016169,0.466114,0.306672,-0.023199,0.461973,0.284712,-0.029397
palm_open,0.500379,0.498469,0.0,0.513991,0.483882,-0.036067,0.519934,0.448823,-0.053045,0.518011,0.410855,-0.065057,0.511163,0.371386,-0.076441,0.503708,0.358217,-0.032459,0.501569,0.299855,-0.045802,0.49467,0.260832,-0.057817,0.486634,0.227429,-0.06674,0.491587,0.354177,-0.021859,0.490863,0.286136,-0.032247,0.486103,0.243419,-0.04385,0.480761,0.201675,-0.053179,0.48103,0.361221,-0.014293,0.480185,0.301496,-0.022569,0.476421,0.262604,-0.032722,0.473122,0.230735,-0.040955,0.46986,0.377905,-0.01009,0.467567,0.33697,-0.016417,0.464648,0.309138,-0.022706,0.461919,0.286341,-0.028407
palm_open,0.502843,0.499322,0.0,0.515491,0.48623,-0.041464,0.520579,0.451999,-0.060647,0.517593,0.413802,-0.07376,0.509361,0.371539,-0.086279,0.503646,0.361786,-0.037942,0.500465,0.303604,-0.052156,0.492209,0.26497,-0.064915,0.482349,0.231694,-0.07442,0.492249,0.358685,-0.024627,0.490732,0.289208,-0.035912,0.485576,0.2453,-0.048168,0.479694,0.203377,-0.058053,0.482051,0.366051,-0.014718,0.481182,0.303668,-0.023934,0.477032,0.264549,-0.034766,0.473461,0.232711,-0.043498,0.471067,0.381541,-0.008562,0.469174,0.339001,-0.015875,0.465837,0.310964,-0.02303,0.462656,0.288553,-0.029464
palm_open,0.505905,0.502657,0.0,0.519844,0.487514,-0.034989,0.525511,0.451988,-0.051176,0.522276,0.415063,-0.062569,0.515515,0.375624,-0.073402,0.507263,0.364061,-0.031207,0.503231,0.305923,-0.044409,0.494745,0.268739,-0.056684,0.484703,0.235685,-0.065932,0.495382,0.360908,-0.021065,0.493459,0.292528,-0.032076,0.487742,0.248817,-0.044588,0.48098,0.207304,-0.054572,0.484716,0.369025,-0.013812,0.483676,0.308315,-0.022813,0.479481,0.269069,-0.033267,0.475651,0.237675,-0.041563,0.473596,0.386604,-0.009751,0.471649,0.344329,-0.016556,0.468631,0.316862,-0.022554,0.465333,0.295118,-0.027936
palm_open,0.507944,0.508891,0.0,0.523521,0.491337,-0.031454,0.530585,0.454015,-0.045462,0.527188,0.416377,-0.055327,0.520652,0.378376,-0.064537,0.510686,0.368083,-0.02625,0.507295,0.309872,-0.038901,0.49875,0.273494,-0.050772,0.488624,0.241312,-0.059504,0.498262,0.364831,-0.01766,0.496325,0.297434,-0.027831,0.490678,0.253847,-0.039337,0.484236,0.213343,-0.048301,0.487201,0.373116,-0.011941,0.485096,0.313707,-0.020357,0.480912,0.275233,-0.029597,0.477269,0.24408,-0.03667,0.475864,0.391644,-0.00924,0.472924,0.349749,-0.015847,0.469299,0.322026,-0.021052,0.465259,0.299794,-0.025388
palm_open,0.509314,0.50978,0.0,0.526126,0.490437,-0.030903,0.533224,0.452539,-0.04467,0.530461,0.415085,-0.054409,0.52544,0.377429,-0.063442,0.512708,0.367786,-0.025927,0.508815,0.311623,-0.038317,0.501295,0.275636,-0.04971,0.492894,0.243052,-0.058276,0.498851,0.363961,-0.018032,0.495136,0.298204,-0.028307,0.48937,0.255725,-0.03973,0.483595,0.215925,-0.048671,0.486864,0.372776,-0.01299,0.48331,0.314416,-0.02228,0.478493,0.276507,-0.032401,0.474217,0.245182,-0.03998,0.475211,0.392617,-0.010819,0.47129,0.351916,-0.018696,0.467842,0.324535,-0.024933,0.46432,0.301264,-0.029903
palm_open,0.510647,0.511474,0.0,0.529232,0.48946,-0.028353,0.538047,0.449474,-0.040768,0.536362,0.410368,-0.04958,0.535366,0.37164,-0.057702,0.51389,0.367707,-0.023464,0.509895,0.311164,-0.035937,0.502587,0.274661,-0.047194,0.494437,0.240887,-0.055521,0.498951,0.363315,-0.016573,0.494593,0.298446,-0.026863,0.488918,0.254694,-0.037511,0.483121,0.214734,-0.045597,0.486463,0.372112,-0.01242,0.481056,0.314869,-0.021803,0.475716,0.276832,-0.030725,0.470957,0.244795,-0.03712,0.474939,0.392594,-0.01096,0.469227,0.35235,-0.018971,0.465087,0.325488,-0.024269,0.461062,0.302269,-0.028118
palm_open,0.516145,0.510535,0.0,0.536763,0.485581,-0.027328,0.546385,0.443262,-0.039532,0.544229,0.400974,-0.048296,0.547329,0.362006,-0.055996,0.518864,0.362337,-0.021859,0.514104,0.304098,-0.034104,0.506998,0.267226,-0.044534,0.499358,0.233585,-0.052093,0.502473,0.360238,-0.015543,0.49679,0.293929,-0.025972,0.490633,0.2492,-0.035354,0.484803,0.210159,-0.042006,0.488907,0.371155,-0.012035,0.481824,0.31195,-0.02209,0.475656,0.273199,-0.02972,0.470035,0.240059,-0.034622,0.476531,0.393296,-0.011103,0.4694,0.352032,-0.020064,0.464279,0.325076,-0.024724,0.459259,0.301111,-0.027447
palm_open,0.519976,0.516936,0.0,0.543571,0.490223,-0.024957,0.557082,0.446562,-0.036427,0.558351,0.402445,-0.044903,0.561767,0.362214,-0.052503,0.526453,0.365755,-0.020525,0.522123,0.305338,-0.032982,0.515548,0.267355,-0.043348,0.508675,0.23246,-0.050773,0.508255,0.362615,-0.015823,0.501823,0.293049,-0.026567,0.495591,0.246772,-0.036025,0.489463,0.206709,-0.042611,0.492965,0.373294,-0.013698,0.484268,0.312117,-0.024153,0.477249,0.27344,-0.031807,0.470582,0.24023,-0.036615,0.479365,0.395206,-0.013879,0.470204,0.353472,-0.023185,0.463698,0.326606,-0.027703,0.457226,0.302164,-0.030208
palm_open,0.521569,0.520209,0.0,0.548169,0.494659,-0.022801,0.564209,0.449092,-0.032871,0.564667,0.403874,-0.040337,0.570498,0.363789,-0.047036,0.529628,0.366203,-0.018797,0.525888,0.306284,-0.030827,0.519931,0.267199,-0.04063,0.513797,0.231996,-0.04775,0.509251,0.363201,-0.015341,0.502649,0.292826,-0.025956,0.497598,0.246166,-0.035055,0.492928,0.204341,-0.041493,0.492837,0.374959,-0.014308,0.482854,0.312439,-0.025162,0.476236,0.2733,-0.032763,0.470381,0.23916,-0.037496,0.478516,0.398679,-0.015361,0.466893,0.35491,-0.025464,0.459147,0.326556,-0.030373,0.451708,0.299977,-0.033074
palm_open,0.519992,0.524677,0.0,0.548282,0.496229,-0.021145,0.564948,0.448743,-0.030245,0.5667,0.403355,-0.037223,0.573946,0.364738,-0.043572,0.528751,0.364412,-0.016604,0.525195,0.304129,-0.028278,0.52019,0.26475,-0.038061,0.514637,0.229107,-0.04535,0.507984,0.362487,-0.014214,0.501042,0.29198,-0.024734,0.496204,0.244954,-0.033999,0.491583,0.202914,-0.040692,0.490808,0.376029,-0.014264,0.479014,0.31336,-0.02554,0.471675,0.274403,-0.033685,0.46525,0.239803,-0.038778,0.475697,0.40185,-0.016259,0.462095,0.357194,-0.027135,0.45323,0.328436,-0.032625,0.445033,0.300231,-0.035737
palm_open,0.328644,0.636695,0.0,0.373327,0.608998,-0.02242,0.404412,0.548988,-0.033717,0.421171,0.495057,-0.043167,0.439624,0.452887,-0.053161,0.365151,0.457056,-0.028677,0.370122,0.383317,-0.045764,0.372465,0.336392,-0.057625,0.373225,0.292161,-0.066466,0.335781,0.450705,-0.029312,0.335445,0.363847,-0.046043,0.336036,0.305853,-0.058345,0.334847,0.251684,-0.067206,0.309504,0.466842,-0.032035,0.29412,0.388462,-0.049709,0.285268,0.335329,-0.061312,0.278437,0.286122,-0.068778,0.28665,0.49934,-0.036402,0.266178,0.442543,-0.053335,0.253739,0.404878,-0.062023,0.243576,0.36577,-0.067432
palm_open,0.316397,0.631209,0.0,0.362779,0.60351,-0.022229,0.395195,0.543073,-0.033618,0.412607,0.487615,-0.043305,0.430619,0.442069,-0.053351,0.355728,0.44479,-0.02725,0.360264,0.369474,-0.044506,0.362712,0.321854,-0.056598,0.36371,0.277102,-0.065565,0.326503,0.437113,-0.028143,0.326283,0.348088,-0.045152,0.327306,0.28909,-0.057565,0.326397,0.234291,-0.066361,0.300049,0.452858,-0.031247,0.285377,0.372991,-0.049045,0.276005,0.319366,-0.060535,0.268752,0.269542,-0.067782,0.276718,0.486161,-0.036013,0.255991,0.428483,-0.052719,0.243549,0.390167,-0.061145,0.23342,0.350349,-0.066303
palm_open,0.326222,0.635821,0.0,0.372218,0.608308,-0.021492,0.404623,0.547739,-0.032527,0.422648,0.491364,-0.041864,0.440941,0.446218,-0.051701,0.365974,0.453353,-0.027835,0.371953,0.379404,-0.045125,0.375206,0.331929,-0.056911,0.377313,0.287097,-0.065688,0.337466,0.445518,-0.029034,0.338217,0.358386,-0.046235,0.340245,0.3002,-0.058137,0.340144,0.245868,-0.066713,0.311642,0.461011,-0.032387,0.298663,0.381682,-0.050422,0.290078,0.327675,-0.061886,0.283264,0.27715,-0.069172,0.288999,0.493894,-0.037325,0.268868,0.435951,-0.054598,0.256597,0.397104,-0.063393,0.246463,0.356877,-0.068847
palm_open,0.312958,0.642165,0.0,0.361331,0.622369,-0.019613,0.396493,0.561359,-0.028634,0.41656,0.505171,-0.036212,0.435659,0.462049,-0.044347,0.369658,0.461853,-0.024382,0.381518,0.385087,-0.040566,0.389051,0.335694,-0.052074,0.394756,0.290376,-0.060856,0.343009,0.449924,-0.025952,0.352018,0.362674,-0.042123,0.359859,0.30465,-0.054322,0.365369,0.25053,-0.063104,0.316995,0.461059,-0.029613,0.311211,0.378297,-0.04655,0.309442,0.321624,-0.05818,0.309169,0.268839,-0.065855,0.292687,0.489278,-0.034767,0.279562,0.427803,-0.051562,0.272684,0.384626,-0.06079,0.268076,0.340638,-0.066691
palm_open,0.290824,0.651324,0.0,0.336555,0.634985,-0.014945,0.369804,0.572326,-0.021516,0.388025,0.515627,-0.027658,0.4066,0.476316,-0.034159,0.356792,0.470034,-0.017464,0.367826,0.390628,-0.032465,0.376327,0.341538,-0.04314,0.383899,0.297586,-0.051079,0.333158,0.457102,-0.020826,0.344016,0.369216,-0.035555,0.354772,0.311136,-0.046107,0.363531,0.258866,-0.053348,0.309432,0.465565,-0.026273,0.30667,0.380884,-0.041469,0.309861,0.324524,-0.051083,0.314602,0.272868,-0.057191,0.285804,0.490694,-0.03309,0.276214,0.426892,-0.048205,0.274282,0.382263,-0.056074,0.275224,0.338414,-0.060875
palm_open,0.275867,0.662078,0.0,0.325123,0.639037,-0.007937,0.353641,0.56691,-0.013525,0.369055,0.512811,-0.020972,0.386832,0.468167,-0.030089,0.336333,0.476616,-0.017083,0.340537,0.391831,-0.033805,0.346042,0.339544,-0.04602,0.352746,0.291023,-0.056697,0.316242,0.47297,-0.027196,0.321695,0.382291,-0.045792,0.332532,0.321652,-0.061759,0.343522,0.264808,-0.074765,0.296034,0.488894,-0.038839,0.287932,0.401432,-0.058985,0.290709,0.34156,-0.075427,0.296563,0.287963,-0.087905,0.277961,0.520389,-0.050955,0.264892,0.454564,-0.072251,0.263321,0.40586,-0.087111,0.266008,0.358293,-0.0987
no_signal,0.37336,0.535485,-0.0,0.342327,0.516251,-0.021985,0.312779,0.483978,-0.037566,0.297257,0.453626,-0.050183,0.302669,0.424171,-0.058461,0.339978,0.355823,-0.022258,0.314097,0.382104,-0.042673,0.318073,0.429466,-0.055131,0.3286,0.440253,-0.062833,0.365466,0.354645,-0.019898,0.337304,0.400763,-0.036258,0.337908,0.447568,-0.039941,0.345724,0.451265,-0.041524,0.387674,0.374448,-0.020628,0.362779,0.425939,-0.035866,0.361696,0.465104,-0.031584,0.368842,0.462404,-0.027398,0.407911,0.405549,-0.024033,0.387385,0.451145,-0.033411,0.385318,0.478528,-0.031658,0.391909,0.472689,-0.028718
no_signal,0.458466,0.499054,-0.0,0.411524,0.46905,-0.014974,0.378814,0.425483,-0.025564,0.354995,0.393096,-0.033748,0.330851,0.367821,-0.041795,0.402061,0.35946,-0.037941,0.364807,0.401936,-0.057747,0.352131,0.443319,-0.065933,0.347387,0.465863,-0.070504,0.424016,0.386964,-0.040961,0.384178,0.422946,-0.060353,0.3639,0.463436,-0.064356,0.353763,0.491672,-0.067692,0.442785,0.424814,-0.045122,0.410607,0.460428,-0.066678,0.389969,0.490996,-0.068274,0.378542,0.510697,-0.068443,0.458118,0.466966,-0.049851,0.434137,0.50009,-0.070028,0.418537,0.522503,-0.07459,0.40769,0.535505,-0.076302
no_signal,0.434866,0.489993,0.0,0.435707,0.41282,-0.008481,0.411479,0.354944,-0.017015,0.383831,0.331126,-0.021944,0.359314,0.331135,-0.026272,0.414408,0.41282,-0.045325,0.352462,0.395158,-0.060128,0.343211,0.376229,-0.062341,0.351359,0.370339,-0.059325,0.405713,0.467884,-0.043969,0.339536,0.443248,-0.05692,0.329762,0.406537,-0.051989,0.339676,0.395973,-0.046198,0.396167,0.507853,-0.041196,0.338048,0.471242,-0.051415,0.330446,0.434823,-0.042674,0.340336,0.425727,-0.032804,0.385985,0.533555,-0.03848,0.342988,0.497946,-0.047174,0.334974,0.465583,-0.043093,0.341401,0.45412,-0.036304
no_signal,0.434262,0.493428,1e-06,0.443607,0.431838,-0.040116,0.4217,0.383759,-0.057622,0.389388,0.358993,-0.064052,0.358978,0.35132,-0.066543,0.380552,0.461978,-0.066838,0.334213,0.413817,-0.080822,0.330631,0.367011,-0.078338,0.341595,0.345077,-0.071514,0.365043,0.488073,-0.046962,0.312861,0.435279,-0.063628,0.311331,0.377655,-0.061982,0.321882,0.346484,-0.056097,0.356568,0.493875,-0.027301,0.313476,0.44179,-0.041214,0.31616,0.391203,-0.041747,0.325825,0.366753,-0.038165,0.351761,0.491998,-0.009679,0.325721,0.444034,-0.022216,0.327836,0.404414,-0.025888,0.335106,0.381686,-0.024756
no_signal,0.4266,0.530002,0.0,0.428374,0.452807,-0.035987,0.400112,0.396497,-0.043958,0.373033,0.361663,-0.042282,0.346768,0.337702,-0.036342,0.347752,0.450043,-0.037416,0.293324,0.434229,-0.041779,0.28265,0.388904,-0.037785,0.288046,0.35527,-0.030416,0.342639,0.473718,-0.013939,0.299077,0.421443,-0.018752,0.29484,0.367166,-0.016122,0.306052,0.335475,-0.009756,0.342974,0.485862,0.007707,0.325574,0.421504,9.2e-05,0.343636,0.389641,-0.003669,0.362771,0.379348,-0.000503,0.345394,0.487637,0.027532,0.3365,0.432163,0.020193,0.348601,0.408376,0.015274,0.362732,0.400652,0.016467
no_signal,0.42403,0.567557,0.0,0.410032,0.474551,-0.004922,0.379683,0.416382,-0.003652,0.35289,0.38931,-0.001395,0.337365,0.376029,0.003364,0.332097,0.475784,5.9e-05,0.303383,0.421842,-0.000447,0.318846,0.39485,-0.000577,0.335085,0.389457,0.000231,0.32716,0.514481,0.003549,0.314282,0.45072,0.007028,0.331021,0.429796,0.007661,0.345264,0.433504,0.006632,0.331202,0.53952,0.006689,0.322644,0.479934,0.010468,0.336595,0.463194,0.012631,0.350379,0.467623,0.012412,0.338208,0.555679,0.009184,0.329084,0.503274,0.011574,0.340946,0.488172,0.014711,0.353874,0.490937,0.01706
no_signal,0.410596,0.543204,-0.0,0.37639,0.560002,0.001316,0.358445,0.614228,0.001693,0.361581,0.66834,0.001386,0.374979,0.700765,0.000307,0.352387,0.668046,-0.000611,0.372243,0.733573,-0.005508,0.382983,0.724067,-0.0092,0.384446,0.703015,-0.011141,0.372696,0.681175,-0.003051,0.394638,0.738552,-0.004818,0.40296,0.72081,-0.004696,0.40213,0.695268,-0.004933,0.395067,0.682061,-0.005535,0.412763,0.723601,-0.008524,0.416238,0.701183,-0.008028,0.413065,0.676624,-0.007899,0.41678,0.673858,-0.007752,0.428706,0.690607,-0.010997,0.430036,0.668415,-0.010197,0.426389,0.64886,-0.008795
no_signal,0.397654,0.559928,-0.0,0.408788,0.632969,0.010218,0.40512,0.695966,0.011914,0.402959,0.741907,0.010158,0.403185,0.7759,0.007329,0.359114,0.714218,0.002468,0.380091,0.784829,-0.005023,0.403043,0.803712,-0.010082,0.421067,0.804795,-0.012302,0.358058,0.703717,-0.006834,0.386054,0.780962,-0.012983,0.413428,0.792555,-0.015851,0.432499,0.785229,-0.017575,0.366148,0.689958,-0.01571,0.396342,0.761308,-0.02339,0.422779,0.764845,-0.024938,0.440342,0.752867,-0.025076,0.382788,0.675351,-0.023591,0.405779,0.728025,-0.03103,0.424481,0.734253,-0.032088,0.438572,0.725534,-0.031584
no_signal,0.393379,0.539129,-0.0,0.383296,0.624482,-0.007647,0.3688,0.690929,-0.019718,0.360934,0.740121,-0.03076,0.351718,0.782291,-0.043801,0.333891,0.656045,-0.043523,0.355219,0.71819,-0.062849,0.374792,0.753248,-0.073932,0.390431,0.780848,-0.081938,0.343123,0.626915,-0.050411,0.365817,0.695907,-0.068672,0.386301,0.738993,-0.077521,0.402282,0.771096,-0.086709,0.360114,0.596142,-0.056269,0.378537,0.663177,-0.075376,0.391769,0.69884,-0.081856,0.399864,0.722624,-0.088071,0.380167,0.567686,-0.06162,0.392643,0.598975,-0.080585,0.396732,0.612811,-0.087384,0.395434,0.619651,-0.093043
no_signal,0.42386,0.540346,-0.0,0.400572,0.615064,0.00533,0.385964,0.655164,0.002417,0.379206,0.685694,-0.004848,0.374084,0.710656,-0.015138,0.340641,0.611638,0.002521,0.345807,0.680142,-0.00722,0.362566,0.72603,-0.017303,0.379245,0.756035,-0.023374,0.344737,0.592048,-0.008361,0.357692,0.679921,-0.018341,0.375507,0.731752,-0.031947,0.391379,0.763568,-0.042112,0.353599,0.57938,-0.019059,0.361811,0.665012,-0.031411,0.37728,0.722406,-0.043084,0.391704,0.756883,-0.05037,0.366824,0.575884,-0.029077,0.370865,0.642789,-0.039779,0.381417,0.691071,-0.043769,0.392001,0.726066,-0.045787
no_signal,0.40228,0.574508,0.0,0.374301,0.617541,-0.016561,0.345322,0.648177,-0.032751,0.325612,0.670973,-0.047026,0.306306,0.689556,-0.062431,0.349452,0.639445,-0.054938,0.332907,0.637959,-0.084872,0.327331,0.623422,-0.103646,0.32546,0.614633,-0.116275,0.365952,0.615135,-0.061175,0.355957,0.594586,-0.09435,0.351598,0.570556,-0.110402,0.347746,0.555144,-0.122368,0.383212,0.58751,-0.067589,0.376941,0.564329,-0.10053,0.370678,0.546104,-0.113022,0.364216,0.53338,-0.120784,0.400425,0.559618,-0.074107,0.399645,0.533838,-0.102313,0.395683,0.51459,-0.113754,0.389948,0.498711,-0.121611
no_signal,0.406837,0.567863,-0.0,0.372954,0.630088,-0.012166,0.343398,0.650981,-0.027827,0.323233,0.664293,-0.042738,0.302966,0.686225,-0.059539,0.323986,0.584776,-0.047665,0.322763,0.623478,-0.07635,0.328192,0.66096,-0.096356,0.336195,0.690946,-0.109703,0.33828,0.561843,-0.056205,0.332855,0.577942,-0.085154,0.337932,0.618879,-0.102666,0.344268,0.649341,-0.117035,0.359123,0.545091,-0.065053,0.354996,0.542389,-0.095554,0.356474,0.572557,-0.112786,0.361555,0.589439,-0.125183,0.385045,0.535648,-0.07366,0.381802,0.510302,-0.100164,0.382666,0.5022,-0.114166,0.384937,0.486734,-0.125142
no_signal,0.371509,0.567563,-0.0,0.345122,0.533453,-0.005881,0.325943,0.482265,-0.014637,0.308676,0.448917,-0.024754,0.291075,0.427183,-0.035278,0.350342,0.423071,-0.016737,0.328296,0.395814,-0.03049,0.304529,0.411616,-0.038305,0.283135,0.428727,-0.042018,0.36294,0.426064,-0.022503,0.345586,0.375837,-0.037105,0.324966,0.359895,-0.047185,0.308233,0.350931,-0.05382,0.377144,0.443004,-0.028617,0.364514,0.408011,-0.045309,0.33782,0.396313,-0.054237,0.317231,0.385502,-0.058092,0.390835,0.467274,-0.034524,0.407947,0.424783,-0.04712,0.415718,0.393824,-0.052702,0.418899,0.360106,-0.056196
no_signal,0.382176,0.546178,-0.0,0.373909,0.48848,-0.008616,0.363905,0.435608,-0.015789,0.349515,0.399744,-0.022768,0.339374,0.36881,-0.029654,0.393608,0.401961,-0.01446,0.365699,0.390681,-0.030537,0.343399,0.391679,-0.04417,0.323966,0.39447,-0.053204,0.390507,0.416229,-0.017594,0.360511,0.402443,-0.031685,0.33945,0.398401,-0.041442,0.320318,0.397817,-0.049309,0.384774,0.439479,-0.022212,0.35613,0.420224,-0.037664,0.335843,0.411334,-0.044194,0.316786,0.406734,-0.048614,0.377075,0.472092,-0.027257,0.346439,0.459807,-0.043011,0.324934,0.456341,-0.049156,0.30489,0.454826,-0.052806
no_signal,0.370235,0.514631,-0.0,0.385421,0.482732,-0.008971,0.380689,0.457874,-0.015279,0.359674,0.442542,-0.020406,0.337155,0.439183,-0.027502,0.381145,0.497866,-0.01627,0.362656,0.48241,-0.023062,0.345682,0.463215,-0.030864,0.332306,0.443478,-0.037463,0.363618,0.523395,-0.016873,0.33955,0.498553,-0.022512,0.322824,0.472452,-0.031672,0.31099,0.445786,-0.041024,0.348282,0.540388,-0.01706,0.319592,0.519989,-0.025663,0.302491,0.500311,-0.033397,0.290766,0.479071,-0.039885,0.33753,0.55217,-0.017134,0.315917,0.542183,-0.023944,0.302644,0.533831,-0.025579,0.293701,0.522209,-0.027962
no_signal,0.403807,0.544852,0.0,0.408983,0.542169,-0.039581,0.398023,0.53174,-0.05959,0.37625,0.50366,-0.070884,0.354651,0.481216,-0.079428,0.358168,0.589366,-0.05364,0.332643,0.526129,-0.070185,0.331793,0.478293,-0.076175,0.333489,0.443239,-0.079227,0.339977,0.586308,-0.038715,0.321283,0.516493,-0.055315,0.323414,0.465609,-0.059909,0.326113,0.430003,-0.061998,0.330174,0.572432,-0.025643,0.314436,0.505778,-0.041886,0.316147,0.463547,-0.045679,0.319099,0.434216,-0.046271,0.325723,0.553962,-0.015288,0.315481,0.499201,-0.029176,0.31519,0.464399,-0.034347,0.315059,0.441793,-0.035734
no_signal,0.405628,0.584527,0.0,0.414573,0.582534,-0.033981,0.410997,0.564377,-0.051383,0.401103,0.523317,-0.062102,0.38904,0.49534,-0.070145,0.348572,0.584984,-0.042168,0.335253,0.50334,-0.058997,0.343167,0.454445,-0.065986,0.352829,0.419914,-0.068607,0.333232,0.576478,-0.031184,0.325644,0.493985,-0.049009,0.340267,0.443145,-0.054247,0.351664,0.410868,-0.054789,0.328917,0.563864,-0.022302,0.328631,0.488383,-0.041907,0.347292,0.453757,-0.045005,0.361363,0.437168,-0.042283,0.331408,0.547783,-0.015785,0.333414,0.490709,-0.032913,0.348178,0.465097,-0.037131,0.359128,0.456245,-0.03587
no_signal,0.408317,0.59258,0.0,0.4186,0.580068,-0.029368,0.420898,0.553758,-0.047439,0.41864,0.523228,-0.061002,0.419541,0.503505,-0.073685,0.362196,0.537734,-0.038014,0.36146,0.452302,-0.053303,0.371949,0.403443,-0.062559,0.381727,0.365371,-0.067615,0.348901,0.53235,-0.030223,0.350835,0.445132,-0.045181,0.365411,0.396465,-0.050523,0.377655,0.364628,-0.052183,0.344097,0.5241,-0.024193,0.346071,0.445839,-0.038396,0.357021,0.405646,-0.041195,0.36786,0.380166,-0.039936,0.343534,0.51364,-0.020528,0.344445,0.454911,-0.030575,0.353167,0.423695,-0.031527,0.361615,0.404104,-0.029546
no_signal,0.410305,0.611569,0.0,0.431478,0.562899,-0.029863,0.430319,0.506373,-0.042126,0.424788,0.45352,-0.046873,0.428132,0.414961,-0.050392,0.375454,0.485301,-0.036741,0.373224,0.40157,-0.042136,0.384055,0.359737,-0.044346,0.392342,0.329782,-0.045277,0.35915,0.496101,-0.021438,0.352188,0.406653,-0.027623,0.362309,0.357913,-0.028399,0.374315,0.325304,-0.02758,0.354219,0.505634,-0.006674,0.354869,0.4302,-0.011795,0.365582,0.400012,-0.013465,0.377518,0.381038,-0.013105,0.357255,0.509803,0.006082,0.360527,0.453595,0.002102,0.371128,0.427251,0.001189,0.381754,0.40773,0.002078
no_signal,0.441193,0.632657,0.0,0.441906,0.555616,-0.013148,0.424579,0.490197,-0.019079,0.408245,0.437376,-0.021777,0.403688,0.390743,-0.023245,0.371184,0.524901,-0.012262,0.35655,0.447751,-0.012156,0.360061,0.406893,-0.0122,0.365147,0.380322,-0.01199,0.35828,0.559514,-0.005052,0.347194,0.477123,-0.001455,0.355252,0.438823,-0.000394,0.366091,0.417596,-0.001038,0.356943,0.586537,0.001869,0.349398,0.51165,0.006612,0.356524,0.475028,0.007016,0.366973,0.454638,0.005066,0.362629,0.604182,0.00775,0.357981,0.545896,0.011155,0.364604,0.512056,0.012328,0.373593,0.491407,0.012509
no_signal,0.473159,0.599716,0.0,0.447571,0.534179,-0.00686,0.40978,0.491484,-0.015346,0.379738,0.452811,-0.021317,0.367467,0.408217,-0.026505,0.391584,0.556462,-0.034295,0.347296,0.525201,-0.03836,0.342761,0.499747,-0.03164,0.351887,0.485904,-0.024747,0.388718,0.604384,-0.034066,0.335257,0.584908,-0.035795,0.331963,0.551228,-0.029134,0.345025,0.531445,-0.024266,0.393826,0.643453,-0.032354,0.355961,0.620826,-0.034114,0.362403,0.588627,-0.031094,0.37653,0.569923,-0.029644,0.402892,0.672291,-0.030342,0.366793,0.688013,-0.0342,0.346374,0.687905,-0.036449,0.330424,0.688663,-0.037902
no_signal,0.478813,0.558233,-0.0,0.440667,0.52036,0.000645,0.395464,0.504086,-0.007956,0.357766,0.491167,-0.015866,0.336724,0.45487,-0.02344,0.405831,0.530866,-0.038838,0.353453,0.555868,-0.048998,0.353991,0.56407,-0.04749,0.364972,0.56141,-0.044831,0.415557,0.574137,-0.043714,0.359569,0.610597,-0.049658,0.339457,0.622904,-0.044593,0.331438,0.629332,-0.044057,0.426658,0.615702,-0.04649,0.373366,0.652916,-0.050497,0.374449,0.642602,-0.043132,0.384825,0.628518,-0.040571,0.436986,0.650633,-0.048668,0.403687,0.697282,-0.054859,0.383134,0.722313,-0.05615,0.367495,0.742473,-0.058544
no_signal,0.469736,0.538648,-0.0,0.429731,0.520585,0.001005,0.383645,0.526726,-0.004522,0.34476,0.530385,-0.009699,0.316379,0.516236,-0.017108,0.39233,0.486725,-0.023479,0.366546,0.531433,-0.034833,0.358561,0.552898,-0.041246,0.351238,0.565601,-0.046209,0.409406,0.508602,-0.032111,0.368914,0.569726,-0.041557,0.346002,0.612298,-0.048506,0.327815,0.648065,-0.055929,0.428814,0.539199,-0.039198,0.392038,0.598966,-0.051476,0.372402,0.635466,-0.059321,0.35561,0.663966,-0.066374,0.447847,0.571308,-0.044697,0.432406,0.609556,-0.058225,0.430946,0.618843,-0.062605,0.429446,0.625088,-0.066203
no_signal,0.461488,0.561594,-0.0,0.408238,0.555184,-0.002485,0.365916,0.547232,-0.006867,0.333463,0.540146,-0.012169,0.303984,0.529652,-0.018663,0.385026,0.486877,-0.013251,0.358772,0.515883,-0.02829,0.3407,0.542117,-0.039848,0.324553,0.56455,-0.048593,0.401612,0.496168,-0.021452,0.369324,0.525249,-0.034671,0.348546,0.551091,-0.044819,0.331061,0.575742,-0.054371,0.420068,0.519848,-0.030288,0.393114,0.544042,-0.047275,0.376649,0.567927,-0.057844,0.361508,0.589952,-0.065845,0.440255,0.552988,-0.038671,0.435444,0.562577,-0.05678,0.429475,0.570356,-0.067152,0.422044,0.579432,-0.074803
no_signal,0.440681,0.606024,-0.0,0.390274,0.603184,-0.00715,0.350705,0.57389,-0.016315,0.323772,0.564329,-0.026239,0.295731,0.558241,-0.038381,0.366059,0.51834,-0.028915,0.340964,0.536156,-0.051092,0.331655,0.56585,-0.069257,0.322519,0.592893,-0.083158,0.384218,0.520884,-0.038881,0.365023,0.514771,-0.061402,0.349438,0.527157,-0.080561,0.331459,0.54585,-0.097076,0.408216,0.533432,-0.049364,0.394623,0.518523,-0.074712,0.378673,0.521551,-0.095793,0.361015,0.530676,-0.112149,0.435672,0.556591,-0.058843,0.439061,0.543463,-0.084843,0.435284,0.540113,-0.102438,0.426924,0.539008,-0.116385
no_signal,0.427283,0.603935,0.0,0.385966,0.602298,-0.014465,0.349778,0.586309,-0.026819,0.322095,0.580703,-0.037389,0.29531,0.579732,-0.049491,0.374324,0.527639,-0.039892,0.354062,0.523719,-0.060519,0.339856,0.525139,-0.073565,0.326583,0.529988,-0.083443,0.394032,0.524334,-0.045636,0.376809,0.502714,-0.068551,0.35815,0.495709,-0.083684,0.341967,0.492606,-0.096394,0.41498,0.533566,-0.051842,0.401386,0.534137,-0.079326,0.38792,0.544962,-0.096053,0.378537,0.551041,-0.107719,0.43453,0.557129,-0.057703,0.442679,0.553237,-0.085452,0.44983,0.54654,-0.100314,0.456937,0.533072,-0.111063
no_signal,0.437625,0.59117,0.0,0.39268,0.575621,-0.013214,0.353729,0.550443,-0.022855,0.326441,0.543156,-0.03091,0.299948,0.538448,-0.039266,0.373534,0.508266,-0.032252,0.359653,0.474819,-0.048325,0.34989,0.453862,-0.058487,0.339435,0.430652,-0.066139,0.394804,0.511823,-0.03611,0.38377,0.511317,-0.055688,0.368684,0.507929,-0.06538,0.353606,0.507859,-0.07221,0.413861,0.535565,-0.040123,0.382105,0.584572,-0.062621,0.358473,0.621823,-0.069563,0.338668,0.651867,-0.072409,0.428549,0.574611,-0.044388,0.401818,0.626904,-0.063199,0.383916,0.664364,-0.067986,0.369218,0.69501,-0.070212
no_signal,0.434121,0.550228,-0.0,0.396015,0.503081,-0.016273,0.358226,0.472763,-0.027068,0.327971,0.466064,-0.034313,0.305547,0.464382,-0.042096,0.387782,0.479298,-0.045625,0.378677,0.473528,-0.067062,0.365657,0.494726,-0.078353,0.353635,0.518016,-0.084579,0.402311,0.519545,-0.045708,0.366223,0.559843,-0.067276,0.33564,0.586938,-0.078302,0.311096,0.603956,-0.087274,0.4095,0.561941,-0.045616,0.363702,0.61062,-0.068129,0.330406,0.634584,-0.077073,0.304082,0.644605,-0.082495,0.410902,0.599523,-0.04527,0.372925,0.640249,-0.063374,0.347005,0.658091,-0.070024,0.325528,0.664991,-0.074143
no_signal,0.424925,0.54957,0.0,0.417677,0.473757,-0.020938,0.391469,0.422804,-0.033803,0.359231,0.403113,-0.041012,0.331751,0.388303,-0.04788,0.38137,0.496828,-0.051488,0.330975,0.52181,-0.068344,0.297946,0.516683,-0.075214,0.273208,0.508937,-0.078034,0.372997,0.544458,-0.044795,0.312412,0.54428,-0.059788,0.280895,0.512498,-0.062182,0.26359,0.482083,-0.062886,0.365173,0.571397,-0.037325,0.310169,0.561368,-0.048088,0.286079,0.528261,-0.048196,0.274922,0.497806,-0.046756,0.35914,0.584584,-0.031083,0.317278,0.574149,-0.038508,0.298206,0.550065,-0.038884,0.287929,0.52701,-0.037821
no_signal,0.411211,0.569974,1e-06,0.423437,0.516279,-0.045463,0.411855,0.475081,-0.069371,0.391785,0.439703,-0.082948,0.374086,0.401232,-0.09414,0.353246,0.505864,-0.06672,0.312969,0.444369,-0.08242,0.304417,0.392494,-0.087837,0.303194,0.355947,-0.089347,0.339034,0.524745,-0.046155,0.298692,0.452745,-0.062853,0.292714,0.393933,-0.066702,0.295529,0.354019,-0.066999,0.332773,0.528379,-0.026551,0.296973,0.465847,-0.038472,0.287635,0.414984,-0.042063,0.285015,0.375729,-0.043176,0.332345,0.52245,-0.009901,0.305497,0.47456,-0.018038,0.294863,0.43511,-0.021978,0.289895,0.402233,-0.023496
no_signal,0.409324,0.617725,0.0,0.419424,0.55687,-0.033017,0.40614,0.495317,-0.046263,0.388632,0.444611,-0.050741,0.377262,0.418439,-0.052905,0.344747,0.50535,-0.043419,0.331552,0.411706,-0.05086,0.344039,0.365199,-0.052419,0.356573,0.336751,-0.05155,0.328936,0.523615,-0.027066,0.301762,0.426473,-0.03728,0.305491,0.36959,-0.03841,0.317133,0.33277,-0.03623,0.325343,0.536004,-0.011103,0.311046,0.450884,-0.019675,0.321911,0.417183,-0.020895,0.336557,0.398684,-0.018598,0.330125,0.53848,0.002822,0.322071,0.476706,-0.002182,0.331247,0.45341,-0.001575,0.343035,0.438353,0.001291
no_signal,0.433585,0.612965,0.0,0.422137,0.530618,-0.012476,0.395106,0.466216,-0.019747,0.37134,0.412232,-0.023469,0.358579,0.366624,-0.025263,0.34781,0.516981,-0.020209,0.333535,0.440627,-0.028387,0.345198,0.405113,-0.034098,0.358995,0.383273,-0.035472,0.333725,0.558271,-0.015679,0.296447,0.482929,-0.020809,0.293979,0.429103,-0.023968,0.300879,0.390919,-0.024873,0.331602,0.590963,-0.010783,0.318553,0.522048,-0.013982,0.329766,0.492833,-0.014476,0.343434,0.483446,-0.01362,0.337426,0.612505,-0.006523,0.333876,0.555669,-0.005464,0.344963,0.53228,-0.000362,0.35726,0.524671,0.004596
no_signal,0.450379,0.564839,0.0,0.418203,0.501018,0.001407,0.377959,0.456458,-0.003989,0.343277,0.422184,-0.009965,0.326217,0.384091,-0.014454,0.364042,0.49708,-0.01908,0.319411,0.480712,-0.030089,0.328931,0.477485,-0.033916,0.348511,0.47542,-0.033193,0.361,0.546692,-0.024084,0.300013,0.537526,-0.032398,0.263796,0.53435,-0.036294,0.239533,0.537689,-0.039721,0.36253,0.596137,-0.027077,0.312478,0.591575,-0.032817,0.323059,0.57595,-0.026018,0.340092,0.569157,-0.020374,0.368333,0.638067,-0.029532,0.333823,0.621408,-0.029453,0.345059,0.607573,-0.01813,0.360766,0.603355,-0.008956
no_signal,0.454606,0.538254,-0.0,0.409856,0.512174,0.004497,0.358999,0.507417,-0.000148,0.317592,0.509856,-0.005296,0.289382,0.494722,-0.012152,0.358466,0.477697,-0.022875,0.318662,0.531129,-0.035412,0.307401,0.57292,-0.0427,0.299514,0.604488,-0.048034,0.373675,0.504628,-0.032524,0.320259,0.548059,-0.043036,0.290217,0.579578,-0.048301,0.267375,0.607683,-0.054597,0.391321,0.544794,-0.040535,0.343591,0.598634,-0.052148,0.318462,0.632761,-0.05569,0.299445,0.657732,-0.0593,0.408879,0.590278,-0.046976,0.373025,0.641089,-0.058279,0.353332,0.66806,-0.061016,0.335687,0.690894,-0.063483
no_signal,0.436589,0.605624,-0.0,0.376734,0.628156,0.002754,0.331015,0.603465,-0.00236,0.303731,0.595488,-0.009665,0.27939,0.597816,-0.019265,0.335426,0.524264,-0.020836,0.305704,0.564262,-0.039817,0.295225,0.608966,-0.055434,0.287585,0.652618,-0.067152,0.355596,0.522427,-0.035006,0.325611,0.55797,-0.053985,0.309696,0.60804,-0.068661,0.298937,0.660756,-0.081332,0.381956,0.532768,-0.049012,0.355474,0.54092,-0.070729,0.336987,0.566222,-0.08775,0.321661,0.596741,-0.101331,0.411608,0.556422,-0.061514,0.407357,0.559955,-0.085689,0.400446,0.567714,-0.100971,0.392371,0.5767,-0.112769
no_signal,0.410877,0.639583,0.0,0.364374,0.64742,-0.009496,0.327315,0.645781,-0.022073,0.301307,0.64772,-0.035135,0.275451,0.646124,-0.048961,0.335794,0.585071,-0.02839,0.307256,0.597777,-0.055227,0.300171,0.639311,-0.076097,0.292515,0.686032,-0.088628,0.353414,0.572129,-0.037483,0.335672,0.532077,-0.059463,0.314175,0.526804,-0.075414,0.292593,0.530755,-0.08694,0.375442,0.571164,-0.047813,0.374634,0.512916,-0.070773,0.363368,0.490924,-0.082926,0.348596,0.474354,-0.090792,0.400495,0.583901,-0.058317,0.413587,0.542073,-0.07964,0.418509,0.514978,-0.086239,0.420953,0.489265,-0.089822
no_signal,0.389809,0.634605,0.0,0.359517,0.660565,-0.013151,0.331141,0.674304,-0.027915,0.311929,0.701269,-0.042128,0.296203,0.733549,-0.058061,0.335821,0.621584,-0.035284,0.325842,0.645826,-0.059226,0.335149,0.690704,-0.077815,0.346527,0.729229,-0.088348,0.356231,0.595068,-0.040396,0.343551,0.57016,-0.053429,0.33261,0.55178,-0.064331,0.32433,0.532927,-0.074959,0.379544,0.580374,-0.046415,0.37664,0.535578,-0.061338,0.375383,0.496876,-0.070787,0.373319,0.458872,-0.079013,0.403538,0.581924,-0.052756,0.414883,0.539865,-0.066647,0.42205,0.50875,-0.069758,0.426167,0.478308,-0.07284
no_signal,0.401809,0.621297,-0.0,0.378004,0.662441,-0.019528,0.352741,0.696388,-0.037117,0.332667,0.730496,-0.051938,0.312138,0.761745,-0.066216,0.332903,0.618615,-0.048597,0.346143,0.695383,-0.065058,0.354546,0.742855,-0.072032,0.365426,0.782825,-0.0749,0.351794,0.587868,-0.048,0.37602,0.680556,-0.066495,0.393946,0.72946,-0.074379,0.411139,0.760176,-0.080112,0.378119,0.567547,-0.046415,0.393564,0.619641,-0.068672,0.403118,0.651294,-0.074456,0.413112,0.673597,-0.076279,0.404324,0.557259,-0.044982,0.405695,0.537504,-0.064453,0.408094,0.507943,-0.069574,0.411705,0.480227,-0.07136
no_signal,0.408481,0.580607,-1e-06,0.382428,0.630451,-0.015617,0.36051,0.678132,-0.029957,0.34409,0.723926,-0.042917,0.326073,0.757772,-0.055935,0.341836,0.623534,-0.041574,0.354427,0.706532,-0.060613,0.362577,0.758315,-0.071255,0.370812,0.800061,-0.076455,0.35711,0.586712,-0.042634,0.391126,0.695346,-0.063237,0.412655,0.74633,-0.072107,0.42802,0.778874,-0.078405,0.377698,0.559234,-0.043238,0.41058,0.65998,-0.065595,0.429294,0.707547,-0.069557,0.443894,0.742651,-0.069627,0.399468,0.539343,-0.044595,0.414256,0.572264,-0.06087,0.418887,0.587622,-0.062256,0.423133,0.607917,-0.061591
no_signal,0.412707,0.55342,-0.0,0.38792,0.615709,-0.01912,0.366421,0.66824,-0.032138,0.354368,0.712405,-0.042159,0.338905,0.748016,-0.052883,0.347877,0.620166,-0.043619,0.364971,0.698576,-0.06325,0.379115,0.746293,-0.073308,0.391438,0.784248,-0.078993,0.363478,0.586636,-0.043261,0.401896,0.681556,-0.064988,0.427479,0.728961,-0.073897,0.443201,0.760811,-0.080489,0.385607,0.559116,-0.043186,0.421773,0.649677,-0.066324,0.440277,0.69356,-0.071014,0.452646,0.725163,-0.072508,0.407771,0.539638,-0.0438,0.426907,0.58946,-0.064061,0.436178,0.610863,-0.06807,0.442252,0.629494,-0.068996
no_signal,0.411239,0.507296,-0.0,0.391516,0.579249,-0.012944,0.374995,0.639292,-0.023333,0.363332,0.685639,-0.03177,0.34382,0.725532,-0.042325,0.357454,0.602589,-0.037571,0.376863,0.676668,-0.05348,0.390445,0.722106,-0.061981,0.400568,0.759836,-0.068032,0.372182,0.560657,-0.040645,0.405492,0.651329,-0.056396,0.427884,0.700987,-0.064637,0.44355,0.737138,-0.073213,0.391248,0.524205,-0.043541,0.4253,0.611795,-0.06255,0.446462,0.660165,-0.067967,0.462776,0.696725,-0.072738,0.411486,0.495278,-0.046514,0.436942,0.542073,-0.064985,0.454846,0.566667,-0.068962,0.468243,0.587161,-0.071686
no_signal,0.412263,0.460848,-0.0,0.387042,0.524199,-0.017449,0.367272,0.588437,-0.028301,0.350427,0.635805,-0.036494,0.332668,0.673011,-0.045242,0.36422,0.530019,-0.036521,0.366842,0.591831,-0.058609,0.370744,0.636412,-0.074638,0.375019,0.675401,-0.085724,0.383281,0.502543,-0.03838,0.39236,0.544038,-0.061022,0.402416,0.584529,-0.073031,0.412992,0.617638,-0.082508,0.405152,0.480085,-0.041104,0.421468,0.512662,-0.06406,0.437823,0.544924,-0.069153,0.451949,0.57314,-0.071642,0.42791,0.464789,-0.044875,0.446212,0.483559,-0.064634,0.462395,0.504683,-0.067863,0.475818,0.523499,-0.0691
no_signal,0.434466,0.434242,-0.0,0.394941,0.476067,-0.019201,0.352985,0.508645,-0.031821,0.317577,0.528118,-0.040663,0.288921,0.541318,-0.050813,0.365465,0.452812,-0.052402,0.351472,0.475534,-0.076354,0.345817,0.502133,-0.09225,0.343288,0.534235,-0.102612,0.392156,0.446293,-0.052515,0.388499,0.46354,-0.076289,0.388389,0.497188,-0.087369,0.39222,0.531402,-0.096987,0.420764,0.449584,-0.052677,0.426769,0.475017,-0.077489,0.428474,0.507698,-0.08462,0.430526,0.54358,-0.089207,0.447643,0.462353,-0.053518,0.461651,0.498765,-0.074879,0.468892,0.532253,-0.081264,0.474847,0.56557,-0.085454
no_signal,0.363551,0.509202,-0.0,0.384032,0.496618,-0.008977,0.40429,0.495762,-0.024997,0.418389,0.519209,-0.04175,0.426742,0.546016,-0.060085,0.422089,0.42746,-0.03413,0.437831,0.467231,-0.056428,0.444331,0.507644,-0.071561,0.445868,0.5374,-0.081374,0.416742,0.429665,-0.041608,0.429572,0.469467,-0.064895,0.429319,0.512484,-0.07542,0.42432,0.543403,-0.0818,0.405769,0.44336,-0.04919,0.412734,0.476873,-0.070837,0.41065,0.517898,-0.076402,0.406063,0.544538,-0.078127,0.392812,0.464038,-0.057067,0.392109,0.496374,-0.072199,0.391165,0.524706,-0.074462,0.389811,0.544726,-0.074877
no_signal,0.460966,0.462553,-0.0,0.403582,0.437216,-0.013695,0.352678,0.417965,-0.025117,0.316364,0.4152,-0.033433,0.290594,0.404425,-0.042725,0.391687,0.403304,-0.043115,0.38845,0.423399,-0.061373,0.380371,0.441471,-0.072726,0.364975,0.460403,-0.081196,0.413367,0.436602,-0.04401,0.405708,0.480382,-0.063819,0.388163,0.514426,-0.07463,0.369521,0.544934,-0.084785,0.428083,0.475206,-0.044267,0.40555,0.538789,-0.066319,0.378263,0.58598,-0.075549,0.351929,0.624971,-0.08145,0.436584,0.513788,-0.044238,0.407348,0.574746,-0.060211,0.383583,0.604997,-0.066379,0.361913,0.623584,-0.071436
no_signal,0.445684,0.455648,-0.0,0.424718,0.439096,-0.015418,0.40097,0.435792,-0.033783,0.383769,0.458497,-0.050654,0.374579,0.483106,-0.069081,0.417099,0.434889,-0.051199,0.399506,0.457361,-0.073363,0.390191,0.473789,-0.086656,0.378857,0.487827,-0.093771,0.431035,0.463594,-0.053266,0.41088,0.519693,-0.07672,0.393016,0.549491,-0.084448,0.378763,0.566989,-0.088062,0.441139,0.490571,-0.054155,0.416926,0.542175,-0.075298,0.400065,0.571012,-0.076612,0.387261,0.587531,-0.074563,0.447296,0.514325,-0.055772,0.426972,0.551806,-0.070892,0.415082,0.572706,-0.069494,0.406788,0.585653,-0.066486
no_signal,0.466128,0.499117,0.0,0.439232,0.399034,-0.018798,0.399146,0.355055,-0.030054,0.359079,0.339005,-0.035831,0.331712,0.323167,-0.040481,0.421688,0.421718,-0.042045,0.399582,0.454167,-0.055587,0.368786,0.49176,-0.066145,0.33754,0.525444,-0.073584,0.41399,0.488173,-0.034079,0.370927,0.518324,-0.045289,0.332031,0.526494,-0.051374,0.305947,0.528578,-0.056855,0.403236,0.528012,-0.024324,0.353141,0.516666,-0.034237,0.3339,0.493888,-0.033955,0.327936,0.476369,-0.032211,0.39105,0.547241,-0.015324,0.353686,0.519204,-0.020815,0.340304,0.494932,-0.01722,0.336033,0.472857,-0.012914
no_signal,0.453029,0.474104,0.0,0.437947,0.439958,-0.006965,0.413229,0.42828,-0.012662,0.392611,0.437757,-0.016598,0.380731,0.457975,-0.020953,0.416258,0.43284,-0.023839,0.394064,0.445791,-0.03414,0.379954,0.460546,-0.03805,0.369861,0.471688,-0.039388,0.420901,0.467176,-0.024105,0.392369,0.486161,-0.033776,0.373762,0.49983,-0.035324,0.359696,0.506376,-0.035605,0.424744,0.499922,-0.023987,0.395359,0.519063,-0.031523,0.376631,0.525142,-0.03035,0.363252,0.523245,-0.028221,0.427894,0.528779,-0.024017,0.400888,0.543218,-0.028808,0.383626,0.545233,-0.027568,0.37106,0.541144,-0.025611
no_signal,0.449747,0.525148,0.0,0.453126,0.441476,-0.026154,0.431726,0.373341,-0.042459,0.402521,0.331146,-0.051399,0.381884,0.292221,-0.058642,0.40968,0.429488,-0.056197,0.381648,0.457474,-0.077632,0.359282,0.488255,-0.091272,0.334292,0.520908,-0.098535,0.389348,0.474686,-0.04649,0.339948,0.465017,-0.061869,0.301877,0.444659,-0.068016,0.27029,0.425466,-0.072078,0.3775,0.501661,-0.035729,0.339554,0.449741,-0.047656,0.32292,0.397575,-0.051221,0.313279,0.35635,-0.052305,0.370571,0.521679,-0.026352,0.353375,0.462446,-0.033706,0.351002,0.428742,-0.032678,0.350399,0.400953,-0.030533
no_signal,0.450128,0.535795,1e-06,0.462111,0.46523,-0.036289,0.446608,0.400073,-0.053532,0.430585,0.352251,-0.061716,0.422831,0.306121,-0.067756,0.388154,0.436875,-0.054823,0.343436,0.420136,-0.069834,0.311305,0.413288,-0.078446,0.286673,0.404109,-0.08283,0.375948,0.460397,-0.036917,0.354299,0.390093,-0.046842,0.346657,0.333723,-0.047958,0.344771,0.293806,-0.04755,0.372659,0.475185,-0.020159,0.370476,0.397186,-0.030249,0.390353,0.366326,-0.032919,0.407293,0.352842,-0.031823,0.374258,0.47856,-0.005789,0.378992,0.414245,-0.013427,0.395151,0.391599,-0.015277,0.409087,0.385943,-0.014059
no_signal,0.44686,0.557416,0.0,0.46278,0.485134,-0.031164,0.450965,0.414298,-0.045062,0.435286,0.364895,-0.051745,0.43074,0.319193,-0.056835,0.390567,0.426348,-0.040359,0.351296,0.376487,-0.048581,0.330962,0.340041,-0.05197,0.317016,0.309843,-0.05319,0.376095,0.45338,-0.023635,0.370259,0.373387,-0.03062,0.384933,0.330315,-0.029797,0.400336,0.309401,-0.027657,0.372205,0.471003,-0.007885,0.373246,0.396145,-0.013965,0.391185,0.366985,-0.014808,0.407258,0.356388,-0.01381,0.374042,0.480649,0.005685,0.379993,0.421355,0.000761,0.39487,0.402282,-0.001241,0.407867,0.396781,-0.000824
no_signal,0.451761,0.571026,0.0,0.462796,0.48988,-0.009709,0.45203,0.41314,-0.00999,0.437001,0.353959,-0.006464,0.435371,0.305836,-0.001033,0.39966,0.411686,-0.005676,0.388043,0.330994,0.002526,0.393761,0.302088,0.010393,0.402549,0.289364,0.01605,0.38202,0.438537,0.004125,0.383092,0.355849,0.013402,0.400827,0.334696,0.018396,0.415692,0.329743,0.021469,0.376773,0.459995,0.014495,0.38143,0.3901,0.024024,0.39729,0.368075,0.025216,0.411153,0.361906,0.024414,0.377589,0.476722,0.02425,0.381333,0.423486,0.031648,0.393674,0.400755,0.033388,0.405618,0.392436,0.034703
no_signal,0.469384,0.589071,0.0,0.460505,0.488357,-0.006795,0.428313,0.421117,-0.010913,0.400441,0.372448,-0.01411,0.388018,0.335741,-0.016026,0.378473,0.452788,-0.009593,0.378717,0.398015,-0.017469,0.398465,0.404199,-0.024243,0.410311,0.419555,-0.028568,0.368594,0.498826,-0.008761,0.373859,0.445312,-0.010535,0.389462,0.445984,-0.01196,0.399207,0.460606,-0.015198,0.368637,0.541436,-0.00841,0.374116,0.492327,-0.009027,0.387914,0.491888,-0.005091,0.397739,0.506161,-0.004166,0.373281,0.576651,-0.008845,0.376354,0.535968,-0.008144,0.3884,0.531019,-0.003129,0.396289,0.539641,0.000334
no_signal,0.465338,0.576441,0.0,0.438732,0.495814,-0.003698,0.396244,0.446656,-0.008384,0.357503,0.435646,-0.011469,0.332086,0.455583,-0.013929,0.375761,0.511215,-0.017991,0.333292,0.496014,-0.025569,0.347422,0.48255,-0.028979,0.36539,0.48392,-0.029238,0.373678,0.5656,-0.018392,0.327955,0.540861,-0.020311,0.341188,0.522166,-0.019208,0.357894,0.525613,-0.019275,0.376538,0.609733,-0.017864,0.334216,0.588409,-0.017065,0.346895,0.57026,-0.010964,0.362285,0.571376,-0.008209,0.382228,0.645134,-0.017421,0.349355,0.621053,-0.01589,0.358482,0.605595,-0.008915,0.370639,0.606662,-0.004117
no_signal,0.453076,0.55733,-0.0,0.417843,0.511491,-0.001705,0.370156,0.485383,-0.008265,0.329987,0.488048,-0.013906,0.305273,0.519356,-0.019687,0.378663,0.498012,-0.027346,0.324231,0.537183,-0.040396,0.335594,0.546099,-0.045141,0.354372,0.538093,-0.045819,0.389247,0.545305,-0.031112,0.333139,0.583679,-0.04039,0.347737,0.584933,-0.037973,0.367206,0.572369,-0.036206,0.397986,0.589678,-0.033797,0.347464,0.624899,-0.039828,0.361924,0.621253,-0.030338,0.379713,0.605848,-0.024228,0.405277,0.631105,-0.03631,0.366712,0.651939,-0.040247,0.379029,0.646586,-0.032678,0.394811,0.635993,-0.027105
no_signal,0.450302,0.60983,-0.0,0.404428,0.597962,0.000762,0.363276,0.55797,-0.001233,0.337876,0.533455,-0.005459,0.317025,0.519698,-0.008051,0.343301,0.523108,-0.000783,0.349744,0.471723,-0.015695,0.363004,0.504789,-0.026086,0.36152,0.536315,-0.033267,0.359891,0.519735,-0.009855,0.368985,0.473864,-0.022456,0.378168,0.516074,-0.027636,0.377823,0.54655,-0.031886,0.380755,0.521733,-0.020265,0.38989,0.48824,-0.031925,0.397307,0.524479,-0.030868,0.396327,0.547424,-0.03002,0.403233,0.5274,-0.031261,0.404331,0.50298,-0.038518,0.407307,0.532997,-0.037404,0.407047,0.557959,-0.036294
no_signal,0.440726,0.605028,-0.0,0.387971,0.5918,0.000246,0.35596,0.551715,-0.0038,0.338997,0.520806,-0.010823,0.331447,0.494656,-0.015857,0.370051,0.460245,-0.001135,0.339598,0.479654,-0.016435,0.351534,0.523834,-0.02362,0.363701,0.530865,-0.027455,0.389489,0.451533,-0.009032,0.355263,0.487937,-0.024705,0.368882,0.533993,-0.024354,0.381425,0.53107,-0.021796,0.409272,0.457019,-0.018821,0.377865,0.495275,-0.032313,0.386912,0.535147,-0.023929,0.397491,0.532422,-0.015906,0.428049,0.471258,-0.029393,0.410438,0.479407,-0.037805,0.407827,0.498918,-0.034668,0.411101,0.495101,-0.03084
no_signal,0.411613,0.606499,-0.0,0.385206,0.586075,-0.002909,0.359434,0.538873,-0.008467,0.347627,0.500606,-0.017042,0.358499,0.47885,-0.023482,0.380367,0.468107,-0.007722,0.3688,0.404291,-0.026079,0.357108,0.429546,-0.032324,0.354454,0.457711,-0.033266,0.397654,0.469901,-0.012982,0.369474,0.466949,-0.032685,0.374612,0.52114,-0.028187,0.387934,0.529701,-0.019804,0.413199,0.480966,-0.020721,0.388548,0.481669,-0.038294,0.389976,0.522294,-0.02768,0.39986,0.535587,-0.015033,0.430173,0.492747,-0.029407,0.420321,0.45153,-0.039715,0.40697,0.460592,-0.035155,0.401169,0.469678,-0.028375
no_signal,0.415801,0.59243,-0.0,0.380693,0.562752,-0.005317,0.360311,0.521699,-0.015257,0.351741,0.485802,-0.027202,0.361083,0.464523,-0.036923,0.395419,0.42534,-0.010017,0.379249,0.373036,-0.026787,0.35713,0.388151,-0.033753,0.346518,0.417164,-0.036533,0.414216,0.43492,-0.016068,0.371308,0.435466,-0.029913,0.369478,0.481076,-0.026494,0.38285,0.490717,-0.02207,0.425133,0.460581,-0.024551,0.378157,0.478184,-0.037217,0.379652,0.514142,-0.027442,0.392418,0.521997,-0.019264,0.428246,0.495827,-0.034407,0.38958,0.509593,-0.043135,0.380914,0.536377,-0.037898,0.382419,0.549493,-0.032332
no_signal,0.431194,0.590995,-0.0,0.395691,0.540386,-0.00357,0.373285,0.49755,-0.012947,0.357442,0.477475,-0.023296,0.350477,0.476588,-0.032955,0.406923,0.423243,-0.016913,0.373355,0.38834,-0.036307,0.347765,0.423802,-0.046,0.343386,0.456943,-0.050907,0.418864,0.440007,-0.026081,0.381801,0.385064,-0.045054,0.355166,0.419557,-0.047723,0.348233,0.452993,-0.045915,0.421781,0.472689,-0.036216,0.378473,0.463141,-0.052154,0.368802,0.494588,-0.049287,0.375638,0.5076,-0.044917,0.416803,0.512355,-0.046667,0.373388,0.526791,-0.056253,0.364722,0.547118,-0.053339,0.369531,0.550311,-0.049884
no_signal,0.432269,0.558923,-0.0,0.420233,0.500011,0.004343,0.400063,0.454718,-0.002799,0.373912,0.431254,-0.01142,0.350751,0.427803,-0.021122,0.415771,0.417216,-0.020764,0.383072,0.37299,-0.036377,0.356284,0.383699,-0.044697,0.341583,0.400064,-0.049375,0.416679,0.440379,-0.030528,0.382725,0.385088,-0.045175,0.355098,0.390216,-0.048981,0.33949,0.405413,-0.051547,0.40901,0.475182,-0.039482,0.374098,0.4309,-0.053947,0.350858,0.433639,-0.056548,0.33788,0.442293,-0.057617,0.395617,0.512557,-0.047045,0.361892,0.486051,-0.060192,0.339995,0.475851,-0.064461,0.323488,0.467977,-0.066974
no_signal,0.421748,0.527507,0.0,0.422037,0.45065,-0.004637,0.3908,0.400123,-0.013424,0.350446,0.392229,-0.019597,0.322392,0.402946,-0.026826,0.399403,0.407117,-0.033784,0.356594,0.367388,-0.045396,0.327147,0.346929,-0.050441,0.304101,0.330785,-0.053695,0.386035,0.451063,-0.03553,0.336508,0.422827,-0.045241,0.311968,0.409984,-0.045846,0.299167,0.405078,-0.047178,0.372916,0.489403,-0.035798,0.328517,0.455435,-0.042925,0.314814,0.430615,-0.040666,0.310344,0.416994,-0.038912,0.362062,0.518349,-0.035634,0.328382,0.476904,-0.041184,0.313051,0.447874,-0.040024,0.30406,0.430561,-0.038677
no_signal,0.424437,0.507072,0.0,0.423118,0.43784,-0.000123,0.399467,0.394407,-0.005778,0.373466,0.375721,-0.008852,0.351954,0.373707,-0.010981,0.394425,0.410675,-0.040248,0.356432,0.344693,-0.050381,0.355828,0.347688,-0.047748,0.366868,0.35877,-0.04373,0.376095,0.444484,-0.043316,0.329109,0.369141,-0.055687,0.302189,0.331306,-0.057882,0.285684,0.304717,-0.058601,0.362092,0.478773,-0.043468,0.31689,0.418125,-0.055214,0.291103,0.380554,-0.064701,0.272966,0.351137,-0.071094,0.355489,0.508205,-0.041178,0.323153,0.508355,-0.052755,0.304714,0.514192,-0.060217,0.288882,0.518769,-0.065024
no_signal,0.420722,0.533045,0.0,0.428055,0.45938,-0.017006,0.401993,0.38759,-0.026319,0.373845,0.34909,-0.030655,0.357582,0.354446,-0.032389,0.384215,0.440864,-0.043677,0.361158,0.355822,-0.060171,0.371265,0.352915,-0.065971,0.380341,0.365315,-0.066786,0.365022,0.462389,-0.037852,0.338029,0.372499,-0.049752,0.326499,0.318322,-0.052917,0.319252,0.275894,-0.055412,0.350893,0.476789,-0.031942,0.32598,0.389288,-0.040911,0.322983,0.352376,-0.045107,0.321859,0.329268,-0.048241,0.34144,0.479882,-0.026856,0.315506,0.44428,-0.0345,0.297336,0.431824,-0.039968,0.279914,0.424217,-0.044294
no_signal,0.419934,0.555745,0.0,0.421995,0.4851,-0.025573,0.397864,0.422657,-0.035252,0.373063,0.379986,-0.037832,0.35311,0.356944,-0.037297,0.359919,0.499619,-0.044284,0.338224,0.414477,-0.058814,0.350425,0.371297,-0.064356,0.361733,0.34313,-0.065469,0.345651,0.515803,-0.032995,0.327336,0.419257,-0.044459,0.335071,0.356879,-0.045766,0.345369,0.314752,-0.045457,0.340223,0.516103,-0.022176,0.329645,0.425635,-0.029964,0.338067,0.376166,-0.029707,0.34752,0.345747,-0.028711,0.340155,0.507378,-0.013419,0.338584,0.43942,-0.018535,0.34553,0.402036,-0.018196,0.352485,0.377347,-0.016703
no_signal,0.424299,0.57445,0.0,0.420192,0.50857,-0.028243,0.389603,0.458837,-0.038633,0.357599,0.429197,-0.040846,0.334011,0.403667,-0.040015,0.364,0.537249,-0.045727,0.31666,0.515267,-0.054272,0.306111,0.474258,-0.053679,0.303983,0.44014,-0.051347,0.353816,0.562838,-0.030912,0.320285,0.500523,-0.04038,0.325547,0.449028,-0.040005,0.336219,0.419005,-0.03815,0.34911,0.571742,-0.016158,0.322938,0.512112,-0.023388,0.33167,0.46906,-0.024038,0.343952,0.44639,-0.023339,0.348033,0.571351,-0.003135,0.332591,0.524591,-0.01097,0.339316,0.490788,-0.014194,0.347709,0.472469,-0.014519
no_signal,0.439015,0.563385,0.0,0.41344,0.499252,-0.011425,0.376921,0.470407,-0.01844,0.342282,0.465445,-0.021577,0.315197,0.466921,-0.022576,0.372457,0.534767,-0.031912,0.319919,0.530381,-0.039371,0.322229,0.49704,-0.037824,0.333997,0.480573,-0.034139,0.372171,0.582404,-0.027042,0.31989,0.56318,-0.03059,0.322983,0.529415,-0.02691,0.335826,0.518867,-0.024414,0.375123,0.615615,-0.021259,0.334485,0.588913,-0.02136,0.3391,0.558236,-0.015592,0.350098,0.548571,-0.012885,0.379337,0.637421,-0.016137,0.351448,0.607857,-0.017397,0.353751,0.582626,-0.014001,0.361087,0.575412,-0.011377
no_signal,0.446946,0.559147,-0.0,0.412389,0.516026,-0.002901,0.368249,0.503695,-0.011427,0.334231,0.518523,-0.018094,0.32144,0.558127,-0.024733,0.383826,0.531072,-0.038243,0.332547,0.567257,-0.052085,0.341994,0.557549,-0.055506,0.360258,0.546255,-0.054305,0.397482,0.576134,-0.04056,0.340318,0.60993,-0.048105,0.348288,0.594332,-0.043877,0.366448,0.582201,-0.041302,0.40742,0.615787,-0.041086,0.353694,0.645893,-0.044137,0.361957,0.628762,-0.034419,0.378823,0.61523,-0.028846,0.414917,0.64945,-0.041424,0.371672,0.673726,-0.042447,0.376043,0.659238,-0.034591,0.389604,0.646805,-0.029513
no_signal,0.458215,0.560936,-0.0,0.419454,0.54526,-0.002267,0.375728,0.551919,-0.009429,0.34933,0.581012,-0.016251,0.35078,0.591202,-0.022586,0.396262,0.49321,-0.026206,0.352268,0.538922,-0.038016,0.365254,0.552316,-0.039973,0.378642,0.544002,-0.040173,0.412018,0.516959,-0.031557,0.365193,0.580315,-0.043593,0.38016,0.584968,-0.040847,0.393696,0.565062,-0.038396,0.423584,0.549654,-0.036163,0.379334,0.609285,-0.04605,0.391942,0.608269,-0.037912,0.405388,0.588671,-0.031405,0.430994,0.588119,-0.040578,0.395461,0.623733,-0.046308,0.403275,0.620494,-0.040552,0.416644,0.607036,-0.036433
no_signal,0.443638,0.597207,-0.0,0.400742,0.593245,-0.010012,0.372993,0.575151,-0.021227,0.362264,0.568605,-0.032484,0.373232,0.569868,-0.042534,0.386977,0.477569,-0.018261,0.358396,0.507032,-0.033695,0.364431,0.544669,-0.040338,0.373046,0.55032,-0.043716,0.406584,0.483146,-0.021393,0.377647,0.540346,-0.037323,0.384514,0.569633,-0.038453,0.391157,0.562421,-0.037686,0.423008,0.502301,-0.026148,0.39706,0.566333,-0.041362,0.401149,0.585612,-0.038484,0.40704,0.572318,-0.033986,0.434905,0.530345,-0.031723,0.410674,0.574994,-0.041373,0.412034,0.589487,-0.039334,0.419236,0.579446,-0.036078
no_signal,0.419007,0.597948,-0.0,0.393495,0.585054,-0.007626,0.371181,0.556165,-0.013706,0.364904,0.531476,-0.020699,0.380617,0.517538,-0.025592,0.381949,0.454181,-0.001053,0.361966,0.461173,-0.01544,0.363839,0.499763,-0.024159,0.371066,0.51307,-0.028222,0.40022,0.453806,-0.003916,0.37957,0.475927,-0.016241,0.381544,0.51818,-0.018026,0.387997,0.522589,-0.016383,0.418069,0.464899,-0.009471,0.39953,0.492799,-0.020492,0.399868,0.528084,-0.016005,0.405811,0.529996,-0.009921,0.435153,0.483813,-0.016376,0.42013,0.496187,-0.020855,0.417371,0.519757,-0.016129,0.422205,0.523576,-0.010474
no_signal,0.4128,0.573732,-0.0,0.391539,0.554845,-0.005563,0.374217,0.506009,-0.008519,0.371209,0.467006,-0.013277,0.385798,0.443685,-0.016155,0.382506,0.449903,0.003406,0.370682,0.41382,-0.008416,0.367171,0.445383,-0.015209,0.37023,0.466096,-0.01771,0.399092,0.4481,0.00064,0.388234,0.406081,-0.010629,0.381208,0.442162,-0.012829,0.381987,0.466437,-0.010369,0.416512,0.455489,-0.004543,0.404319,0.416029,-0.015833,0.394636,0.451818,-0.013778,0.394566,0.479147,-0.008197,0.43422,0.46877,-0.01053,0.421667,0.430633,-0.017534,0.406758,0.446515,-0.015787,0.400112,0.468927,-0.011769
no_signal,0.421754,0.553014,-0.0,0.396501,0.530653,-0.007851,0.380291,0.473258,-0.011677,0.378725,0.427021,-0.017342,0.399033,0.401556,-0.021433,0.392363,0.4294,0.00574,0.382794,0.386186,-0.006714,0.375512,0.409283,-0.016423,0.377196,0.43547,-0.021088,0.40947,0.420607,0.0034,0.406469,0.362816,-0.008919,0.392236,0.385462,-0.015437,0.388588,0.417296,-0.01619,0.426543,0.421582,-0.001828,0.426552,0.35604,-0.011992,0.409179,0.376576,-0.01487,0.403382,0.408433,-0.013448,0.443025,0.430522,-0.008247,0.43682,0.382711,-0.014573,0.419167,0.391226,-0.015894,0.410148,0.415101,-0.014843
no_signal,0.429318,0.547645,-0.0,0.402721,0.524392,-0.006557,0.390087,0.460932,-0.009662,0.395012,0.41379,-0.015134,0.415629,0.393686,-0.019282,0.407293,0.41326,0.003255,0.396586,0.367476,-0.011734,0.380969,0.384691,-0.02297,0.379404,0.418873,-0.027921,0.423575,0.402431,-0.001524,0.427803,0.333911,-0.015476,0.405161,0.333985,-0.022378,0.394806,0.364358,-0.023114,0.43936,0.405448,-0.009315,0.449935,0.337843,-0.020886,0.426986,0.336214,-0.025149,0.415278,0.358661,-0.024324,0.454259,0.417382,-0.018377,0.457486,0.364103,-0.025705,0.438474,0.358203,-0.027432,0.42484,0.37554,-0.026358
no_signal,0.430962,0.560607,-0.0,0.404961,0.525036,-0.00702,0.394531,0.459842,-0.010462,0.403756,0.410939,-0.015878,0.426742,0.384452,-0.019707,0.408847,0.405354,0.003002,0.401008,0.365006,-0.012998,0.389608,0.377249,-0.026125,0.384401,0.409683,-0.032063,0.427393,0.39547,-0.000449,0.431261,0.336318,-0.011587,0.41714,0.321371,-0.019724,0.40634,0.344737,-0.022655,0.447032,0.403092,-0.006952,0.465013,0.345578,-0.017885,0.45493,0.327578,-0.023863,0.442158,0.345166,-0.024832,0.465636,0.422876,-0.014622,0.486124,0.38562,-0.023271,0.478893,0.371236,-0.026919,0.464327,0.384329,-0.026875
no_signal,0.420635,0.573726,-0.0,0.394536,0.53707,-0.009499,0.383085,0.474306,-0.015181,0.394066,0.430503,-0.022728,0.41437,0.406258,-0.028927,0.404628,0.414686,-0.000435,0.39801,0.369804,-0.017577,0.381552,0.393316,-0.031536,0.375114,0.4307,-0.038791,0.422805,0.408179,-0.004445,0.425164,0.343954,-0.019899,0.407229,0.349008,-0.029772,0.396885,0.380845,-0.033243,0.441058,0.419484,-0.011532,0.457903,0.3568,-0.025214,0.44458,0.353257,-0.032326,0.433497,0.375707,-0.034104,0.458825,0.444619,-0.019968,0.479982,0.404853,-0.030441,0.471513,0.393771,-0.035211,0.458927,0.406896,-0.036442
no_signal,0.401573,0.591536,-0.0,0.379343,0.550157,-0.011698,0.365337,0.503318,-0.022647,0.363246,0.470748,-0.03563,0.371745,0.445435,-0.047003,0.386704,0.433742,-0.008351,0.384432,0.393185,-0.03098,0.364907,0.425142,-0.046769,0.354275,0.459105,-0.054625,0.404971,0.437177,-0.013395,0.40859,0.376929,-0.036603,0.384219,0.410519,-0.046425,0.370724,0.444824,-0.048565,0.422286,0.454557,-0.021555,0.432614,0.39974,-0.042241,0.409003,0.431371,-0.044732,0.393342,0.463598,-0.041499,0.43884,0.482976,-0.031044,0.457649,0.440757,-0.044422,0.442677,0.447764,-0.045507,0.427696,0.463164,-0.043312
no_signal,0.412424,0.60322,-0.0,0.380386,0.547581,-0.006402,0.361099,0.504596,-0.01697,0.34356,0.487535,-0.028917,0.330626,0.491062,-0.040077,0.395423,0.424737,-0.013089,0.369091,0.399214,-0.031807,0.345592,0.42659,-0.043027,0.336478,0.451789,-0.049045,0.406131,0.445828,-0.020732,0.369531,0.413875,-0.037809,0.346287,0.438426,-0.04242,0.337091,0.459856,-0.043104,0.408676,0.480741,-0.030006,0.356969,0.492535,-0.042088,0.351531,0.521398,-0.039353,0.361037,0.528401,-0.036142,0.405727,0.521724,-0.040532,0.360023,0.532458,-0.046071,0.356395,0.548928,-0.041841,0.366429,0.550531,-0.037988
no_signal,0.401606,0.576146,-0.0,0.369713,0.521312,-0.006377,0.341755,0.487275,-0.015256,0.315185,0.498535,-0.024998,0.295324,0.521182,-0.035604,0.366879,0.425283,-0.015973,0.323875,0.443271,-0.030738,0.308974,0.474461,-0.041236,0.308572,0.493945,-0.047607,0.378771,0.462124,-0.021969,0.325329,0.491294,-0.033506,0.309873,0.510508,-0.039183,0.307217,0.520961,-0.043666,0.385405,0.508868,-0.028792,0.33061,0.54572,-0.039271,0.32571,0.553128,-0.039399,0.33352,0.547786,-0.039144,0.388228,0.555455,-0.036311,0.34233,0.579345,-0.043117,0.336443,0.57623,-0.040681,0.342383,0.564476,-0.038375
no_signal,0.386439,0.558081,-0.0,0.382156,0.490685,-0.010366,0.34884,0.456734,-0.021289,0.315109,0.462317,-0.028841,0.293527,0.483326,-0.03681,0.372124,0.487392,-0.037885,0.322395,0.50515,-0.050564,0.296461,0.511035,-0.05735,0.282704,0.512578,-0.060434,0.371768,0.535459,-0.037586,0.317337,0.542697,-0.046173,0.296439,0.523048,-0.043651,0.291777,0.509116,-0.0422,0.365972,0.57382,-0.036137,0.315959,0.56152,-0.042541,0.302655,0.535091,-0.032428,0.305124,0.519517,-0.023886,0.359,0.600794,-0.035287,0.31942,0.57726,-0.040341,0.307069,0.54635,-0.032064,0.306789,0.528318,-0.024038
no_signal,0.408626,0.531406,0.0,0.391541,0.525339,-0.021144,0.346092,0.510582,-0.030558,0.308069,0.492654,-0.032573,0.294268,0.468228,-0.033022,0.353898,0.51388,-0.046338,0.299547,0.532524,-0.056515,0.287206,0.519329,-0.058886,0.289657,0.497925,-0.059252,0.353595,0.505038,-0.03532,0.2983,0.521729,-0.04598,0.286378,0.511567,-0.046695,0.291359,0.506745,-0.046448,0.350278,0.502024,-0.023187,0.30164,0.506308,-0.031872,0.310321,0.505138,-0.029929,0.327873,0.510085,-0.026836,0.344843,0.499105,-0.011727,0.309221,0.511308,-0.021012,0.316291,0.507099,-0.022868,0.330347,0.504644,-0.022225
no_signal,0.418655,0.553726,0.0,0.410535,0.485751,-0.023337,0.369153,0.445642,-0.032123,0.332298,0.444152,-0.032674,0.31308,0.457165,-0.030015,0.365501,0.519127,-0.053373,0.313713,0.49658,-0.065233,0.31784,0.456277,-0.06379,0.332592,0.431328,-0.05873,0.357599,0.554629,-0.041899,0.294292,0.534554,-0.052653,0.283802,0.487752,-0.050883,0.287445,0.457675,-0.047332,0.351917,0.57065,-0.02934,0.302334,0.533398,-0.038055,0.303795,0.491668,-0.037763,0.314062,0.473963,-0.03541,0.348964,0.571404,-0.017723,0.317515,0.536652,-0.024929,0.319337,0.502384,-0.025592,0.326065,0.485726,-0.02423
no_signal,0.446634,0.550254,0.0,0.440392,0.471096,-0.015696,0.403354,0.427226,-0.026183,0.366357,0.420541,-0.031142,0.345873,0.422999,-0.034279,0.393134,0.482878,-0.048187,0.344516,0.440319,-0.064346,0.349937,0.413364,-0.068753,0.362415,0.400263,-0.068831,0.383372,0.519707,-0.042799,0.332087,0.461202,-0.054741,0.315924,0.422112,-0.056204,0.308372,0.394803,-0.056317,0.376761,0.545029,-0.036751,0.32385,0.506468,-0.046803,0.300328,0.477039,-0.053037,0.283252,0.453016,-0.057563,0.374061,0.556928,-0.030613,0.345557,0.573754,-0.040603,0.329641,0.588805,-0.047397,0.314316,0.601209,-0.052289
no_signal,0.47638,0.537466,0.0,0.46933,0.458956,-0.004512,0.434097,0.411909,-0.006408,0.397916,0.395191,-0.005076,0.376904,0.375665,-0.002734,0.415087,0.44581,-0.024574,0.373905,0.403307,-0.028579,0.364298,0.379201,-0.025982,0.363185,0.361463,-0.023841,0.402807,0.485154,-0.023103,0.36415,0.432509,-0.026519,0.347147,0.399984,-0.025281,0.335555,0.375207,-0.025464,0.395325,0.51722,-0.020566,0.357735,0.466742,-0.024709,0.341144,0.432075,-0.029395,0.330025,0.406428,-0.034252,0.391997,0.539894,-0.017373,0.360945,0.539329,-0.02453,0.341876,0.546053,-0.031315,0.323953,0.553402,-0.036704
no_signal,0.482607,0.545655,0.0,0.476358,0.465072,-0.001083,0.442456,0.413248,-0.001502,0.409968,0.383418,-0.000326,0.392785,0.351417,0.00172,0.423883,0.448368,-0.016041,0.383933,0.402068,-0.017297,0.378314,0.37742,-0.01354,0.37902,0.362126,-0.0105,0.4122,0.487183,-0.01609,0.37426,0.429752,-0.017683,0.3681,0.397381,-0.01565,0.368578,0.3761,-0.014823,0.404516,0.518265,-0.015039,0.369722,0.458615,-0.016233,0.362267,0.418574,-0.0175,0.360901,0.391998,-0.01983,0.399416,0.542503,-0.013463,0.366218,0.5118,-0.015637,0.345466,0.494851,-0.018645,0.328029,0.483392,-0.021764
no_signal,0.482838,0.508804,-0.0,0.451284,0.465136,-0.005027,0.397077,0.453088,-0.013721,0.355842,0.463582,-0.019561,0.340453,0.491841,-0.025108,0.4113,0.454552,-0.041845,0.356436,0.486133,-0.049034,0.356252,0.513239,-0.044767,0.365938,0.518079,-0.042739,0.423449,0.498692,-0.045102,0.366021,0.53828,-0.056241,0.371096,0.554594,-0.051651,0.385543,0.546332,-0.049805,0.433935,0.544237,-0.046532,0.379791,0.578107,-0.056036,0.36824,0.598338,-0.054104,0.366563,0.602849,-0.05461,0.441577,0.58531,-0.047245,0.400446,0.601677,-0.057216,0.372649,0.617357,-0.062529,0.351824,0.630573,-0.068195
no_signal,0.468747,0.560526,-0.0,0.424426,0.56015,0.004393,0.382828,0.55733,0.0,0.352128,0.563573,-0.005029,0.332294,0.579402,-0.009646,0.384509,0.479852,-0.02485,0.346472,0.536506,-0.036462,0.354984,0.574556,-0.038459,0.3667,0.581106,-0.039636,0.401937,0.487719,-0.033182,0.360959,0.557962,-0.044643,0.371986,0.588986,-0.041589,0.38267,0.589016,-0.040742,0.41999,0.512612,-0.04026,0.37873,0.576149,-0.051201,0.389575,0.595288,-0.04419,0.401424,0.58873,-0.039988,0.436673,0.547341,-0.046483,0.403077,0.584037,-0.060061,0.381792,0.611904,-0.063655,0.364243,0.62645,-0.066325
no_signal,0.44537,0.607035,-0.0,0.39918,0.605374,-0.001852,0.366875,0.58073,-0.00781,0.344484,0.564778,-0.014885,0.331924,0.543807,-0.02071,0.380217,0.47229,-0.01253,0.342263,0.503754,-0.025225,0.348375,0.549821,-0.030333,0.361941,0.565722,-0.032791,0.395686,0.470461,-0.018928,0.348406,0.510841,-0.032102,0.357567,0.558056,-0.032617,0.37152,0.570552,-0.031642,0.409643,0.488277,-0.025843,0.365316,0.530543,-0.040242,0.37298,0.57202,-0.03596,0.38657,0.584992,-0.030674,0.420906,0.522726,-0.032622,0.388103,0.551574,-0.044857,0.380251,0.584132,-0.044573,0.380658,0.602244,-0.042371
no_signal,0.416353,0.613922,-0.0,0.378833,0.58797,-0.003971,0.345293,0.546497,-0.00919,0.324545,0.514157,-0.015184,0.329441,0.502129,-0.018778,0.382954,0.448834,-0.012853,0.339957,0.46486,-0.026617,0.342478,0.513872,-0.031695,0.352112,0.52389,-0.03502,0.399432,0.457055,-0.017965,0.345152,0.483445,-0.032731,0.349999,0.533858,-0.029501,0.361681,0.5412,-0.025764,0.409334,0.482444,-0.02455,0.35608,0.511129,-0.038791,0.361132,0.555719,-0.030383,0.375978,0.569425,-0.022331,0.415271,0.517927,-0.031875,0.380729,0.516872,-0.045896,0.368444,0.52972,-0.047665,0.367802,0.537217,-0.046631
no_signal,0.414427,0.60054,-0.0,0.373526,0.583456,-0.007376,0.346483,0.53963,-0.012663,0.33046,0.505435,-0.019052,0.331893,0.498435,-0.02208,0.38051,0.43391,0.004616,0.337944,0.440526,-0.00884,0.341914,0.48494,-0.01765,0.355417,0.492131,-0.022908,0.391225,0.434992,0.000973,0.344291,0.451868,-0.013316,0.349287,0.498931,-0.014987,0.364662,0.501621,-0.013078,0.397401,0.449092,-0.005794,0.352901,0.472467,-0.019563,0.357809,0.514533,-0.014482,0.374292,0.516116,-0.007852,0.398783,0.47381,-0.014197,0.36311,0.490168,-0.023568,0.36488,0.519174,-0.021517,0.378672,0.52623,-0.01709
no_signal,0.412893,0.596902,-0.0,0.370966,0.567525,-0.003461,0.346112,0.517994,-0.007659,0.333272,0.48329,-0.014685,0.338558,0.482804,-0.018445,0.385906,0.422695,0.008484,0.342803,0.423507,-0.006478,0.347288,0.47122,-0.015614,0.360675,0.482308,-0.020582,0.39608,0.423096,0.002198,0.347953,0.435079,-0.014922,0.353867,0.486362,-0.017325,0.370312,0.490957,-0.015011,0.402433,0.435644,-0.007127,0.356226,0.45011,-0.02316,0.361814,0.498088,-0.01739,0.37921,0.503905,-0.009126,0.404158,0.459951,-0.017767,0.369388,0.460877,-0.027608,0.370767,0.489253,-0.024296,0.385114,0.498818,-0.018414
no_signal,0.410102,0.588567,-0.0,0.374979,0.558587,-0.003254,0.349525,0.506053,-0.006994,0.337922,0.466872,-0.014041,0.349828,0.466884,-0.017929,0.379754,0.420483,0.006582,0.350034,0.407512,-0.008077,0.350352,0.456502,-0.015314,0.360558,0.474321,-0.018244,0.394124,0.421924,0.000467,0.358072,0.423745,-0.015876,0.360016,0.479903,-0.015819,0.372389,0.49164,-0.011411,0.406038,0.435267,-0.008825,0.370975,0.435515,-0.025544,0.371535,0.489044,-0.019609,0.383803,0.509054,-0.0102,0.415274,0.456123,-0.019212,0.395614,0.43135,-0.026737,0.383338,0.4426,-0.022989,0.380154,0.450639,-0.017385
no_signal,0.410191,0.575657,-0.0,0.381733,0.55442,-0.002753,0.35654,0.50306,-0.007099,0.345294,0.463802,-0.014036,0.355603,0.453358,-0.018692,0.383969,0.412389,0.002534,0.362131,0.383018,-0.010085,0.353794,0.4178,-0.017553,0.355043,0.44526,-0.021116,0.400831,0.418986,-0.002827,0.372902,0.414035,-0.01984,0.367873,0.463195,-0.024593,0.371764,0.493015,-0.023815,0.413946,0.436647,-0.010255,0.383632,0.427621,-0.026528,0.373642,0.469243,-0.025345,0.37295,0.499835,-0.019936,0.422101,0.46037,-0.018134,0.402512,0.42498,-0.028272,0.384899,0.405228,-0.029802,0.371656,0.386282,-0.028532
no_signal,0.415383,0.569571,-0.0,0.383211,0.540959,-0.003483,0.365383,0.482831,-0.007224,0.357733,0.441764,-0.012384,0.35436,0.406176,-0.015689,0.397387,0.408919,-0.002266,0.377554,0.364722,-0.015459,0.360426,0.398525,-0.023764,0.359393,0.42885,-0.028838,0.411458,0.412422,-0.0088,0.38622,0.356877,-0.024348,0.365273,0.394484,-0.030299,0.362973,0.426073,-0.031234,0.420086,0.430172,-0.017027,0.39382,0.377248,-0.032092,0.372007,0.408119,-0.033315,0.366555,0.434386,-0.031247,0.421197,0.459871,-0.025583,0.392274,0.437605,-0.039118,0.368128,0.431992,-0.043369,0.354969,0.424506,-0.044176
no_signal,0.418343,0.576571,-0.0,0.386989,0.545312,-0.004649,0.371444,0.489041,-0.009388,0.363965,0.449036,-0.016079,0.359409,0.4119,-0.021705,0.393128,0.421346,0.00187,0.380824,0.37344,-0.012654,0.362419,0.393795,-0.023461,0.356836,0.421955,-0.02947,0.408667,0.419884,-0.004234,0.396579,0.357851,-0.020085,0.374148,0.381422,-0.029384,0.366111,0.411697,-0.032331,0.421082,0.432659,-0.01253,0.41054,0.36456,-0.02666,0.386505,0.377707,-0.032524,0.374654,0.400216,-0.033876,0.427632,0.457928,-0.021195,0.404481,0.427717,-0.033559,0.383031,0.419206,-0.039523,0.370642,0.414003,-0.041703
no_signal,0.427778,0.583661,-0.0,0.391493,0.550881,5.7e-05,0.374888,0.48995,-0.002862,0.366696,0.45103,-0.008736,0.357821,0.417382,-0.01415,0.404548,0.415866,0.007675,0.380255,0.382522,-0.006336,0.360519,0.414046,-0.019785,0.350557,0.452194,-0.027412,0.416895,0.417654,-0.000691,0.389244,0.373634,-0.016439,0.365514,0.398082,-0.027576,0.351905,0.431305,-0.031519,0.425969,0.433613,-0.01111,0.404438,0.376108,-0.02202,0.378592,0.365385,-0.028027,0.360031,0.364605,-0.030347,0.427875,0.462867,-0.021843,0.41258,0.424013,-0.028675,0.39792,0.401116,-0.031075,0.386373,0.382059,-0.031864
no_signal,0.419222,0.586309,-0.0,0.392417,0.555082,-0.005853,0.376865,0.489268,-0.00971,0.371915,0.44188,-0.014364,0.371136,0.404878,-0.017649,0.39277,0.432841,-0.006772,0.371055,0.400567,-0.019613,0.355161,0.432208,-0.026622,0.35018,0.460144,-0.030823,0.408204,0.433158,-0.010534,0.384586,0.394757,-0.028717,0.364118,0.430252,-0.035771,0.355539,0.467901,-0.037567,0.423818,0.447627,-0.016054,0.40514,0.398423,-0.033235,0.374799,0.413706,-0.038538,0.353733,0.431147,-0.039706,0.436023,0.471518,-0.021738,0.44497,0.426783,-0.037798,0.445591,0.394924,-0.048007,0.44559,0.362323,-0.054069
no_signal,0.42302,0.573519,-0.0,0.395976,0.538144,-0.005026,0.382473,0.483581,-0.010798,0.379689,0.443843,-0.017384,0.382009,0.418584,-0.022479,0.412336,0.405711,-0.009172,0.388755,0.376067,-0.027639,0.366816,0.410785,-0.03785,0.357898,0.448369,-0.041116,0.431236,0.416294,-0.014312,0.407354,0.373992,-0.033714,0.384409,0.411675,-0.040514,0.376421,0.451034,-0.039995,0.443194,0.441922,-0.021065,0.404736,0.441891,-0.041062,0.380503,0.48441,-0.044147,0.372458,0.515171,-0.040363,0.44722,0.474813,-0.027772,0.420015,0.448508,-0.040391,0.396793,0.437824,-0.042032,0.381314,0.426763,-0.04016
no_signal,0.431979,0.586036,-0.0,0.397892,0.544266,-0.007096,0.380409,0.497053,-0.016723,0.373964,0.464588,-0.0275,0.37496,0.438066,-0.036893,0.420392,0.414468,-0.014176,0.392393,0.375449,-0.035962,0.366566,0.400825,-0.048472,0.35385,0.434853,-0.05277,0.436395,0.429223,-0.020075,0.410173,0.377001,-0.04074,0.38673,0.398865,-0.048147,0.374674,0.429108,-0.04794,0.443094,0.455883,-0.027402,0.393664,0.458455,-0.04609,0.371612,0.499544,-0.047163,0.363892,0.529384,-0.042536,0.440178,0.490441,-0.035288,0.397412,0.493131,-0.045129,0.375391,0.511668,-0.043091,0.362126,0.52479,-0.038447
no_signal,0.432902,0.595279,-0.0,0.395567,0.547656,-0.006179,0.377226,0.507367,-0.017103,0.369854,0.480186,-0.02944,0.371492,0.46159,-0.040688,0.414622,0.423807,-0.017753,0.385302,0.382154,-0.040291,0.358925,0.408764,-0.053734,0.346302,0.44266,-0.059158,0.431086,0.44135,-0.024849,0.407966,0.393158,-0.046122,0.382356,0.41405,-0.053596,0.367125,0.443591,-0.054293,0.437827,0.472813,-0.033261,0.394048,0.480395,-0.052134,0.378295,0.515909,-0.054818,0.374708,0.543432,-0.052462,0.435179,0.510594,-0.042096,0.39137,0.517803,-0.052571,0.364893,0.530731,-0.052463,0.347436,0.539646,-0.050339
no_signal,0.442437,0.602703,-0.0,0.407633,0.561504,-0.004376,0.388876,0.519362,-0.013089,0.381142,0.501696,-0.023357,0.375898,0.491922,-0.033337,0.418343,0.426672,-0.010526,0.382797,0.398254,-0.029065,0.358542,0.429847,-0.042316,0.34998,0.461722,-0.049813,0.431721,0.438134,-0.01825,0.391056,0.410473,-0.035446,0.369752,0.45008,-0.041732,0.367828,0.483725,-0.043741,0.439846,0.465912,-0.027756,0.400801,0.439246,-0.044433,0.379832,0.467991,-0.046128,0.375557,0.48944,-0.045083,0.443032,0.504201,-0.037584,0.411341,0.50086,-0.050284,0.394215,0.520089,-0.050476,0.389194,0.535654,-0.048699
no_signal,0.441301,0.589531,-0.0,0.409905,0.546751,-0.009459,0.39186,0.511175,-0.021652,0.384393,0.491335,-0.034879,0.393168,0.486628,-0.047098,0.428428,0.420821,-0.017807,0.409312,0.383271,-0.040018,0.38715,0.410657,-0.054785,0.374926,0.442799,-0.062186,0.448466,0.440077,-0.02445,0.435511,0.400873,-0.043992,0.408714,0.427596,-0.050734,0.395661,0.456978,-0.05179,0.462434,0.476646,-0.033057,0.442456,0.462857,-0.049828,0.418453,0.487175,-0.050207,0.407163,0.509549,-0.046847,0.470906,0.52259,-0.042743,0.454309,0.522976,-0.05348,0.43535,0.532537,-0.051517,0.423766,0.540905,-0.047361
no_signal,0.452002,0.580202,-0.0,0.426515,0.538787,-0.012124,0.410407,0.502022,-0.026375,0.402968,0.494,-0.040808,0.408906,0.495518,-0.054842,0.444344,0.43536,-0.026106,0.431321,0.414011,-0.051092,0.408656,0.444436,-0.066265,0.400058,0.474039,-0.074031,0.464645,0.462093,-0.034088,0.47546,0.415226,-0.059713,0.451243,0.430565,-0.068211,0.436683,0.451536,-0.069019,0.47624,0.502457,-0.044034,0.473305,0.49537,-0.068961,0.447521,0.508466,-0.073977,0.435115,0.513783,-0.072351,0.480227,0.547895,-0.05421,0.462428,0.557268,-0.069798,0.439612,0.563669,-0.07034,0.427199,0.560336,-0.068204
no_signal,0.450951,0.572696,-0.0,0.43548,0.510062,-0.011953,0.425208,0.46947,-0.022484,0.415242,0.479433,-0.032652,0.409398,0.504988,-0.043032,0.456459,0.443074,-0.025956,0.439196,0.442435,-0.044724,0.414265,0.471986,-0.05524,0.393894,0.497278,-0.059464,0.47086,0.481565,-0.029783,0.472782,0.468402,-0.047093,0.458322,0.471711,-0.054157,0.445252,0.475983,-0.056507,0.473103,0.524625,-0.034815,0.441799,0.535801,-0.054863,0.412286,0.541892,-0.061723,0.393077,0.541837,-0.062115,0.46523,0.563969,-0.039823,0.427988,0.570781,-0.051287,0.401605,0.571457,-0.05125,0.383853,0.566681,-0.049557
no_signal,0.461042,0.510496,-0.0,0.444465,0.473636,-0.021644,0.425271,0.451076,-0.037516,0.402588,0.455734,-0.048823,0.382809,0.470063,-0.063055,0.455472,0.483801,-0.053616,0.412398,0.497482,-0.067638,0.386292,0.501678,-0.076995,0.363863,0.50681,-0.083368,0.45598,0.525038,-0.05103,0.407575,0.532741,-0.066707,0.380477,0.534612,-0.077461,0.360655,0.537308,-0.087359,0.45148,0.557077,-0.046734,0.405647,0.567962,-0.062922,0.381682,0.566968,-0.071216,0.365213,0.566873,-0.077355,0.442956,0.580615,-0.042965,0.40902,0.585986,-0.056923,0.386758,0.581821,-0.059571,0.370696,0.578226,-0.062043
no_signal,0.477529,0.51098,-0.0,0.447025,0.470266,-0.014268,0.416596,0.445428,-0.023779,0.388229,0.444429,-0.031277,0.367859,0.455617,-0.041371,0.447428,0.442237,-0.031275,0.40085,0.470531,-0.044518,0.371588,0.488897,-0.053615,0.350344,0.50036,-0.059672,0.464803,0.485085,-0.032959,0.417803,0.51574,-0.046388,0.383496,0.530744,-0.057382,0.358321,0.53854,-0.0677,0.474387,0.523918,-0.034208,0.428281,0.560191,-0.051069,0.393965,0.567838,-0.060791,0.371631,0.570774,-0.067429,0.475998,0.560998,-0.035574,0.433415,0.586787,-0.049751,0.40475,0.590231,-0.053135,0.384007,0.589747,-0.055632
no_signal,0.451015,0.514876,0.0,0.434326,0.472748,-0.021104,0.403309,0.458667,-0.035219,0.372612,0.470396,-0.04369,0.347302,0.479589,-0.051487,0.416429,0.501669,-0.050506,0.373123,0.516887,-0.065776,0.344558,0.520529,-0.070585,0.324071,0.523046,-0.072246,0.419081,0.540688,-0.043434,0.373441,0.553904,-0.057128,0.343782,0.555452,-0.058083,0.322699,0.554268,-0.05819,0.417416,0.56381,-0.03582,0.376987,0.573128,-0.045989,0.35039,0.572249,-0.046397,0.33105,0.567807,-0.046266,0.413855,0.575124,-0.029241,0.381215,0.581461,-0.037047,0.359785,0.580062,-0.039155,0.343184,0.575594,-0.040025
no_signal,0.455963,0.546849,0.0,0.437947,0.468392,-0.010236,0.397828,0.445407,-0.021437,0.363656,0.454653,-0.028304,0.341559,0.475964,-0.036421,0.396468,0.458698,-0.044134,0.35167,0.466218,-0.055338,0.323297,0.467607,-0.0601,0.301402,0.46615,-0.062982,0.39963,0.507719,-0.040816,0.347481,0.520845,-0.05597,0.312076,0.514312,-0.060954,0.287953,0.509463,-0.064557,0.399598,0.549511,-0.034557,0.348525,0.549141,-0.042647,0.322752,0.536657,-0.039856,0.309381,0.528451,-0.036964,0.399814,0.579403,-0.028039,0.358637,0.567843,-0.030063,0.338193,0.553377,-0.025553,0.327481,0.543274,-0.021785
no_signal,0.427765,0.543599,0.0,0.402178,0.466062,-0.011252,0.360591,0.429822,-0.01486,0.323615,0.421834,-0.014521,0.297043,0.421615,-0.012855,0.359255,0.48404,-0.020736,0.317389,0.480207,-0.02538,0.293552,0.474016,-0.027209,0.273414,0.467685,-0.027531,0.349654,0.529588,-0.014544,0.308271,0.517307,-0.017883,0.284058,0.501031,-0.017906,0.2667,0.485455,-0.017139,0.341957,0.559958,-0.007804,0.306844,0.535546,-0.009055,0.292943,0.512643,-0.00702,0.285171,0.493759,-0.004888,0.336705,0.574526,-0.001892,0.312761,0.543004,-0.002309,0.304064,0.52197,-4.5e-05,0.297748,0.506011,0.003006
no_signal,0.39535,0.545794,0.0,0.373541,0.4746,-0.015068,0.331305,0.43084,-0.018291,0.293271,0.416265,-0.017316,0.264969,0.403238,-0.015052,0.306809,0.508458,-0.011805,0.26695,0.479923,-0.009575,0.250799,0.455637,-0.006635,0.239058,0.437033,-0.00423,0.300104,0.542868,-0.002015,0.264683,0.495511,0.000137,0.264687,0.461526,0.001819,0.2693,0.442204,0.00382,0.297913,0.560582,0.007541,0.266899,0.511596,0.008839,0.270995,0.480483,0.00885,0.278987,0.46402,0.009129,0.297606,0.565974,0.016167,0.27379,0.525386,0.015459,0.275261,0.496718,0.014881,0.280678,0.481126,0.015827
no_signal,0.37042,0.572139,0.0,0.352434,0.49104,-0.020929,0.315093,0.44155,-0.026519,0.27897,0.413953,-0.026771,0.249749,0.39336,-0.023096,0.270257,0.519438,-0.016141,0.234118,0.456369,-0.015738,0.248448,0.42518,-0.011828,0.265046,0.42474,-0.006741,0.265641,0.55047,-0.002733,0.245439,0.475492,-0.000624,0.265172,0.447404,-9e-06,0.282437,0.452066,0.001211,0.268951,0.562397,0.010043,0.252064,0.493358,0.010891,0.2678,0.467664,0.010308,0.284405,0.467306,0.010567,0.274482,0.565469,0.021638,0.258143,0.512654,0.020335,0.269666,0.490453,0.020235,0.283933,0.486741,0.02211
no_signal,0.386815,0.573213,-0.0,0.380179,0.485828,-0.020624,0.347665,0.416777,-0.026452,0.311227,0.374874,-0.027295,0.281929,0.362673,-0.023616,0.294832,0.484053,-0.020124,0.258523,0.411903,-0.022756,0.284847,0.389597,-0.021559,0.30441,0.402209,-0.019281,0.285497,0.516712,-0.009201,0.263227,0.438084,-0.009227,0.286895,0.413498,-0.00938,0.303682,0.426311,-0.009769,0.285671,0.533025,0.001137,0.268283,0.459112,0.001359,0.286962,0.434774,0.003034,0.302347,0.44251,0.003545,0.289674,0.539278,0.009942,0.275352,0.476945,0.009116,0.288903,0.459451,0.010983,0.302382,0.465947,0.012975
no_signal,0.422913,0.556648,-0.0,0.426246,0.46283,-0.017374,0.402228,0.389691,-0.023162,0.371569,0.338206,-0.025014,0.345301,0.318365,-0.022647,0.345556,0.438413,-0.021327,0.316099,0.353176,-0.028871,0.345937,0.344013,-0.031743,0.365612,0.364137,-0.031733,0.332657,0.470445,-0.01292,0.318239,0.380839,-0.014596,0.344626,0.371281,-0.014158,0.359192,0.391195,-0.014517,0.330033,0.486995,-0.005086,0.320327,0.403308,-0.004696,0.341717,0.395607,-0.00049,0.355525,0.414419,0.001333,0.33166,0.493121,0.001233,0.324347,0.42346,0.00259,0.339816,0.417411,0.007257,0.351799,0.433798,0.010726
no_signal,0.455394,0.543806,-0.0,0.460996,0.448959,-0.004967,0.445093,0.368053,-0.005666,0.417951,0.316732,-0.004921,0.392452,0.296717,-0.001255,0.399743,0.377546,-0.006672,0.377211,0.302401,-0.009952,0.397607,0.304917,-0.010925,0.412304,0.32747,-0.009795,0.382041,0.406885,-0.003275,0.373441,0.33561,0.000674,0.392928,0.336476,0.002041,0.403073,0.356552,0.001571,0.374155,0.430045,0.000158,0.372724,0.366043,0.006712,0.390571,0.36776,0.010739,0.400685,0.388433,0.011023,0.371784,0.446967,0.002994,0.373546,0.392315,0.011257,0.387413,0.391015,0.017728,0.397114,0.407371,0.021449
no_signal,0.460828,0.543949,-0.0,0.478302,0.451545,-0.002101,0.470636,0.37173,0.001999,0.455024,0.318602,0.007099,0.443782,0.2873,0.015058,0.424187,0.353664,0.003927,0.415899,0.278066,0.007009,0.436747,0.290658,0.009263,0.449559,0.31644,0.012041,0.405321,0.377608,0.008789,0.412595,0.319052,0.019235,0.431548,0.330279,0.021807,0.438512,0.352248,0.021421,0.398801,0.400831,0.013791,0.409042,0.353945,0.026542,0.42524,0.362489,0.029322,0.431493,0.384382,0.027723,0.39723,0.423551,0.018188,0.405727,0.386588,0.029785,0.418301,0.393134,0.035195,0.42474,0.412732,0.037777
no_signal,0.477459,0.551903,-0.0,0.483364,0.44782,0.004941,0.465384,0.382526,0.00556,0.444053,0.353576,0.003805,0.427932,0.339022,0.003093,0.420878,0.371341,0.001736,0.418408,0.310455,-0.005075,0.435838,0.332087,-0.011185,0.445069,0.361053,-0.013973,0.404043,0.405244,-0.002719,0.40644,0.358773,-0.002351,0.421443,0.371858,-0.002385,0.430397,0.393196,-0.003896,0.396837,0.442991,-0.007072,0.401982,0.404226,-0.004326,0.414639,0.41463,-6.4e-05,0.422379,0.436251,0.001003,0.395552,0.479694,-0.01151,0.401782,0.445301,-0.006821,0.413396,0.451717,0.000127,0.420011,0.467943,0.004767
no_signal,0.520955,0.498236,-0.0,0.486212,0.430147,0.003711,0.443337,0.417565,0.001889,0.410126,0.437381,-0.002052,0.391782,0.459066,-0.006893,0.431043,0.407467,-0.008265,0.379853,0.432116,-0.020762,0.371604,0.472141,-0.027283,0.380218,0.494859,-0.02933,0.44435,0.439873,-0.014414,0.391872,0.473001,-0.022627,0.379653,0.506502,-0.0214,0.386339,0.522326,-0.019785,0.459092,0.477223,-0.02072,0.411251,0.510487,-0.028837,0.401972,0.532996,-0.024151,0.41005,0.53837,-0.019345,0.473707,0.514463,-0.026539,0.438202,0.543266,-0.033172,0.431525,0.549142,-0.029913,0.438218,0.543871,-0.02524
no_signal,0.509201,0.419879,-0.0,0.472502,0.422178,-0.011334,0.442694,0.451458,-0.027368,0.431157,0.506724,-0.043093,0.427641,0.551574,-0.059697,0.441502,0.403042,-0.044353,0.402192,0.497063,-0.067578,0.400097,0.555326,-0.078006,0.409242,0.581297,-0.083135,0.461074,0.396455,-0.049403,0.424655,0.515036,-0.069457,0.428479,0.556915,-0.070653,0.438797,0.560902,-0.071955,0.481188,0.401895,-0.05479,0.445949,0.516328,-0.07274,0.448339,0.552252,-0.065893,0.455818,0.552329,-0.06057,0.499171,0.413245,-0.06104,0.469761,0.50485,-0.074966,0.466058,0.539647,-0.070779,0.467554,0.547822,-0.066664
no_signal,0.489333,0.411318,-0.0,0.461663,0.454028,-0.016664,0.443232,0.502749,-0.03198,0.445163,0.557339,-0.045625,0.451287,0.60755,-0.060341,0.438767,0.437323,-0.041076,0.438303,0.542687,-0.058488,0.446602,0.601914,-0.066776,0.452629,0.628408,-0.071839,0.462548,0.418719,-0.042868,0.468973,0.543921,-0.057704,0.477246,0.579786,-0.060436,0.478262,0.581637,-0.06386,0.487108,0.409854,-0.044889,0.494737,0.527653,-0.058001,0.499034,0.555072,-0.054771,0.497514,0.552332,-0.053582,0.510976,0.406639,-0.048487,0.519542,0.494471,-0.060748,0.520343,0.526541,-0.058468,0.519473,0.534134,-0.056167
no_signal,0.486583,0.387848,-0.0,0.465733,0.432074,-0.011847,0.455329,0.484251,-0.027,0.454398,0.533582,-0.040385,0.446305,0.575742,-0.055222,0.447982,0.406468,-0.042771,0.464528,0.493751,-0.059255,0.471742,0.543016,-0.068686,0.475954,0.572034,-0.075202,0.473312,0.385149,-0.047098,0.491505,0.487821,-0.060248,0.493081,0.512644,-0.06137,0.490305,0.514367,-0.064744,0.498195,0.37789,-0.051013,0.51227,0.475782,-0.063907,0.508265,0.494649,-0.057185,0.501305,0.493718,-0.053862,0.520062,0.38,-0.055673,0.529443,0.449729,-0.070738,0.524509,0.462243,-0.068229,0.516742,0.458651,-0.06566
no_signal,0.467132,0.385456,-0.0,0.458345,0.439224,-0.020857,0.454278,0.473275,-0.037706,0.454749,0.507191,-0.051182,0.447257,0.53656,-0.066797,0.445738,0.40987,-0.048768,0.462575,0.461791,-0.069476,0.471548,0.490622,-0.08565,0.479003,0.508306,-0.096776,0.466784,0.38083,-0.050374,0.484594,0.418226,-0.070612,0.493771,0.439221,-0.084969,0.496629,0.450972,-0.097541,0.488527,0.36339,-0.05201,0.504121,0.390988,-0.075831,0.506708,0.400977,-0.089119,0.505131,0.401569,-0.098883,0.507518,0.358184,-0.053807,0.523895,0.367641,-0.074465,0.53194,0.359116,-0.081682,0.533331,0.344266,-0.087625
no_signal,0.492663,0.473536,-0.0,0.470584,0.488879,-0.022652,0.451772,0.481049,-0.039559,0.437141,0.469221,-0.053315,0.422753,0.457823,-0.06635,0.442268,0.385169,-0.036939,0.431638,0.398906,-0.057809,0.443766,0.436011,-0.070318,0.455621,0.459505,-0.076305,0.463127,0.362467,-0.035272,0.461432,0.350871,-0.053883,0.472012,0.375138,-0.063085,0.48027,0.391234,-0.067789,0.484656,0.35716,-0.0351,0.490329,0.331771,-0.052084,0.500707,0.331761,-0.059229,0.508537,0.333488,-0.062432,0.505385,0.363958,-0.035981,0.51078,0.333532,-0.047048,0.517986,0.32073,-0.049841,0.523077,0.31238,-0.050692
no_signal,0.475373,0.518799,-0.0,0.447035,0.518566,-0.012439,0.420121,0.471519,-0.01813,0.404755,0.431592,-0.02337,0.393507,0.396092,-0.02734,0.432753,0.389517,-0.008253,0.415662,0.352588,-0.024095,0.405496,0.378446,-0.036478,0.403358,0.413484,-0.042567,0.454211,0.369772,-0.009875,0.445367,0.31173,-0.025228,0.430497,0.326656,-0.03437,0.42384,0.363186,-0.037031,0.476714,0.370617,-0.014084,0.480041,0.302026,-0.028333,0.466286,0.304666,-0.03614,0.457447,0.32822,-0.038484,0.500504,0.387194,-0.019142,0.514823,0.33859,-0.032031,0.506235,0.333984,-0.038066,0.496094,0.349468,-0.039732
no_signal,0.473486,0.565348,-0.0,0.442796,0.5507,-0.011421,0.418833,0.491964,-0.015592,0.406073,0.442768,-0.02097,0.398772,0.405845,-0.024494,0.434442,0.421088,0.000123,0.424096,0.371443,-0.017601,0.408855,0.37347,-0.030905,0.40157,0.395686,-0.036904,0.452926,0.406451,-0.002396,0.450028,0.3372,-0.020141,0.432066,0.340707,-0.030105,0.423786,0.378599,-0.032008,0.472289,0.407295,-0.008428,0.477592,0.340029,-0.023591,0.461548,0.338936,-0.029936,0.452568,0.368758,-0.029606,0.492857,0.420469,-0.016063,0.506305,0.371674,-0.027358,0.495735,0.360632,-0.032847,0.485237,0.377432,-0.033497
no_signal,0.457699,0.575478,-0.0,0.428202,0.542386,-0.008529,0.41365,0.472663,-0.011618,0.411824,0.419781,-0.016107,0.408114,0.381005,-0.019224,0.436228,0.407917,0.001542,0.434934,0.352388,-0.014698,0.421708,0.339378,-0.026868,0.412951,0.354889,-0.031663,0.455112,0.404071,-0.002248,0.468509,0.332837,-0.018378,0.454436,0.324369,-0.026767,0.44339,0.356172,-0.02743,0.471894,0.412867,-0.009156,0.49109,0.351856,-0.022423,0.47636,0.341604,-0.026977,0.464203,0.364135,-0.025645,0.487062,0.432826,-0.017586,0.504339,0.390159,-0.027993,0.497338,0.376852,-0.031788,0.488367,0.38805,-0.030885
no_signal,0.444741,0.558768,-0.0,0.422295,0.502791,-0.006758,0.419059,0.430974,-0.011104,0.431784,0.381385,-0.017078,0.453459,0.36469,-0.021833,0.456888,0.375897,-0.001379,0.471299,0.321661,-0.017788,0.457274,0.29945,-0.03127,0.440375,0.302942,-0.038082,0.475256,0.388816,-0.007026,0.507784,0.324761,-0.02409,0.488057,0.310429,-0.032223,0.46723,0.330304,-0.033693,0.489809,0.410717,-0.015276,0.524669,0.358219,-0.029058,0.505297,0.341423,-0.033078,0.487734,0.355639,-0.031843,0.50092,0.441734,-0.025003,0.529053,0.3977,-0.034003,0.516524,0.377145,-0.036022,0.5014,0.383963,-0.034786
no_signal,0.452346,0.535534,-0.0,0.439727,0.468158,-0.005444,0.447048,0.402637,-0.010492,0.471067,0.364699,-0.018148,0.497617,0.343282,-0.024898,0.48028,0.364736,0.00434,0.480711,0.300784,-0.012886,0.463719,0.310455,-0.028379,0.448116,0.342889,-0.03555,0.50011,0.37859,-0.002568,0.527885,0.314915,-0.014975,0.518064,0.286995,-0.025564,0.502521,0.282377,-0.030874,0.513947,0.407064,-0.012481,0.540438,0.351295,-0.026101,0.525623,0.340211,-0.033105,0.510709,0.350072,-0.03472,0.520792,0.443073,-0.022926,0.529646,0.391019,-0.031002,0.512723,0.388389,-0.029294,0.496889,0.406377,-0.026107
no_signal,0.472538,0.550409,-0.0,0.456834,0.498481,-0.008486,0.463613,0.425819,-0.01337,0.482214,0.378631,-0.019418,0.503044,0.344956,-0.024549,0.486209,0.378669,0.000247,0.48458,0.324421,-0.019969,0.469216,0.349697,-0.035345,0.456614,0.392361,-0.04174,0.508462,0.391586,-0.005197,0.532348,0.313108,-0.021538,0.522923,0.287531,-0.032268,0.509643,0.287814,-0.035729,0.525185,0.41815,-0.013714,0.5447,0.35448,-0.032063,0.526538,0.35051,-0.039302,0.511275,0.360571,-0.039957,0.536294,0.455169,-0.022602,0.528424,0.416098,-0.035329,0.507209,0.430516,-0.034806,0.493141,0.454082,-0.031755
no_signal,0.490481,0.576405,-0.0,0.472948,0.530542,-0.011973,0.472253,0.460954,-0.017895,0.48665,0.412933,-0.025409,0.502436,0.379616,-0.031313,0.496408,0.394047,0.001199,0.488654,0.340259,-0.020212,0.47491,0.366265,-0.038791,0.466684,0.406888,-0.048035,0.519893,0.400099,-0.002778,0.529059,0.323217,-0.017101,0.523656,0.284974,-0.029946,0.515762,0.26666,-0.037655,0.53836,0.425552,-0.01089,0.559729,0.362384,-0.026412,0.547042,0.34528,-0.035992,0.53026,0.340209,-0.04036,0.551612,0.46593,-0.020253,0.563429,0.42477,-0.030521,0.550346,0.42027,-0.0322,0.53333,0.426767,-0.032186
no_signal,0.49715,0.602481,-0.0,0.474042,0.556417,-0.01511,0.468179,0.49435,-0.024368,0.480378,0.449506,-0.034767,0.495632,0.413876,-0.043104,0.493005,0.416824,-0.002296,0.491782,0.362717,-0.024647,0.484415,0.376672,-0.04371,0.478615,0.407382,-0.052829,0.519522,0.419234,-0.004831,0.532474,0.349458,-0.017402,0.53496,0.316723,-0.029383,0.533252,0.303275,-0.037521,0.540038,0.440531,-0.01186,0.560051,0.379765,-0.025877,0.56011,0.371292,-0.034408,0.552832,0.377602,-0.038537,0.55646,0.476408,-0.020543,0.575069,0.428932,-0.030264,0.57217,0.423937,-0.032102,0.561234,0.43493,-0.032088
no_signal,0.479719,0.630189,-0.0,0.454324,0.589627,-0.014277,0.444879,0.531665,-0.024613,0.457318,0.491002,-0.036094,0.473117,0.46196,-0.046206,0.478338,0.451746,-0.004739,0.472039,0.400737,-0.027612,0.461451,0.421438,-0.048051,0.454413,0.454824,-0.058482,0.503756,0.452198,-0.008104,0.51775,0.384791,-0.019848,0.521668,0.35224,-0.031592,0.522581,0.33251,-0.039957,0.523793,0.474981,-0.015578,0.546541,0.417396,-0.027962,0.548415,0.407277,-0.03462,0.542801,0.404911,-0.037975,0.539611,0.513828,-0.024852,0.560002,0.473295,-0.032942,0.563401,0.466295,-0.032882,0.560187,0.466383,-0.031806
no_signal,0.460011,0.615763,0.0,0.43386,0.586614,-0.018478,0.41516,0.53914,-0.032012,0.410457,0.502622,-0.045645,0.423904,0.502984,-0.058751,0.466357,0.469099,-0.022159,0.472762,0.412548,-0.045738,0.470303,0.430612,-0.061443,0.465925,0.465687,-0.068612,0.495898,0.489114,-0.026606,0.527296,0.415705,-0.046241,0.529088,0.398802,-0.057587,0.524781,0.401611,-0.062449,0.511572,0.527883,-0.033899,0.541966,0.489308,-0.057407,0.524043,0.51598,-0.064816,0.504469,0.543588,-0.064787,0.518399,0.577909,-0.042103,0.524145,0.584677,-0.060655,0.505352,0.606112,-0.06365,0.485853,0.622593,-0.062534
no_signal,0.444337,0.596318,0.0,0.424577,0.565294,-0.022344,0.414285,0.526989,-0.040695,0.402548,0.510377,-0.056856,0.387176,0.49536,-0.071824,0.454584,0.479709,-0.041138,0.460893,0.476421,-0.06801,0.443002,0.525727,-0.081852,0.429517,0.560372,-0.087645,0.482324,0.517547,-0.044814,0.512187,0.475162,-0.071145,0.505155,0.481733,-0.081467,0.499002,0.488486,-0.084514,0.494317,0.560007,-0.049946,0.499225,0.574704,-0.080044,0.468518,0.600376,-0.085385,0.44541,0.610034,-0.082752,0.495193,0.601198,-0.055528,0.478692,0.629753,-0.075898,0.450633,0.648862,-0.075108,0.429458,0.652273,-0.071434
no_signal,0.456484,0.595123,-0.0,0.436482,0.583129,-0.018157,0.416789,0.554583,-0.035717,0.400025,0.555252,-0.052105,0.388668,0.570287,-0.067674,0.452456,0.480152,-0.03121,0.442029,0.503523,-0.052379,0.426365,0.553373,-0.064731,0.415001,0.586105,-0.07092,0.47576,0.498266,-0.033075,0.480941,0.483205,-0.053812,0.469668,0.528955,-0.059224,0.462105,0.564751,-0.05917,0.492958,0.527649,-0.036486,0.5034,0.528923,-0.056138,0.494655,0.568579,-0.056397,0.488793,0.588985,-0.052505,0.504243,0.566874,-0.041075,0.514067,0.580593,-0.052994,0.510579,0.601955,-0.051734,0.509005,0.606012,-0.048756
no_signal,0.468061,0.586714,-0.0,0.447816,0.571802,-0.021375,0.428353,0.557218,-0.040238,0.412458,0.562135,-0.057349,0.398226,0.572001,-0.073435,0.463871,0.470492,-0.041143,0.453855,0.487359,-0.057614,0.445802,0.524416,-0.065295,0.437534,0.55701,-0.068345,0.489124,0.481676,-0.039882,0.475847,0.540376,-0.060457,0.457777,0.591972,-0.069219,0.443133,0.630408,-0.073244,0.507786,0.51105,-0.039114,0.504389,0.557898,-0.062377,0.491356,0.597765,-0.068142,0.480803,0.630763,-0.067277,0.520151,0.543429,-0.03901,0.540981,0.533276,-0.05587,0.559934,0.525148,-0.059738,0.576475,0.520633,-0.059754
no_signal,0.462719,0.571182,-0.0,0.440558,0.544788,-0.020545,0.42642,0.517834,-0.037431,0.414672,0.496484,-0.052695,0.400421,0.468324,-0.066248,0.47118,0.453455,-0.043139,0.467954,0.441389,-0.063008,0.454288,0.470488,-0.070692,0.438758,0.505944,-0.072591,0.494046,0.477053,-0.042487,0.46992,0.52896,-0.067406,0.443505,0.567306,-0.074865,0.422277,0.598767,-0.076853,0.50684,0.519194,-0.042768,0.480654,0.571788,-0.070087,0.4544,0.607325,-0.072803,0.433805,0.638769,-0.069051,0.512765,0.564615,-0.04368,0.516683,0.57882,-0.066351,0.521268,0.581018,-0.070093,0.52352,0.58575,-0.068316
no_signal,0.462807,0.548066,-0.0,0.439459,0.517759,-0.018045,0.423894,0.482944,-0.034613,0.410381,0.452234,-0.050563,0.392885,0.423299,-0.066374,0.463135,0.438486,-0.036309,0.462412,0.400388,-0.066307,0.452453,0.418465,-0.083968,0.441519,0.444694,-0.091657,0.491095,0.45617,-0.040108,0.493311,0.452082,-0.071637,0.477661,0.479761,-0.082507,0.461798,0.509541,-0.083515,0.508343,0.488232,-0.045611,0.483839,0.545375,-0.076228,0.457455,0.587101,-0.078424,0.438811,0.614757,-0.07239,0.51714,0.526517,-0.052422,0.490378,0.578121,-0.074821,0.463729,0.610831,-0.075061,0.443353,0.628966,-0.070035
no_signal,0.467816,0.533399,0.0,0.442963,0.506647,-0.017479,0.424829,0.465798,-0.030419,0.404902,0.43485,-0.042765,0.384636,0.407454,-0.054872,0.46229,0.431309,-0.026448,0.470722,0.428782,-0.04646,0.466918,0.453083,-0.058262,0.465044,0.474084,-0.063347,0.489087,0.450202,-0.027859,0.505373,0.438782,-0.043391,0.520428,0.427753,-0.052033,0.535914,0.418611,-0.056929,0.506278,0.476394,-0.030888,0.49693,0.521985,-0.053219,0.474795,0.558995,-0.05819,0.45804,0.582437,-0.05652,0.515985,0.509914,-0.034777,0.496834,0.554139,-0.051753,0.471865,0.586407,-0.051764,0.451119,0.605544,-0.048581
no_signal,0.467464,0.530855,0.0,0.441192,0.507041,-0.021322,0.423015,0.461966,-0.036475,0.404743,0.433327,-0.04835,0.387257,0.399041,-0.058761,0.456913,0.425616,-0.040756,0.445841,0.460155,-0.06329,0.42758,0.507036,-0.075136,0.411652,0.54867,-0.079363,0.486445,0.448046,-0.041987,0.496154,0.42199,-0.057124,0.508929,0.386392,-0.064503,0.521648,0.360252,-0.07019,0.504839,0.476547,-0.04427,0.501553,0.496176,-0.06558,0.492582,0.516277,-0.069398,0.48371,0.529374,-0.069569,0.514176,0.515009,-0.047475,0.489115,0.55173,-0.064478,0.46286,0.582223,-0.062766,0.439662,0.599395,-0.060162
no_signal,0.464526,0.534548,-0.0,0.439405,0.507584,-0.01603,0.421071,0.465016,-0.030571,0.40227,0.44529,-0.043959,0.381787,0.421846,-0.057296,0.452348,0.4152,-0.029481,0.436156,0.448844,-0.05472,0.416507,0.492494,-0.074321,0.401066,0.528825,-0.085206,0.480877,0.434165,-0.034315,0.485841,0.415275,-0.050828,0.485868,0.398616,-0.06192,0.485052,0.388471,-0.070793,0.499474,0.465142,-0.041013,0.499667,0.468402,-0.058857,0.484195,0.481348,-0.065339,0.468717,0.487327,-0.069528,0.509484,0.507274,-0.048669,0.494391,0.535448,-0.062263,0.474122,0.54811,-0.06367,0.455592,0.548633,-0.064807
no_signal,0.460209,0.528344,-0.0,0.434174,0.503791,-0.018039,0.416449,0.470731,-0.03332,0.399729,0.456029,-0.047523,0.37924,0.448097,-0.061606,0.456479,0.416,-0.029878,0.467754,0.398494,-0.054547,0.453404,0.431915,-0.06937,0.440765,0.463312,-0.075931,0.480671,0.440264,-0.033008,0.496608,0.392649,-0.055733,0.474335,0.409407,-0.062965,0.454242,0.432301,-0.063323,0.495385,0.473752,-0.038292,0.500593,0.458898,-0.060695,0.47492,0.481438,-0.063109,0.455193,0.497062,-0.059813,0.502329,0.51118,-0.044284,0.492354,0.516436,-0.058794,0.470881,0.533606,-0.057621,0.454359,0.540854,-0.054044
no_signal,0.460138,0.514219,-0.0,0.431763,0.504523,-0.014881,0.414133,0.470363,-0.028857,0.401671,0.448088,-0.042056,0.381756,0.433659,-0.055797,0.44045,0.411402,-0.02984,0.433962,0.399795,-0.052529,0.421278,0.441552,-0.066955,0.410335,0.477678,-0.074517,0.46617,0.418445,-0.03574,0.47678,0.356902,-0.056084,0.46694,0.376433,-0.063937,0.457721,0.403901,-0.066639,0.484802,0.443229,-0.043241,0.506254,0.401776,-0.064299,0.493138,0.425513,-0.068725,0.479057,0.443939,-0.069303,0.498985,0.483562,-0.051203,0.504468,0.482596,-0.067175,0.489084,0.501431,-0.069212,0.473216,0.50941,-0.069712
no_signal,0.461067,0.507441,-0.0,0.4317,0.500734,-0.017416,0.412076,0.466338,-0.03548,0.400437,0.440615,-0.052335,0.381577,0.416331,-0.070962,0.434932,0.399557,-0.043177,0.425369,0.390222,-0.075458,0.416049,0.423725,-0.098178,0.407099,0.461161,-0.11096,0.460938,0.405549,-0.051334,0.465139,0.342485,-0.082198,0.456951,0.350702,-0.098946,0.44949,0.373681,-0.107763,0.481393,0.43096,-0.06092,0.495779,0.379329,-0.089892,0.484842,0.393548,-0.100485,0.473332,0.408387,-0.104993,0.497454,0.469069,-0.070585,0.499769,0.45382,-0.092389,0.488432,0.465321,-0.0977,0.476575,0.471979,-0.100248
no_signal,0.469119,0.498786,-0.0,0.439326,0.49458,-0.012733,0.417236,0.456791,-0.024382,0.402754,0.427532,-0.0356,0.386232,0.403713,-0.047433,0.434353,0.393653,-0.025197,0.41907,0.387562,-0.048906,0.412048,0.425394,-0.066522,0.407687,0.469893,-0.076074,0.458311,0.387734,-0.031916,0.453569,0.325243,-0.052341,0.45039,0.316966,-0.064991,0.448616,0.332613,-0.07204,0.478393,0.405097,-0.040387,0.491595,0.349289,-0.061213,0.486482,0.356211,-0.068526,0.478637,0.368475,-0.071327,0.496343,0.436989,-0.049022,0.49908,0.423257,-0.066551,0.488247,0.437752,-0.070097,0.474675,0.450284,-0.071036
no_signal,0.475746,0.488728,0.0,0.449043,0.487107,-0.011414,0.428084,0.457927,-0.022758,0.412693,0.435162,-0.033851,0.392963,0.42257,-0.045581,0.442243,0.383512,-0.022194,0.432462,0.350227,-0.043743,0.422067,0.385172,-0.058219,0.418298,0.429278,-0.065328,0.466352,0.373342,-0.029216,0.471658,0.294544,-0.047804,0.456967,0.289056,-0.059439,0.445842,0.307657,-0.064686,0.48632,0.390569,-0.037887,0.494174,0.339615,-0.060993,0.477838,0.35015,-0.074671,0.466504,0.367279,-0.08049,0.501702,0.425911,-0.045911,0.49508,0.433275,-0.067388,0.479184,0.4526,-0.076296,0.466266,0.466829,-0.080159
no_signal,0.477175,0.496377,0.0,0.453366,0.48612,-0.014886,0.436439,0.464521,-0.028398,0.428675,0.445527,-0.041491,0.430964,0.433574,-0.054103,0.44802,0.37287,-0.021071,0.445545,0.352797,-0.045483,0.440801,0.372154,-0.061518,0.443632,0.405239,-0.06841,0.473197,0.372864,-0.02687,0.488546,0.294587,-0.051298,0.474305,0.281187,-0.064636,0.463699,0.294721,-0.068313,0.491275,0.395777,-0.034952,0.503611,0.356875,-0.061323,0.485021,0.373143,-0.073222,0.472927,0.391599,-0.07483,0.502051,0.434649,-0.043017,0.486371,0.455437,-0.061996,0.464563,0.481236,-0.06801,0.449729,0.498835,-0.068525
no_signal,0.482431,0.505891,0.0,0.456345,0.479903,-0.008256,0.439246,0.448261,-0.018521,0.432529,0.428279,-0.02943,0.441255,0.418638,-0.039021,0.457111,0.363145,-0.014667,0.454984,0.340821,-0.031897,0.448107,0.380497,-0.043077,0.443603,0.410617,-0.048116,0.472965,0.377397,-0.021811,0.479293,0.3116,-0.034375,0.479318,0.275675,-0.042384,0.481618,0.242123,-0.04663,0.483371,0.410026,-0.030707,0.473052,0.397893,-0.049206,0.459534,0.403805,-0.058684,0.451094,0.402115,-0.061831,0.487665,0.450965,-0.039389,0.457222,0.469954,-0.053683,0.435608,0.485509,-0.056893,0.420421,0.491198,-0.057357
no_signal,0.477986,0.504321,0.0,0.452606,0.48256,-0.0093,0.433121,0.459085,-0.020976,0.422757,0.443799,-0.033033,0.426774,0.436123,-0.044364,0.452153,0.372583,-0.015385,0.444961,0.354433,-0.032371,0.439412,0.390587,-0.044213,0.438538,0.417358,-0.05037,0.470851,0.379344,-0.023247,0.475177,0.312211,-0.035558,0.472849,0.27222,-0.045525,0.472953,0.232887,-0.052191,0.483692,0.406982,-0.033049,0.484325,0.377204,-0.052139,0.480173,0.364353,-0.064727,0.478132,0.347459,-0.070648,0.48976,0.443788,-0.042403,0.469452,0.435003,-0.057213,0.452566,0.437441,-0.061478,0.439718,0.433512,-0.063248
no_signal,0.483068,0.516315,-0.0,0.45382,0.497435,-0.00996,0.434592,0.46841,-0.020818,0.421011,0.451571,-0.032037,0.404342,0.447959,-0.042681,0.44972,0.390765,-0.011534,0.441203,0.358241,-0.031856,0.434989,0.389325,-0.047533,0.431645,0.422033,-0.055118,0.469961,0.393248,-0.017938,0.47073,0.331516,-0.033314,0.458504,0.311025,-0.044494,0.446902,0.301635,-0.050294,0.485471,0.415888,-0.027016,0.482383,0.388547,-0.043293,0.474126,0.371896,-0.05387,0.467271,0.357462,-0.058701,0.494103,0.448865,-0.036455,0.476466,0.440262,-0.047809,0.461386,0.437017,-0.050914,0.447709,0.432036,-0.051982
no_signal,0.473693,0.509085,-0.0,0.448981,0.498962,-0.004827,0.427278,0.464301,-0.011773,0.410092,0.443662,-0.019738,0.390568,0.437798,-0.02789,0.440905,0.40046,-0.0094,0.428705,0.39214,-0.026641,0.418753,0.437248,-0.040161,0.413778,0.477137,-0.047325,0.456493,0.397715,-0.016932,0.446279,0.34892,-0.035042,0.430438,0.356707,-0.045834,0.421476,0.368656,-0.049959,0.474245,0.407621,-0.026087,0.477394,0.357084,-0.043083,0.469506,0.33184,-0.053841,0.46414,0.307617,-0.058869,0.491372,0.427759,-0.03493,0.508572,0.384902,-0.046384,0.519735,0.35402,-0.051581,0.528063,0.321039,-0.054922
no_signal,0.475923,0.501756,-0.0,0.443551,0.487207,-0.012118,0.418631,0.449371,-0.022966,0.398409,0.425053,-0.032351,0.376063,0.406725,-0.04187,0.436062,0.356569,-0.036862,0.413535,0.404924,-0.052673,0.400928,0.454701,-0.060219,0.392949,0.496803,-0.064215,0.455925,0.363638,-0.040117,0.430833,0.398042,-0.059689,0.412763,0.449885,-0.069264,0.402581,0.493348,-0.075653,0.477113,0.386036,-0.042915,0.46059,0.394781,-0.063878,0.440046,0.431522,-0.07203,0.427793,0.463068,-0.076144,0.495075,0.417309,-0.045364,0.506171,0.370345,-0.06513,0.515894,0.336503,-0.074904,0.525497,0.304688,-0.080851
no_signal,0.485964,0.514861,-0.0,0.444227,0.485269,-0.010888,0.409193,0.440758,-0.018431,0.383977,0.404422,-0.025154,0.356358,0.375671,-0.029967,0.424335,0.349726,-0.018075,0.398386,0.422856,-0.030678,0.39746,0.472251,-0.037962,0.401707,0.50355,-0.042207,0.44695,0.353589,-0.020314,0.417989,0.435391,-0.036085,0.417007,0.487455,-0.043988,0.421802,0.520296,-0.049484,0.468494,0.37995,-0.02346,0.441591,0.444286,-0.042064,0.428157,0.496358,-0.045537,0.424192,0.533637,-0.045535,0.486803,0.419487,-0.026896,0.484629,0.381552,-0.043733,0.480083,0.347724,-0.049565,0.476928,0.323759,-0.05207
no_signal,0.483649,0.499541,-0.0,0.436005,0.483382,-0.009965,0.399023,0.444141,-0.01642,0.373395,0.413197,-0.021809,0.34625,0.391516,-0.024309,0.413884,0.349612,-0.019325,0.382953,0.416306,-0.033346,0.38981,0.464137,-0.040032,0.400692,0.483317,-0.043947,0.434508,0.355384,-0.021383,0.400129,0.430424,-0.036713,0.405456,0.475932,-0.039252,0.413814,0.495081,-0.041445,0.453732,0.383994,-0.025026,0.420796,0.443354,-0.043073,0.416259,0.491092,-0.042516,0.420274,0.518694,-0.040249,0.470197,0.424225,-0.029133,0.457762,0.395975,-0.047271,0.44439,0.372351,-0.054588,0.435035,0.355771,-0.058026
no_signal,0.474057,0.488325,-0.0,0.43327,0.479708,-0.007637,0.400554,0.454714,-0.014511,0.376302,0.433982,-0.020727,0.349382,0.422324,-0.024431,0.407515,0.343596,-0.016066,0.378937,0.405347,-0.030047,0.384143,0.451279,-0.038101,0.394295,0.475596,-0.043326,0.430113,0.342161,-0.019069,0.39358,0.418529,-0.033757,0.401392,0.466928,-0.036702,0.412429,0.489522,-0.038514,0.449522,0.365589,-0.023387,0.415095,0.430782,-0.038364,0.418639,0.475678,-0.036069,0.427508,0.498497,-0.033146,0.46554,0.403463,-0.02825,0.441656,0.405661,-0.045442,0.419766,0.400148,-0.051847,0.402559,0.392783,-0.054479
no_signal,0.478474,0.483811,-0.0,0.439285,0.472626,-0.006812,0.405746,0.447587,-0.014461,0.378499,0.431151,-0.022135,0.35355,0.429801,-0.02792,0.410169,0.336414,-0.014452,0.378955,0.393103,-0.030142,0.384365,0.438108,-0.039749,0.396006,0.465205,-0.044523,0.432638,0.334114,-0.018091,0.397102,0.412923,-0.031618,0.408134,0.45848,-0.034723,0.419805,0.482513,-0.036182,0.452317,0.354603,-0.023208,0.418147,0.43011,-0.038069,0.425366,0.471336,-0.038001,0.434127,0.497603,-0.036334,0.467906,0.388511,-0.02863,0.433747,0.416502,-0.041742,0.413529,0.439849,-0.044526,0.397574,0.462919,-0.044692
no_signal,0.488477,0.454965,-0.0,0.448171,0.449467,-0.004405,0.418268,0.432725,-0.012993,0.395554,0.419193,-0.022759,0.376633,0.412199,-0.032777,0.420605,0.326921,-0.017639,0.385918,0.329133,-0.036231,0.369452,0.361661,-0.049489,0.36233,0.393941,-0.056473,0.439965,0.322881,-0.023689,0.401713,0.349451,-0.03991,0.38592,0.391126,-0.047621,0.378174,0.429326,-0.051502,0.457132,0.340188,-0.030557,0.424013,0.410264,-0.04626,0.423631,0.452542,-0.049949,0.428356,0.482852,-0.050262,0.470381,0.370421,-0.037668,0.43654,0.41812,-0.049692,0.418076,0.448005,-0.052218,0.403595,0.472646,-0.052447
no_signal,0.454191,0.430088,-0.0,0.423631,0.404002,-0.020709,0.395473,0.380009,-0.04116,0.379314,0.3889,-0.06079,0.375495,0.414237,-0.079266,0.430114,0.310302,-0.041373,0.393304,0.344595,-0.061094,0.371393,0.394554,-0.070442,0.36172,0.428719,-0.07535,0.458559,0.334589,-0.042093,0.417419,0.373942,-0.063755,0.395321,0.426184,-0.070628,0.384841,0.461214,-0.073818,0.482689,0.375194,-0.043228,0.452465,0.394473,-0.066802,0.429207,0.43564,-0.067181,0.414698,0.463014,-0.063375,0.503305,0.421643,-0.045509,0.505137,0.430431,-0.061748,0.497089,0.439126,-0.060944,0.490013,0.43844,-0.057584
no_signal,0.505447,0.436201,-0.0,0.466043,0.433305,-0.004819,0.431702,0.424723,-0.011996,0.41022,0.414776,-0.021066,0.400014,0.392,-0.028125,0.427168,0.318557,-0.005992,0.393264,0.341981,-0.022812,0.372323,0.363506,-0.036093,0.35916,0.381979,-0.043528,0.443266,0.310429,-0.012606,0.406072,0.326811,-0.028006,0.386451,0.324571,-0.03751,0.369548,0.321527,-0.043351,0.460541,0.320331,-0.02109,0.429318,0.392224,-0.041299,0.440404,0.435377,-0.044452,0.451918,0.463214,-0.041642,0.475897,0.347335,-0.030132,0.445983,0.372815,-0.045817,0.42564,0.379539,-0.049186,0.406439,0.382475,-0.049156
no_signal,0.503515,0.428784,-0.0,0.465945,0.432409,-0.005778,0.433476,0.413111,-0.013028,0.414684,0.402387,-0.02171,0.400011,0.390985,-0.028971,0.428541,0.301749,-0.008651,0.395934,0.332007,-0.025229,0.38264,0.373251,-0.037051,0.376417,0.406791,-0.04309,0.443091,0.295363,-0.01505,0.407357,0.318088,-0.033844,0.388517,0.343648,-0.047173,0.373465,0.363935,-0.054852,0.459677,0.306441,-0.022878,0.430067,0.365046,-0.045771,0.422376,0.43105,-0.052912,0.418655,0.477024,-0.052583,0.474748,0.330848,-0.030745,0.445224,0.326373,-0.047378,0.426386,0.316537,-0.052687,0.410446,0.305841,-0.054099
no_signal,0.494483,0.435814,-0.0,0.464749,0.450472,-0.01078,0.426744,0.425589,-0.020205,0.407951,0.394111,-0.028821,0.412061,0.348547,-0.037123,0.419638,0.346041,-0.020969,0.39331,0.365561,-0.033822,0.383562,0.407331,-0.042109,0.377121,0.445544,-0.047842,0.433058,0.329451,-0.024524,0.400724,0.35041,-0.04204,0.385827,0.396262,-0.053016,0.375948,0.438417,-0.059384,0.453637,0.32348,-0.028628,0.426905,0.310137,-0.045408,0.403089,0.328018,-0.053349,0.383772,0.348717,-0.057897,0.475138,0.329803,-0.032754,0.465459,0.277724,-0.047699,0.458317,0.240144,-0.054755,0.448426,0.207082,-0.059386
no_signal,0.483818,0.450139,-0.0,0.460008,0.459344,-0.006647,0.427861,0.446088,-0.015015,0.409523,0.431598,-0.023387,0.404896,0.412916,-0.031932,0.418811,0.367543,-0.013159,0.391241,0.350512,-0.028183,0.376804,0.369173,-0.039975,0.364884,0.389254,-0.047956,0.432034,0.348503,-0.020231,0.404129,0.333722,-0.040597,0.384164,0.360913,-0.053644,0.37171,0.382925,-0.059828,0.451269,0.341715,-0.028466,0.435251,0.28843,-0.047489,0.416515,0.255663,-0.060408,0.400449,0.224789,-0.067772,0.473387,0.347624,-0.036214,0.471863,0.294522,-0.052415,0.469198,0.256212,-0.059949,0.464418,0.216851,-0.064441
no_signal,0.473077,0.465505,0.0,0.44511,0.468169,-0.011736,0.413827,0.442494,-0.022145,0.390107,0.419672,-0.031315,0.368703,0.40325,-0.040789,0.419385,0.368624,-0.024847,0.394889,0.360316,-0.046974,0.384223,0.39195,-0.063897,0.377561,0.421054,-0.073567,0.434664,0.346342,-0.030113,0.415346,0.281979,-0.047522,0.397737,0.239027,-0.061116,0.382183,0.203196,-0.070617,0.455385,0.347845,-0.036389,0.453092,0.277995,-0.053261,0.442011,0.23653,-0.062069,0.428952,0.202104,-0.067181,0.477005,0.367448,-0.042792,0.480255,0.316495,-0.056316,0.477107,0.279496,-0.058099,0.472083,0.246156,-0.058353
no_signal,0.483219,0.471429,-0.0,0.446402,0.462194,-0.003588,0.410589,0.411129,-0.00836,0.386862,0.373165,-0.01407,0.361044,0.345166,-0.021064,0.42019,0.365962,-0.008046,0.39863,0.365789,-0.024423,0.392599,0.409719,-0.036696,0.389771,0.441907,-0.044165,0.439119,0.346906,-0.015994,0.413818,0.342953,-0.039659,0.398574,0.397691,-0.053824,0.392346,0.440547,-0.059079,0.461457,0.339095,-0.025342,0.449495,0.284931,-0.048176,0.435591,0.250423,-0.064639,0.425423,0.218599,-0.073294,0.482317,0.342837,-0.033124,0.490488,0.291131,-0.050998,0.496454,0.254035,-0.060593,0.498315,0.214025,-0.066543
no_signal,0.475948,0.470258,-0.0,0.442881,0.450315,-0.00736,0.408134,0.399954,-0.013809,0.38598,0.361981,-0.019551,0.361634,0.333157,-0.025279,0.421289,0.316321,-0.018346,0.397087,0.324202,-0.029899,0.385346,0.355308,-0.036203,0.377946,0.387041,-0.040252,0.440702,0.315941,-0.021919,0.415316,0.355598,-0.041705,0.41318,0.422066,-0.049674,0.415417,0.472825,-0.052548,0.461961,0.327719,-0.026373,0.443206,0.328061,-0.045679,0.422989,0.351592,-0.05321,0.407327,0.373755,-0.056537,0.481199,0.34869,-0.030147,0.485015,0.296808,-0.047401,0.489042,0.256786,-0.056629,0.490817,0.219954,-0.062132
no_signal,0.46892,0.462331,-0.0,0.438698,0.448936,-0.005246,0.411281,0.39193,-0.007993,0.394717,0.350897,-0.011267,0.377796,0.317992,-0.014853,0.429134,0.311371,-0.012365,0.414628,0.279043,-0.023967,0.395991,0.26526,-0.030404,0.379462,0.260593,-0.033969,0.450737,0.309633,-0.016556,0.418114,0.323582,-0.035953,0.397194,0.370887,-0.043221,0.38756,0.408412,-0.044406,0.46935,0.329925,-0.021433,0.43827,0.364424,-0.043965,0.417449,0.419489,-0.046773,0.407967,0.456166,-0.042664,0.483792,0.36017,-0.025882,0.470518,0.333054,-0.042876,0.459903,0.316767,-0.046201,0.453945,0.300885,-0.044905
no_signal,0.476072,0.468249,0.0,0.441702,0.448599,-0.00758,0.418498,0.401658,-0.013498,0.404608,0.355994,-0.020521,0.388815,0.318387,-0.026482,0.428423,0.326213,-0.010927,0.410251,0.279462,-0.02523,0.393731,0.25636,-0.034733,0.378535,0.235932,-0.039681,0.449337,0.315201,-0.015683,0.428448,0.281807,-0.029367,0.413144,0.254536,-0.038157,0.395557,0.230402,-0.042352,0.46961,0.325194,-0.021607,0.433605,0.369691,-0.038983,0.427539,0.418436,-0.043767,0.425416,0.451722,-0.04233,0.482321,0.350113,-0.028268,0.448389,0.382075,-0.040392,0.426346,0.406665,-0.042241,0.40786,0.426172,-0.041
no_signal,0.47444,0.467259,-0.0,0.440895,0.437655,-0.003756,0.415542,0.39713,-0.010277,0.403327,0.367027,-0.018298,0.399176,0.332478,-0.024928,0.439446,0.30041,-0.008514,0.414096,0.276579,-0.024572,0.393262,0.270993,-0.036407,0.37713,0.271787,-0.042687,0.458632,0.304274,-0.015087,0.422287,0.289089,-0.030159,0.397725,0.28357,-0.03837,0.377315,0.280387,-0.042518,0.473423,0.326519,-0.022975,0.428557,0.364947,-0.040512,0.423705,0.40999,-0.041004,0.426941,0.4426,-0.036642,0.481146,0.363176,-0.031512,0.447631,0.364842,-0.044888,0.427035,0.362343,-0.046575,0.412028,0.358065,-0.045059
no_signal,0.479772,0.460675,-0.0,0.439052,0.417853,0.003732,0.412521,0.376534,-0.000302,0.389083,0.353321,-0.007055,0.365132,0.347263,-0.014308,0.448169,0.284139,-0.00553,0.408834,0.275395,-0.022049,0.384169,0.285103,-0.034567,0.365966,0.29823,-0.042446,0.460901,0.300786,-0.015812,0.408487,0.308252,-0.034079,0.387412,0.349624,-0.041585,0.376131,0.378652,-0.045547,0.467233,0.335814,-0.026835,0.418524,0.354273,-0.046938,0.412348,0.403552,-0.047947,0.415038,0.433617,-0.045224,0.467439,0.379153,-0.037362,0.438174,0.35299,-0.057126,0.419673,0.329444,-0.064385,0.406238,0.30295,-0.067568
no_signal,0.478388,0.469887,-0.0,0.452537,0.407717,0.001274,0.431249,0.345328,-0.002716,0.407797,0.31246,-0.00649,0.384981,0.298798,-0.010889,0.465413,0.284521,-0.022265,0.415194,0.272434,-0.036598,0.383899,0.281237,-0.046603,0.360929,0.2941,-0.053841,0.471415,0.316856,-0.029588,0.410046,0.305129,-0.042583,0.379462,0.31533,-0.047492,0.35641,0.324063,-0.053666,0.469386,0.361864,-0.036185,0.411728,0.35766,-0.04999,0.406419,0.388691,-0.048082,0.410398,0.412248,-0.047393,0.461265,0.409798,-0.042418,0.430218,0.369305,-0.060734,0.414982,0.336622,-0.06797,0.404488,0.304258,-0.073312
no_signal,0.495739,0.471872,-0.0,0.490731,0.406741,-0.001512,0.468733,0.327697,-0.008809,0.445526,0.268903,-0.014787,0.431716,0.219282,-0.022124,0.489834,0.316973,-0.033687,0.442755,0.269494,-0.04741,0.411614,0.255282,-0.053019,0.388964,0.25169,-0.056244,0.481002,0.356955,-0.039867,0.43204,0.293114,-0.052847,0.402087,0.269723,-0.055852,0.380902,0.257437,-0.059381,0.465147,0.398793,-0.04446,0.416207,0.338686,-0.057914,0.395508,0.320551,-0.057482,0.383644,0.311113,-0.057058,0.446218,0.436989,-0.047836,0.406683,0.379782,-0.060617,0.385696,0.353183,-0.062419,0.369634,0.332601,-0.063172
no_signal,0.506039,0.495304,0.0,0.513914,0.422727,-0.006657,0.500232,0.340558,-0.015372,0.478824,0.277916,-0.021933,0.478438,0.230975,-0.02848,0.515274,0.364937,-0.031113,0.47872,0.318798,-0.043981,0.450466,0.283025,-0.050423,0.424403,0.255761,-0.055233,0.492302,0.400724,-0.034813,0.459732,0.312464,-0.050489,0.451163,0.279241,-0.05335,0.448705,0.271696,-0.053862,0.469225,0.431764,-0.037027,0.432586,0.349568,-0.050146,0.435042,0.326983,-0.043861,0.445654,0.326185,-0.036864,0.447214,0.455223,-0.039328,0.425087,0.379254,-0.04703,0.430218,0.350965,-0.041288,0.438998,0.339672,-0.035784
no_signal,0.514117,0.505856,0.0,0.525168,0.428102,-0.008819,0.511678,0.34614,-0.01842,0.488725,0.287817,-0.024276,0.477604,0.244781,-0.030776,0.521609,0.378956,-0.040913,0.491291,0.3301,-0.052735,0.47278,0.301105,-0.057678,0.456624,0.272104,-0.0615,0.497655,0.415843,-0.041941,0.463579,0.350106,-0.055403,0.446788,0.308672,-0.059697,0.435329,0.275686,-0.06354,0.47473,0.444153,-0.040902,0.44288,0.367384,-0.053512,0.435095,0.320915,-0.054723,0.431229,0.286436,-0.055477,0.455884,0.462204,-0.039177,0.442344,0.394661,-0.04791,0.447189,0.365009,-0.047178,0.452786,0.343902,-0.046759
no_signal,0.51671,0.500241,0.0,0.527048,0.427099,-0.017448,0.514642,0.345636,-0.03131,0.494517,0.294082,-0.038496,0.478276,0.2771,-0.046323,0.513835,0.388235,-0.060662,0.491366,0.335092,-0.075763,0.476102,0.302381,-0.081544,0.460341,0.266925,-0.085901,0.49366,0.426795,-0.058134,0.458821,0.36909,-0.076626,0.439418,0.334289,-0.083125,0.423234,0.305797,-0.088526,0.473578,0.453459,-0.053209,0.443221,0.376725,-0.071295,0.433021,0.327182,-0.077451,0.423326,0.290488,-0.081321,0.457853,0.468519,-0.047567,0.448056,0.395232,-0.057707,0.45865,0.369133,-0.058105,0.466426,0.356463,-0.059298
no_signal,0.500382,0.502248,0.0,0.459899,0.452985,-0.010628,0.436169,0.406404,-0.022557,0.422012,0.385379,-0.033967,0.425143,0.382016,-0.046395,0.487507,0.341934,-0.025365,0.487841,0.27762,-0.037492,0.486567,0.236089,-0.04668,0.483952,0.19879,-0.054204,0.502423,0.361614,-0.029231,0.496752,0.313975,-0.046247,0.480107,0.283707,-0.058967,0.462645,0.259224,-0.068491,0.507459,0.395623,-0.032639,0.4823,0.370745,-0.051547,0.460323,0.355684,-0.060239,0.442803,0.344498,-0.064443,0.500598,0.433413,-0.035823,0.466357,0.416545,-0.049974,0.445311,0.419029,-0.053079,0.431157,0.424688,-0.05465
no_signal,0.492,0.538308,-0.0,0.460833,0.512083,-0.011933,0.434773,0.471606,-0.022376,0.416349,0.44995,-0.032379,0.412176,0.441643,-0.04178,0.45694,0.384981,-0.014058,0.441009,0.365481,-0.033249,0.435242,0.410121,-0.048853,0.434655,0.452652,-0.056392,0.479697,0.387333,-0.018726,0.46584,0.325108,-0.028486,0.454523,0.282476,-0.039025,0.44589,0.24936,-0.046936,0.498351,0.408275,-0.025843,0.4884,0.375072,-0.039495,0.472858,0.351193,-0.051646,0.460712,0.332181,-0.059298,0.509053,0.441191,-0.033327,0.478077,0.443327,-0.042832,0.453263,0.4548,-0.045282,0.434286,0.465834,-0.046873
no_signal,0.489561,0.54811,-0.0,0.465462,0.52572,-0.009243,0.447898,0.49162,-0.017479,0.440319,0.468142,-0.026554,0.441949,0.441693,-0.034932,0.46006,0.404571,-0.00917,0.446344,0.357856,-0.028028,0.438894,0.384642,-0.043246,0.435707,0.415215,-0.050985,0.479831,0.398861,-0.014498,0.469473,0.331149,-0.024157,0.460798,0.290995,-0.034906,0.453234,0.256614,-0.042857,0.498201,0.413915,-0.022421,0.491239,0.372512,-0.034604,0.480304,0.34963,-0.046032,0.469984,0.32826,-0.053459,0.512551,0.441093,-0.030881,0.491941,0.428479,-0.041711,0.47368,0.431727,-0.045501,0.45824,0.434015,-0.047443
no_signal,0.486363,0.556074,0.0,0.464808,0.539332,-0.023898,0.451194,0.505551,-0.041199,0.448348,0.482581,-0.055775,0.443799,0.463551,-0.070079,0.467705,0.399504,-0.032294,0.471671,0.350628,-0.05397,0.47904,0.321863,-0.07092,0.486006,0.292147,-0.081718,0.490613,0.400488,-0.033698,0.492416,0.320169,-0.05075,0.495585,0.265945,-0.063196,0.497912,0.217101,-0.071659,0.510743,0.42387,-0.037678,0.520716,0.367087,-0.055209,0.521854,0.335218,-0.064168,0.520308,0.305429,-0.068827,0.529503,0.462847,-0.043584,0.537382,0.418169,-0.057961,0.536078,0.391696,-0.062024,0.531144,0.36713,-0.063756
no_signal,0.495305,0.59121,0.0,0.470981,0.574924,-0.021191,0.45958,0.539953,-0.035876,0.457815,0.512848,-0.048037,0.447518,0.490469,-0.060393,0.483912,0.438493,-0.026386,0.495256,0.39594,-0.04465,0.507659,0.375988,-0.061405,0.520242,0.355972,-0.072931,0.508554,0.43234,-0.028616,0.514641,0.350469,-0.041783,0.518629,0.296048,-0.055386,0.522434,0.245873,-0.065875,0.52938,0.449869,-0.0329,0.550454,0.37619,-0.047956,0.56272,0.333634,-0.059175,0.5721,0.294913,-0.066874,0.546595,0.486078,-0.038682,0.567077,0.439193,-0.052339,0.580772,0.416648,-0.056275,0.591539,0.394637,-0.058603
no_signal,0.507014,0.623608,0.0,0.477405,0.600291,-0.020765,0.461882,0.547637,-0.033026,0.458213,0.500126,-0.042402,0.445127,0.467792,-0.052253,0.499636,0.490235,-0.030591,0.506505,0.444602,-0.047207,0.517035,0.416995,-0.059951,0.529116,0.390308,-0.069042,0.525903,0.483839,-0.031584,0.538047,0.397873,-0.045931,0.545516,0.344649,-0.057094,0.553162,0.297997,-0.065467,0.546736,0.495684,-0.034048,0.567503,0.418915,-0.050839,0.58158,0.376797,-0.060744,0.593753,0.339423,-0.066955,0.563791,0.524899,-0.037683,0.586108,0.476687,-0.052621,0.602076,0.450228,-0.057917,0.615913,0.425513,-0.06118
no_signal,0.51068,0.629844,0.0,0.480714,0.605732,-0.026142,0.469017,0.54293,-0.038837,0.467775,0.482987,-0.047068,0.455898,0.439747,-0.055478,0.509353,0.516978,-0.03634,0.513435,0.475548,-0.053414,0.52129,0.449219,-0.065336,0.531549,0.422171,-0.073662,0.537516,0.510999,-0.033442,0.553666,0.433425,-0.04861,0.565192,0.380727,-0.058793,0.577358,0.333583,-0.066709,0.558171,0.520441,-0.03237,0.5831,0.451785,-0.050266,0.601293,0.410892,-0.060461,0.617114,0.373704,-0.066613,0.572401,0.544113,-0.03268,0.597157,0.498706,-0.047686,0.614803,0.475394,-0.05315,0.629551,0.454205,-0.056794
no_signal,0.503769,0.635056,0.0,0.480275,0.592845,-0.027372,0.475022,0.531743,-0.041158,0.476038,0.475973,-0.04984,0.467246,0.427836,-0.059633,0.527572,0.502429,-0.039301,0.546097,0.448649,-0.055602,0.55652,0.410413,-0.067285,0.567002,0.371952,-0.076316,0.552903,0.516865,-0.036624,0.581611,0.456839,-0.049489,0.599915,0.417956,-0.06044,0.61625,0.383066,-0.069565,0.566192,0.547251,-0.035456,0.60325,0.523701,-0.055149,0.628411,0.505799,-0.069807,0.650012,0.489735,-0.079892,0.570941,0.585636,-0.035259,0.582874,0.587362,-0.05728,0.57584,0.606838,-0.066064,0.570984,0.622535,-0.071671
no_signal,0.50274,0.631717,0.0,0.482468,0.586513,-0.024869,0.481013,0.527787,-0.038049,0.48345,0.473456,-0.047671,0.474077,0.426495,-0.05905,0.539473,0.507728,-0.038136,0.562365,0.451034,-0.053018,0.576887,0.414984,-0.063405,0.592382,0.383057,-0.071298,0.563529,0.531931,-0.037811,0.599406,0.480499,-0.050008,0.622617,0.445127,-0.061636,0.644456,0.41569,-0.070741,0.572377,0.567924,-0.03853,0.611974,0.559987,-0.05784,0.639362,0.553884,-0.073849,0.663646,0.5486,-0.084863,0.568985,0.608924,-0.040183,0.589478,0.6357,-0.063923,0.598487,0.666325,-0.074218,0.605899,0.695712,-0.079947
no_signal,0.503416,0.630952,0.0,0.491933,0.59283,-0.021238,0.49332,0.544546,-0.033578,0.489981,0.498906,-0.043203,0.47809,0.454431,-0.05458,0.546998,0.504006,-0.031776,0.574038,0.450515,-0.043139,0.591274,0.420024,-0.050124,0.609255,0.391194,-0.055876,0.567339,0.527164,-0.033198,0.605651,0.481012,-0.041875,0.631636,0.451799,-0.050561,0.655348,0.426677,-0.057685,0.572424,0.561262,-0.035752,0.611382,0.566428,-0.054607,0.635977,0.574931,-0.070766,0.657419,0.58203,-0.081768,0.566193,0.599595,-0.038928,0.574157,0.631859,-0.063309,0.565184,0.668213,-0.073833,0.5579,0.700616,-0.079877
no_signal,0.507095,0.633583,0.0,0.49623,0.607516,-0.028559,0.495825,0.572222,-0.043333,0.511903,0.577606,-0.053571,0.533351,0.595717,-0.063797,0.539717,0.496749,-0.036104,0.572024,0.45193,-0.050906,0.594379,0.427533,-0.059435,0.614962,0.405433,-0.065178,0.560424,0.519064,-0.033504,0.59909,0.467708,-0.045433,0.626937,0.441396,-0.054371,0.652464,0.417369,-0.059909,0.56878,0.551733,-0.032965,0.591607,0.554511,-0.0529,0.60925,0.563517,-0.066888,0.626392,0.568972,-0.074439,0.568537,0.589453,-0.034048,0.562752,0.604908,-0.056292,0.546926,0.632489,-0.063666,0.535338,0.656782,-0.066448
no_signal,0.51522,0.620267,0.0,0.501449,0.6002,-0.028922,0.501063,0.573039,-0.045854,0.518776,0.583251,-0.057552,0.5408,0.59301,-0.06908,0.532658,0.495366,-0.040466,0.554817,0.476897,-0.058934,0.573756,0.469594,-0.070814,0.593178,0.460719,-0.078225,0.557356,0.508477,-0.037413,0.592305,0.45356,-0.050564,0.615938,0.423769,-0.057865,0.639739,0.39019,-0.062377,0.569857,0.533804,-0.036374,0.59054,0.531364,-0.053786,0.600194,0.529379,-0.063295,0.609954,0.51907,-0.068863,0.573668,0.568451,-0.037419,0.565394,0.59429,-0.054055,0.546993,0.615391,-0.058054,0.534354,0.626894,-0.059857
no_signal,0.51778,0.616543,0.0,0.501287,0.59272,-0.021239,0.500082,0.557933,-0.035068,0.519704,0.552647,-0.045018,0.540924,0.553356,-0.053792,0.527096,0.474357,-0.027738,0.544401,0.466791,-0.04853,0.551215,0.503002,-0.064324,0.554419,0.537682,-0.07208,0.551098,0.484587,-0.028037,0.580118,0.424696,-0.040869,0.602677,0.389043,-0.050902,0.624027,0.357339,-0.057273,0.564652,0.509621,-0.030645,0.590319,0.490577,-0.046191,0.608653,0.480345,-0.057228,0.624825,0.467924,-0.063662,0.571142,0.548009,-0.034434,0.573915,0.552021,-0.044728,0.560373,0.569821,-0.043735,0.550188,0.583504,-0.042378
no_signal,0.51771,0.622719,0.0,0.501792,0.591456,-0.014238,0.498042,0.552612,-0.024949,0.512363,0.53938,-0.03472,0.526745,0.532166,-0.043325,0.521293,0.471612,-0.015064,0.535239,0.455133,-0.033366,0.541332,0.48909,-0.048924,0.545077,0.519825,-0.057666,0.545401,0.481824,-0.018548,0.565764,0.427471,-0.028155,0.582838,0.393678,-0.038704,0.599733,0.363018,-0.047095,0.559961,0.508882,-0.024705,0.57964,0.477357,-0.03624,0.594692,0.462206,-0.046834,0.608262,0.443865,-0.054434,0.569432,0.547035,-0.031968,0.573358,0.532463,-0.040938,0.567281,0.525243,-0.04325,0.562017,0.513817,-0.045141
no_signal,0.51324,0.615788,-0.0,0.498212,0.584403,-0.013472,0.49671,0.541405,-0.024764,0.499241,0.511974,-0.034522,0.491536,0.477252,-0.043489,0.521428,0.467726,-0.018346,0.530649,0.433596,-0.030226,0.538195,0.413239,-0.038786,0.54958,0.391057,-0.045595,0.542552,0.483626,-0.020413,0.544818,0.484677,-0.043856,0.531105,0.533714,-0.052507,0.524702,0.56651,-0.052507,0.55991,0.507222,-0.023652,0.574463,0.490073,-0.041574,0.585679,0.477951,-0.044335,0.599006,0.458673,-0.04273,0.574883,0.533301,-0.02741,0.592291,0.506534,-0.036283,0.606108,0.493883,-0.034208,0.620919,0.47237,-0.031159
no_signal,0.515651,0.610878,-0.0,0.496341,0.585453,-0.014503,0.49179,0.54591,-0.026612,0.496194,0.517149,-0.036992,0.493807,0.484453,-0.046465,0.516663,0.464586,-0.01861,0.525124,0.436531,-0.03132,0.537623,0.423407,-0.039981,0.552998,0.415065,-0.045844,0.540465,0.476915,-0.020038,0.542957,0.485266,-0.043194,0.529886,0.53551,-0.050452,0.522152,0.571824,-0.04971,0.560034,0.498632,-0.023368,0.572815,0.489468,-0.04309,0.580236,0.479897,-0.04802,0.589557,0.469207,-0.047331,0.578475,0.524129,-0.027189,0.602531,0.491706,-0.037677,0.62083,0.472211,-0.038704,0.638376,0.447636,-0.037937
no_signal,0.513841,0.600588,0.0,0.497096,0.581179,-0.017156,0.489981,0.545693,-0.02946,0.494146,0.521086,-0.040329,0.492068,0.496429,-0.049943,0.516498,0.470893,-0.019303,0.520956,0.441177,-0.038829,0.520081,0.457047,-0.052781,0.518592,0.478689,-0.059117,0.538289,0.478006,-0.021073,0.556427,0.420766,-0.034489,0.571048,0.390378,-0.04622,0.586096,0.366422,-0.05342,0.55327,0.5043,-0.025201,0.573756,0.477332,-0.043073,0.583944,0.475944,-0.054911,0.59203,0.475351,-0.060101,0.564026,0.543431,-0.030048,0.585606,0.534267,-0.044986,0.598231,0.543001,-0.049602,0.608003,0.55028,-0.0504
no_signal,0.514125,0.60025,-0.0,0.49412,0.583227,-0.025182,0.484333,0.545168,-0.043256,0.482198,0.512956,-0.057592,0.480183,0.475301,-0.070314,0.518313,0.467308,-0.037984,0.515111,0.496973,-0.058418,0.502929,0.551523,-0.072738,0.495767,0.597916,-0.080031,0.54566,0.475022,-0.035035,0.556953,0.478126,-0.052122,0.557461,0.491589,-0.063722,0.560072,0.506424,-0.07148,0.566372,0.495024,-0.033656,0.591943,0.482917,-0.050426,0.608106,0.46831,-0.060825,0.622646,0.456857,-0.067026,0.580271,0.521652,-0.033302,0.606669,0.495395,-0.044899,0.62611,0.477004,-0.04873,0.644592,0.462045,-0.050952
no_signal,0.511277,0.60552,-0.0,0.487858,0.582271,-0.018363,0.475463,0.543272,-0.031782,0.474368,0.512604,-0.042964,0.474011,0.473304,-0.052634,0.514868,0.459118,-0.024965,0.509871,0.502026,-0.038446,0.499337,0.546471,-0.047151,0.491096,0.576916,-0.051659,0.540928,0.467669,-0.023836,0.535303,0.515833,-0.04018,0.5215,0.551974,-0.050529,0.511612,0.576323,-0.056061,0.562373,0.489256,-0.023845,0.569721,0.50537,-0.040039,0.57212,0.503514,-0.048811,0.576168,0.500808,-0.052731,0.577064,0.512628,-0.024506,0.598072,0.48858,-0.036159,0.61515,0.4741,-0.039801,0.63165,0.46082,-0.040887
no_signal,0.507136,0.593007,-0.0,0.481363,0.564272,-0.019405,0.465736,0.519639,-0.031532,0.463983,0.48527,-0.040982,0.468195,0.447253,-0.047587,0.507425,0.438772,-0.02506,0.500833,0.479884,-0.036269,0.49451,0.516877,-0.04085,0.489136,0.539744,-0.042142,0.533408,0.448864,-0.022408,0.524382,0.500539,-0.034468,0.511318,0.537178,-0.040093,0.501588,0.557676,-0.043155,0.553716,0.474147,-0.020784,0.549504,0.507326,-0.037858,0.534553,0.541822,-0.040266,0.52265,0.56293,-0.038229,0.568725,0.504665,-0.019984,0.585105,0.474137,-0.032438,0.599464,0.452948,-0.033406,0.612023,0.433444,-0.031486
no_signal,0.504666,0.5809,-0.0,0.478315,0.537806,-0.01822,0.462226,0.486365,-0.029165,0.460289,0.448744,-0.038005,0.470458,0.411954,-0.043714,0.509134,0.40209,-0.017692,0.495323,0.43297,-0.030802,0.487603,0.472017,-0.037506,0.482754,0.49956,-0.039383,0.532146,0.417672,-0.015355,0.513438,0.461416,-0.029032,0.500666,0.500835,-0.036297,0.492873,0.524726,-0.039352,0.548573,0.44984,-0.014631,0.532147,0.480914,-0.033629,0.513764,0.518628,-0.037183,0.501288,0.542158,-0.034614,0.560443,0.486706,-0.014638,0.565432,0.455841,-0.027643,0.570469,0.431281,-0.028917,0.574575,0.410508,-0.026362
no_signal,0.503656,0.556405,-0.0,0.481177,0.513964,-0.011879,0.471766,0.460532,-0.020038,0.473379,0.424219,-0.028551,0.477466,0.386184,-0.034355,0.513363,0.385511,-0.009081,0.511669,0.35667,-0.027043,0.50069,0.390995,-0.037249,0.492851,0.426401,-0.040039,0.534407,0.406074,-0.009393,0.519612,0.413794,-0.029484,0.504087,0.462304,-0.036201,0.496722,0.49442,-0.035463,0.548076,0.440319,-0.012307,0.530224,0.456563,-0.03385,0.513355,0.497948,-0.035709,0.504427,0.525054,-0.029784,0.558564,0.479197,-0.015627,0.55836,0.454223,-0.029411,0.551664,0.436003,-0.030312,0.545089,0.420015,-0.026077
no_signal,0.505257,0.529564,-0.0,0.487194,0.487923,-0.011268,0.479847,0.435407,-0.018174,0.48513,0.399072,-0.025763,0.497249,0.368721,-0.032465,0.505879,0.373077,-0.005736,0.508708,0.33644,-0.019638,0.510279,0.313135,-0.028524,0.512364,0.290626,-0.033061,0.526189,0.387446,-0.007732,0.529876,0.35147,-0.03051,0.518234,0.377382,-0.038477,0.506262,0.404387,-0.0365,0.542445,0.413564,-0.011721,0.532958,0.405765,-0.036587,0.517719,0.454863,-0.037189,0.507376,0.489376,-0.027994,0.555756,0.446599,-0.016221,0.553703,0.411761,-0.030681,0.547769,0.391159,-0.030432,0.542195,0.366859,-0.025325
no_signal,0.510074,0.519181,0.0,0.48913,0.483262,-0.00766,0.481612,0.419681,-0.011294,0.492835,0.380089,-0.016795,0.510228,0.350944,-0.020549,0.503723,0.366438,0.002349,0.505226,0.315422,-0.008087,0.500928,0.291956,-0.015108,0.494894,0.274864,-0.017714,0.521396,0.372391,-0.001375,0.519832,0.320171,-0.01397,0.517062,0.283812,-0.022076,0.513309,0.25117,-0.024695,0.537517,0.391221,-0.007548,0.522896,0.382781,-0.027082,0.511021,0.428989,-0.029927,0.50261,0.463144,-0.024157,0.552039,0.41409,-0.014394,0.543161,0.368793,-0.027032,0.536803,0.339531,-0.027627,0.530731,0.311055,-0.024307
no_signal,0.510807,0.52142,-0.0,0.488325,0.487976,-0.010172,0.479628,0.424156,-0.017763,0.491939,0.380513,-0.026935,0.515267,0.360192,-0.033269,0.499713,0.366673,-0.00427,0.489551,0.320904,-0.02594,0.4794,0.352847,-0.039646,0.473751,0.382134,-0.04375,0.516813,0.368862,-0.007742,0.512038,0.308415,-0.024291,0.508015,0.26184,-0.033154,0.504159,0.215465,-0.036194,0.533285,0.38466,-0.014627,0.520377,0.358227,-0.033625,0.509324,0.372721,-0.036359,0.500738,0.380531,-0.031809,0.548805,0.408049,-0.022562,0.537956,0.361569,-0.031793,0.527509,0.331314,-0.029673,0.517732,0.304556,-0.025184
no_signal,0.5083,0.526808,-0.0,0.482333,0.478027,-0.003296,0.475725,0.420872,-0.007719,0.491484,0.383232,-0.015684,0.514344,0.364647,-0.022306,0.491988,0.367049,0.001596,0.476752,0.331119,-0.014358,0.465027,0.366603,-0.024358,0.460064,0.400575,-0.027193,0.509909,0.367501,-0.003931,0.493874,0.334329,-0.023068,0.481022,0.361684,-0.033761,0.473151,0.395324,-0.036084,0.528033,0.379084,-0.011233,0.509126,0.379496,-0.028522,0.496027,0.434048,-0.032555,0.488356,0.47817,-0.029019,0.546547,0.395956,-0.019044,0.535206,0.351026,-0.026529,0.526441,0.321231,-0.02721,0.517766,0.296232,-0.025243
no_signal,0.508022,0.52165,-0.0,0.482895,0.478688,-0.003398,0.476068,0.423166,-0.007804,0.491331,0.388989,-0.015711,0.50976,0.370732,-0.022249,0.485352,0.371523,0.000661,0.47269,0.325967,-0.015194,0.4636,0.365641,-0.024213,0.461474,0.402316,-0.02637,0.502836,0.372758,-0.004438,0.487559,0.325721,-0.023391,0.474879,0.370664,-0.030843,0.471087,0.415013,-0.030009,0.52157,0.38199,-0.011484,0.506625,0.350488,-0.027962,0.490411,0.404574,-0.02923,0.48333,0.453426,-0.023614,0.542523,0.395812,-0.019033,0.535517,0.348586,-0.025907,0.51921,0.341975,-0.024806,0.50547,0.347043,-0.021137
no_signal,0.505708,0.503347,-0.0,0.479343,0.469605,-0.005578,0.462126,0.408328,-0.010812,0.466655,0.366976,-0.01835,0.481919,0.348556,-0.024523,0.493297,0.345469,-0.004807,0.486458,0.292789,-0.023026,0.472799,0.324318,-0.033135,0.466054,0.359883,-0.036701,0.513849,0.356542,-0.010296,0.505346,0.30675,-0.030121,0.488674,0.346596,-0.035612,0.480482,0.38446,-0.033576,0.533117,0.377203,-0.018023,0.520996,0.350033,-0.036994,0.502946,0.394368,-0.035991,0.494302,0.430131,-0.029072,0.55197,0.40363,-0.026124,0.543859,0.369402,-0.036811,0.526257,0.391739,-0.033295,0.515205,0.416684,-0.027018
no_signal,0.510266,0.508346,-0.0,0.483654,0.471338,-0.007633,0.465683,0.406238,-0.012284,0.461763,0.353042,-0.018759,0.459584,0.310691,-0.023665,0.502027,0.355927,-5.8e-05,0.501324,0.292377,-0.015037,0.491639,0.293919,-0.024547,0.483891,0.313246,-0.028115,0.521173,0.363605,-0.002793,0.515352,0.311523,-0.019759,0.500401,0.337923,-0.026925,0.494797,0.366372,-0.027526,0.53987,0.378466,-0.008108,0.539136,0.32711,-0.025749,0.515608,0.348792,-0.027791,0.500931,0.376635,-0.023774,0.559507,0.3999,-0.01383,0.565621,0.347517,-0.025098,0.551007,0.350512,-0.024884,0.53847,0.368128,-0.021258
no_signal,0.509796,0.517929,-0.0,0.484816,0.477357,-0.006091,0.470847,0.402519,-0.010696,0.467679,0.349305,-0.01686,0.46456,0.300461,-0.022098,0.496741,0.36314,-0.004433,0.489611,0.307979,-0.019909,0.478598,0.313687,-0.029634,0.471009,0.329337,-0.03469,0.516919,0.369951,-0.008137,0.502979,0.338173,-0.03289,0.485727,0.394325,-0.040354,0.477373,0.443445,-0.039413,0.53889,0.384886,-0.01415,0.541461,0.325846,-0.033658,0.526069,0.322537,-0.036233,0.513809,0.328025,-0.033083,0.559946,0.404952,-0.020215,0.567234,0.348083,-0.030653,0.557272,0.330039,-0.031125,0.54488,0.324321,-0.02897
no_signal,0.508992,0.520023,-0.0,0.485063,0.481885,-0.012251,0.465977,0.422031,-0.021008,0.457839,0.374594,-0.030645,0.469489,0.339724,-0.038279,0.500586,0.362977,-0.001901,0.480734,0.35646,-0.024102,0.4718,0.403802,-0.04305,0.46793,0.448035,-0.052671,0.518678,0.360765,-0.004373,0.512589,0.310408,-0.018843,0.504709,0.278525,-0.031359,0.495625,0.255879,-0.039176,0.538593,0.377383,-0.01055,0.54163,0.315611,-0.024886,0.534704,0.291498,-0.031356,0.520505,0.27908,-0.033356,0.555847,0.407668,-0.018012,0.561802,0.364466,-0.025991,0.557894,0.341149,-0.026575,0.546326,0.325379,-0.0255
no_signal,0.509736,0.524846,-0.0,0.484819,0.493622,-0.015052,0.463851,0.436445,-0.025274,0.454653,0.389528,-0.035418,0.467347,0.356445,-0.043207,0.496488,0.373248,-0.008016,0.477876,0.3668,-0.031861,0.471258,0.419057,-0.049973,0.468907,0.467469,-0.05869,0.517161,0.367302,-0.00948,0.510646,0.316793,-0.024375,0.505348,0.279077,-0.035266,0.498941,0.244932,-0.042563,0.538421,0.381283,-0.014951,0.543749,0.322363,-0.029926,0.54105,0.292999,-0.035986,0.531205,0.26943,-0.038302,0.556734,0.410696,-0.021877,0.563825,0.368424,-0.030285,0.562186,0.341528,-0.030862,0.553831,0.31831,-0.030227
no_signal,0.507305,0.519869,-0.0,0.484439,0.487078,-0.014245,0.46454,0.436119,-0.025152,0.454169,0.395178,-0.036042,0.464194,0.368012,-0.045068,0.493804,0.374371,-0.009924,0.475937,0.369648,-0.032854,0.466597,0.422922,-0.050475,0.4611,0.470924,-0.059006,0.515135,0.368063,-0.011741,0.507823,0.314417,-0.026707,0.502469,0.272561,-0.038257,0.497181,0.231683,-0.046278,0.537439,0.382425,-0.016939,0.543393,0.323296,-0.032043,0.541755,0.289616,-0.038997,0.534423,0.261505,-0.041979,0.556618,0.412241,-0.023206,0.564675,0.36609,-0.031314,0.565253,0.33406,-0.031442,0.560482,0.304366,-0.030735
no_signal,0.509108,0.517543,-0.0,0.484122,0.483792,-0.009834,0.465275,0.427907,-0.015937,0.456547,0.383377,-0.023049,0.464397,0.348413,-0.028793,0.497633,0.377424,-0.001719,0.482266,0.350794,-0.01954,0.465838,0.386182,-0.034135,0.457117,0.419991,-0.041928,0.518219,0.36848,-0.004163,0.510992,0.317212,-0.017483,0.503027,0.28036,-0.028032,0.496133,0.243188,-0.035011,0.539097,0.377698,-0.009753,0.54771,0.320327,-0.023604,0.545191,0.285249,-0.03139,0.538201,0.253536,-0.035062,0.557255,0.401573,-0.016061,0.57103,0.359336,-0.024882,0.574022,0.329191,-0.027341,0.570718,0.301123,-0.028192
no_signal,0.51109,0.517538,0.0,0.485035,0.48586,-0.010267,0.464099,0.422793,-0.016009,0.454974,0.372673,-0.021824,0.464291,0.338186,-0.026467,0.498155,0.363523,-0.006964,0.497878,0.316063,-0.017224,0.496892,0.286832,-0.023501,0.494378,0.260949,-0.027499,0.518459,0.366469,-0.009546,0.511566,0.304755,-0.024387,0.505474,0.273826,-0.033173,0.500651,0.250955,-0.036651,0.539223,0.382773,-0.013933,0.532599,0.352893,-0.034629,0.513846,0.360365,-0.040601,0.497219,0.36843,-0.038394,0.558885,0.406105,-0.018478,0.570958,0.359418,-0.03397,0.581337,0.331325,-0.03865,0.588995,0.303821,-0.038682
no_signal,0.507425,0.520269,-0.0,0.48028,0.480303,-0.011001,0.464537,0.413927,-0.017406,0.460308,0.366436,-0.024043,0.467108,0.328535,-0.030316,0.502164,0.354328,-0.013735,0.504498,0.297146,-0.024435,0.504857,0.263763,-0.029309,0.505867,0.230809,-0.032416,0.524126,0.365804,-0.015756,0.514069,0.3464,-0.03899,0.496164,0.392327,-0.046643,0.485293,0.426918,-0.046014,0.542337,0.391529,-0.018619,0.52635,0.3855,-0.044079,0.504271,0.428939,-0.045784,0.490821,0.459152,-0.038937,0.558097,0.421289,-0.021527,0.565366,0.367638,-0.038857,0.568449,0.332588,-0.041421,0.571272,0.300174,-0.038873
no_signal,0.509403,0.521966,0.0,0.481021,0.477864,-0.012513,0.465177,0.41467,-0.019758,0.460419,0.368626,-0.026839,0.46674,0.327288,-0.032521,0.499963,0.359426,-0.014897,0.500784,0.294412,-0.02553,0.500737,0.258388,-0.030596,0.500626,0.224513,-0.033137,0.523079,0.371325,-0.016664,0.525102,0.321454,-0.031682,0.520814,0.294732,-0.038669,0.514591,0.269682,-0.040509,0.542763,0.397781,-0.019654,0.527533,0.391288,-0.041136,0.50849,0.43228,-0.042941,0.493936,0.459921,-0.036919,0.560417,0.429977,-0.023198,0.558082,0.397075,-0.038358,0.552205,0.382231,-0.038654,0.54508,0.367178,-0.034774
no_signal,0.509807,0.523962,0.0,0.485391,0.487855,-0.00869,0.469382,0.426865,-0.015486,0.470746,0.379493,-0.023571,0.485585,0.356738,-0.030725,0.499852,0.358845,-0.010854,0.50092,0.305584,-0.022557,0.500017,0.275066,-0.029277,0.498073,0.243789,-0.032774,0.525033,0.36311,-0.015325,0.527645,0.299386,-0.029757,0.528671,0.262264,-0.03753,0.527779,0.227277,-0.039621,0.546598,0.385159,-0.020579,0.523246,0.383634,-0.041115,0.505148,0.429903,-0.042292,0.492805,0.465589,-0.035284,0.56329,0.415811,-0.026302,0.548459,0.39796,-0.038757,0.537104,0.392838,-0.036435,0.526859,0.387598,-0.030653
no_signal,0.509813,0.531189,-0.0,0.488074,0.487121,-0.005504,0.477587,0.430023,-0.012468,0.489598,0.39289,-0.021423,0.50994,0.3694,-0.028235,0.503621,0.371401,-0.005019,0.496861,0.316934,-0.019855,0.484352,0.325052,-0.028933,0.475545,0.336787,-0.031639,0.523721,0.377393,-0.010029,0.523634,0.313129,-0.022919,0.521794,0.274789,-0.031701,0.522097,0.238408,-0.036067,0.541419,0.397874,-0.016613,0.519921,0.390189,-0.033971,0.496575,0.426596,-0.037401,0.480897,0.455649,-0.033976,0.557377,0.423095,-0.023521,0.547812,0.385168,-0.033002,0.538321,0.361147,-0.031906,0.52862,0.340105,-0.028628
no_signal,0.50963,0.53577,-0.0,0.488066,0.481825,-0.007106,0.478581,0.427595,-0.015339,0.491242,0.393439,-0.025784,0.515289,0.389559,-0.034748,0.502743,0.371181,-0.00026,0.490271,0.339475,-0.019282,0.474966,0.36549,-0.035095,0.461843,0.391002,-0.043127,0.521509,0.375355,-0.00509,0.51089,0.337013,-0.02017,0.501376,0.31982,-0.031999,0.490119,0.301779,-0.038548,0.540511,0.390553,-0.012553,0.520885,0.36554,-0.028423,0.504519,0.360528,-0.035308,0.487199,0.355328,-0.036649,0.55883,0.416035,-0.020872,0.545761,0.38385,-0.03013,0.533918,0.367317,-0.03122,0.519218,0.353581,-0.030249
no_signal,0.512233,0.516176,-0.0,0.488196,0.470656,-0.007056,0.476699,0.417584,-0.013992,0.490525,0.392406,-0.021783,0.514559,0.392362,-0.028478,0.498121,0.360963,-0.005184,0.486813,0.323,-0.019656,0.476211,0.339902,-0.030214,0.467963,0.363325,-0.035718,0.518099,0.363742,-0.008106,0.505824,0.332342,-0.021519,0.49476,0.327931,-0.030828,0.483328,0.328288,-0.035711,0.537506,0.378509,-0.013182,0.520723,0.351391,-0.02733,0.502915,0.332897,-0.036946,0.485614,0.31851,-0.041702,0.556844,0.403063,-0.018597,0.549211,0.379082,-0.030254,0.539294,0.363611,-0.036756,0.52768,0.349065,-0.040222
no_signal,0.507246,0.509078,-0.0,0.482561,0.477884,-0.006336,0.468048,0.415574,-0.011379,0.473594,0.373052,-0.017617,0.492427,0.359266,-0.02215,0.503061,0.360787,-0.006539,0.502152,0.306017,-0.019727,0.488603,0.30591,-0.027553,0.475834,0.319691,-0.030885,0.522429,0.368362,-0.009533,0.518495,0.324745,-0.024872,0.502372,0.315123,-0.033029,0.489769,0.312879,-0.036165,0.540344,0.387518,-0.01417,0.529987,0.375267,-0.031939,0.505246,0.403851,-0.035608,0.48694,0.429098,-0.032895,0.557876,0.412617,-0.019079,0.56347,0.373322,-0.03132,0.5634,0.348392,-0.034646,0.561957,0.325633,-0.034433
no_signal,0.509546,0.516796,-0.0,0.482561,0.478174,-0.006312,0.467291,0.412698,-0.013151,0.464851,0.364017,-0.021365,0.462735,0.318763,-0.028414,0.505568,0.35994,-0.000468,0.508669,0.305717,-0.013345,0.502163,0.301626,-0.020832,0.492373,0.317848,-0.023871,0.527242,0.371717,-0.005097,0.522246,0.350012,-0.025193,0.509565,0.392507,-0.031472,0.500902,0.427079,-0.029662,0.546837,0.388273,-0.012496,0.554239,0.348302,-0.027785,0.54983,0.324469,-0.031271,0.545447,0.301956,-0.030598,0.563301,0.410574,-0.020055,0.581828,0.380276,-0.03019,0.594891,0.361333,-0.032347,0.606306,0.338398,-0.031777
no_signal,0.508274,0.528056,-0.0,0.484421,0.485998,-0.004353,0.473891,0.416475,-0.008074,0.470856,0.367309,-0.012926,0.464057,0.323387,-0.017337,0.50273,0.363072,-2.8e-05,0.490272,0.345486,-0.014093,0.476751,0.389855,-0.024537,0.469321,0.429867,-0.029911,0.524072,0.374255,-0.005204,0.511452,0.357084,-0.024959,0.49312,0.400724,-0.034781,0.481658,0.434938,-0.036902,0.544932,0.395304,-0.012689,0.547917,0.357483,-0.029989,0.543205,0.335124,-0.039288,0.540728,0.310591,-0.042872,0.561957,0.420556,-0.019537,0.579738,0.385723,-0.030415,0.595338,0.368609,-0.03494,0.608935,0.34616,-0.037106
no_signal,0.509854,0.524777,-0.0,0.487088,0.487523,-0.012564,0.470025,0.43532,-0.021436,0.461221,0.391838,-0.030475,0.47046,0.358309,-0.037961,0.50431,0.38577,-0.006059,0.490728,0.36883,-0.028346,0.477784,0.414475,-0.046139,0.471739,0.456902,-0.054755,0.526369,0.385387,-0.008501,0.524097,0.331998,-0.022459,0.520144,0.296956,-0.033876,0.518037,0.261101,-0.041317,0.546793,0.401416,-0.014518,0.556318,0.342198,-0.030704,0.560487,0.302419,-0.040054,0.563339,0.264185,-0.044303,0.562228,0.431436,-0.021191,0.579347,0.387357,-0.031838,0.591636,0.361495,-0.034007,0.60187,0.335802,-0.034287
no_signal,0.509817,0.525105,-0.0,0.487367,0.491821,-0.015734,0.467727,0.441273,-0.027974,0.456301,0.398861,-0.039689,0.473171,0.38098,-0.049153,0.504809,0.387843,-0.011602,0.49213,0.375037,-0.035232,0.481168,0.427996,-0.052464,0.475091,0.477079,-0.060411,0.527501,0.385798,-0.012692,0.523304,0.333319,-0.028133,0.519794,0.293923,-0.038817,0.517892,0.252148,-0.045781,0.548551,0.400723,-0.017391,0.558526,0.341242,-0.033604,0.563216,0.303187,-0.040701,0.566081,0.266658,-0.043307,0.564844,0.428821,-0.023164,0.580018,0.38203,-0.032258,0.590409,0.353148,-0.032658,0.599108,0.3237,-0.031905
no_signal,0.510338,0.52459,-0.0,0.489956,0.494088,-0.01389,0.470222,0.447897,-0.02721,0.454078,0.411466,-0.040361,0.462968,0.398076,-0.052241,0.500348,0.385482,-0.016214,0.48531,0.384488,-0.038383,0.476036,0.439808,-0.05518,0.470567,0.491172,-0.063613,0.523584,0.380187,-0.019509,0.518061,0.319902,-0.035911,0.514841,0.275089,-0.048257,0.514212,0.230618,-0.056839,0.544756,0.395126,-0.025252,0.555592,0.324396,-0.042947,0.562586,0.280385,-0.052157,0.56758,0.240848,-0.056668,0.561096,0.425168,-0.031439,0.580926,0.375685,-0.040905,0.593289,0.343906,-0.041283,0.603091,0.311721,-0.041266
no_signal,0.50828,0.532326,-0.0,0.488418,0.50806,-0.014432,0.468152,0.463523,-0.027831,0.448859,0.431677,-0.04067,0.451022,0.417473,-0.052678,0.492083,0.393423,-0.02074,0.47451,0.40175,-0.043022,0.465218,0.455681,-0.059158,0.460181,0.5047,-0.067292,0.515327,0.385855,-0.024682,0.507374,0.324668,-0.040547,0.50331,0.280747,-0.051722,0.500349,0.238216,-0.059972,0.53686,0.398693,-0.030912,0.549637,0.32888,-0.048468,0.557515,0.285002,-0.057878,0.561447,0.243263,-0.063101,0.553307,0.428821,-0.037524,0.572141,0.38042,-0.047811,0.584283,0.349198,-0.048526,0.592936,0.316954,-0.048901
no_signal,0.504857,0.537423,-0.0,0.480329,0.505926,-0.013515,0.461037,0.455866,-0.024718,0.448695,0.420777,-0.035769,0.445966,0.39288,-0.04629,0.491144,0.404366,-0.019722,0.469428,0.38951,-0.043693,0.451911,0.435488,-0.061465,0.441463,0.476151,-0.070471,0.513262,0.395434,-0.022504,0.503154,0.344255,-0.042237,0.495646,0.300311,-0.055755,0.489932,0.251574,-0.064452,0.534513,0.405242,-0.027506,0.544717,0.342208,-0.04783,0.55074,0.297987,-0.058252,0.553849,0.253191,-0.062998,0.551294,0.431087,-0.032789,0.57046,0.385679,-0.045642,0.583397,0.355748,-0.047777,0.593556,0.325041,-0.048116
no_signal,0.510329,0.53744,-0.0,0.482095,0.504969,-0.009827,0.461621,0.442513,-0.018325,0.451258,0.394064,-0.026479,0.441182,0.348317,-0.034847,0.492594,0.392272,-0.01789,0.491319,0.334849,-0.031248,0.493699,0.303589,-0.038288,0.494606,0.270123,-0.043842,0.516564,0.398057,-0.022806,0.501181,0.394136,-0.052555,0.485953,0.445706,-0.061935,0.475753,0.479935,-0.061559,0.539216,0.413368,-0.029276,0.538309,0.392727,-0.05679,0.535983,0.36589,-0.065046,0.534979,0.333134,-0.065336,0.560582,0.431969,-0.035013,0.573864,0.390455,-0.052169,0.588335,0.365455,-0.055564,0.601371,0.334163,-0.0556
no_signal,0.511139,0.538056,-0.0,0.483221,0.49922,-0.010253,0.466047,0.43669,-0.016988,0.457348,0.387241,-0.024703,0.445474,0.348483,-0.032774,0.499655,0.380828,-0.014585,0.502234,0.322657,-0.026743,0.506139,0.289461,-0.032484,0.510172,0.254484,-0.036689,0.521476,0.388272,-0.0175,0.507719,0.377696,-0.042651,0.488822,0.420994,-0.051955,0.477726,0.450753,-0.053577,0.540686,0.408653,-0.021488,0.529996,0.397129,-0.050029,0.504844,0.433451,-0.054545,0.487456,0.458146,-0.050244,0.557682,0.433877,-0.025213,0.573962,0.388188,-0.045887,0.585821,0.360455,-0.052027,0.597063,0.331619,-0.052384
no_signal,0.509498,0.529539,0.0,0.479886,0.48905,-0.011644,0.464043,0.424887,-0.018269,0.460066,0.379,-0.025035,0.453974,0.335377,-0.031017,0.497945,0.360542,-0.014389,0.501036,0.302436,-0.023251,0.50332,0.265744,-0.027772,0.506543,0.228982,-0.031017,0.520257,0.368099,-0.016253,0.51167,0.356442,-0.034141,0.501886,0.366023,-0.042194,0.495321,0.37193,-0.044437,0.539274,0.392942,-0.019105,0.521599,0.403657,-0.042004,0.499799,0.446957,-0.044718,0.485335,0.476342,-0.039839,0.556807,0.422866,-0.022339,0.558335,0.378329,-0.039483,0.559644,0.348196,-0.042603,0.560653,0.317639,-0.041092
no_signal,0.510911,0.52945,0.0,0.485298,0.497298,-0.015186,0.4699,0.446394,-0.025711,0.470976,0.408277,-0.036321,0.477362,0.372708,-0.045327,0.49347,0.369204,-0.020296,0.490153,0.298598,-0.034247,0.489015,0.2597,-0.041422,0.488757,0.221968,-0.044659,0.515492,0.375844,-0.022565,0.513072,0.310563,-0.039675,0.509545,0.26737,-0.04849,0.506074,0.226514,-0.051703,0.53504,0.39784,-0.026353,0.516658,0.394581,-0.050489,0.498845,0.441542,-0.054145,0.486841,0.474586,-0.048486,0.553269,0.426809,-0.031017,0.54613,0.386476,-0.047303,0.537917,0.365996,-0.048328,0.529196,0.347124,-0.044894
no_signal,0.508515,0.538546,0.0,0.485347,0.501095,-0.006938,0.469447,0.446168,-0.013281,0.478928,0.411728,-0.021351,0.50043,0.404565,-0.028199,0.497247,0.377002,-0.00383,0.486704,0.326303,-0.01544,0.474171,0.303278,-0.023353,0.461402,0.285793,-0.026747,0.518235,0.379378,-0.008878,0.51711,0.321269,-0.02133,0.513054,0.283736,-0.029859,0.509149,0.247723,-0.03347,0.537641,0.397674,-0.015587,0.516952,0.403049,-0.035577,0.501829,0.45228,-0.039972,0.492802,0.488766,-0.035539,0.555516,0.421707,-0.022661,0.542269,0.384436,-0.034311,0.530089,0.363499,-0.033798,0.518252,0.343927,-0.030414
no_signal,0.508356,0.535215,-0.0,0.484442,0.48206,-0.00471,0.471146,0.430982,-0.011448,0.480933,0.400618,-0.020751,0.503983,0.402122,-0.028763,0.498062,0.370177,-0.001273,0.487334,0.323135,-0.016857,0.466444,0.3304,-0.027324,0.450085,0.3471,-0.032225,0.515516,0.375217,-0.006638,0.499916,0.345042,-0.025266,0.480548,0.360481,-0.035194,0.466494,0.379781,-0.038767,0.532353,0.391656,-0.013993,0.511185,0.38058,-0.033371,0.493897,0.417334,-0.038372,0.480932,0.451005,-0.036635,0.549576,0.414484,-0.02185,0.538842,0.377789,-0.034296,0.525031,0.35585,-0.037844,0.509275,0.336954,-0.038176
no_signal,0.506227,0.521059,-0.0,0.485471,0.472483,-0.000302,0.474867,0.41499,-0.003475,0.474183,0.369473,-0.009031,0.474359,0.334421,-0.01335,0.504122,0.343736,-0.002925,0.482598,0.308259,-0.018134,0.466285,0.334487,-0.027685,0.456345,0.365563,-0.031508,0.524419,0.348276,-0.008784,0.484953,0.361614,-0.026309,0.473046,0.409384,-0.033234,0.46956,0.445879,-0.034779,0.539654,0.368536,-0.016026,0.500038,0.383198,-0.033282,0.484208,0.426749,-0.035964,0.474914,0.462328,-0.034078,0.551436,0.39776,-0.023206,0.52242,0.392787,-0.034665,0.500154,0.398027,-0.036694,0.481469,0.403591,-0.035671
no_signal,0.501509,0.500877,-0.0,0.481515,0.459076,-0.003582,0.475264,0.398143,-0.007615,0.484695,0.357885,-0.013949,0.501031,0.342307,-0.019105,0.512262,0.334036,-0.00413,0.498352,0.281952,-0.020653,0.479227,0.301997,-0.030069,0.46658,0.331576,-0.033283,0.531647,0.345667,-0.009172,0.503873,0.325138,-0.025741,0.485611,0.35885,-0.030184,0.476799,0.387002,-0.029174,0.544918,0.369493,-0.016194,0.508477,0.374801,-0.03278,0.495179,0.422441,-0.031949,0.490829,0.458289,-0.026668,0.552633,0.400133,-0.023678,0.522627,0.394713,-0.032174,0.501697,0.412576,-0.029271,0.488603,0.427232,-0.024395
no_signal,0.504031,0.498291,-0.0,0.4857,0.456652,-0.008696,0.47592,0.398416,-0.016738,0.475031,0.355046,-0.026217,0.488473,0.343474,-0.034053,0.520096,0.335669,-0.005278,0.527818,0.277786,-0.024663,0.510444,0.271982,-0.035837,0.494528,0.283887,-0.040438,0.538881,0.354891,-0.010013,0.534412,0.299557,-0.02933,0.508381,0.320177,-0.033404,0.496322,0.347783,-0.030314,0.552335,0.386193,-0.017529,0.535883,0.349733,-0.034817,0.512649,0.378171,-0.031607,0.505681,0.406153,-0.023921,0.561337,0.426928,-0.026267,0.536303,0.41371,-0.036813,0.516634,0.427568,-0.034259,0.511416,0.442871,-0.028674
no_signal,0.506218,0.512853,-0.0,0.488008,0.468206,-0.007123,0.479257,0.408493,-0.012458,0.485655,0.385552,-0.019035,0.50396,0.392237,-0.025889,0.52089,0.352205,-0.003865,0.526519,0.302481,-0.016655,0.52185,0.279174,-0.026505,0.515257,0.261527,-0.03289,0.540014,0.370112,-0.009795,0.551452,0.308359,-0.026101,0.537036,0.284021,-0.035945,0.520703,0.27695,-0.03863,0.554424,0.399883,-0.017268,0.54908,0.35596,-0.035772,0.526836,0.354708,-0.043003,0.511052,0.363056,-0.043119,0.563016,0.437555,-0.025093,0.536621,0.427176,-0.04031,0.518661,0.442729,-0.043661,0.511271,0.462911,-0.042556
no_signal,0.510046,0.525011,0.0,0.494168,0.482748,-0.011627,0.487056,0.42471,-0.020587,0.505077,0.416401,-0.029469,0.531192,0.438751,-0.038424,0.523647,0.366223,-0.015439,0.52456,0.301456,-0.031921,0.510234,0.298747,-0.045015,0.497152,0.306694,-0.052602,0.543045,0.384492,-0.019116,0.55754,0.322604,-0.028837,0.559962,0.282253,-0.039021,0.563401,0.24921,-0.046515,0.556065,0.418252,-0.024648,0.558575,0.383696,-0.037222,0.546644,0.357038,-0.048514,0.540215,0.332787,-0.055624,0.564839,0.459583,-0.030773,0.543387,0.441517,-0.042589,0.525022,0.44245,-0.045835,0.514212,0.44497,-0.047126
no_signal,0.509675,0.519879,-0.0,0.494621,0.476355,-0.010389,0.487617,0.42388,-0.019827,0.501298,0.411407,-0.02964,0.522361,0.419081,-0.039186,0.529469,0.3585,-0.010355,0.5217,0.310078,-0.028887,0.50397,0.323265,-0.043433,0.489184,0.342975,-0.051161,0.550842,0.375336,-0.013932,0.55452,0.324435,-0.028543,0.543205,0.307264,-0.03893,0.533509,0.297764,-0.044025,0.565532,0.404359,-0.019603,0.553802,0.376933,-0.03568,0.529628,0.371408,-0.043659,0.512656,0.367845,-0.046423,0.573924,0.440655,-0.025856,0.544436,0.439781,-0.03905,0.526923,0.454921,-0.041681,0.51933,0.468745,-0.041096
no_signal,0.507913,0.507218,-0.0,0.492823,0.4426,-0.009258,0.497018,0.362439,-0.01252,0.50857,0.308386,-0.015734,0.51362,0.261934,-0.018105,0.545133,0.332938,-0.006014,0.524371,0.302099,-0.025052,0.500785,0.329102,-0.03854,0.484124,0.354857,-0.045005,0.563323,0.359906,-0.008325,0.536055,0.334156,-0.026295,0.508491,0.35807,-0.034209,0.490408,0.378374,-0.036097,0.573593,0.394094,-0.013253,0.543038,0.375231,-0.03135,0.516817,0.39236,-0.034222,0.50052,0.404016,-0.032411,0.576936,0.432155,-0.018848,0.541512,0.431107,-0.033188,0.523101,0.447483,-0.035459,0.515515,0.458041,-0.033617
no_signal,0.514948,0.492768,-0.0,0.496545,0.44783,-0.009658,0.494301,0.382089,-0.014558,0.500079,0.335171,-0.019462,0.505773,0.30429,-0.024301,0.534663,0.330315,-0.009493,0.519365,0.262656,-0.024174,0.511241,0.21838,-0.034705,0.506505,0.184765,-0.041806,0.555793,0.34647,-0.011739,0.524694,0.317906,-0.033254,0.500273,0.361456,-0.037414,0.488114,0.399048,-0.034523,0.567483,0.379005,-0.015821,0.532043,0.362512,-0.036126,0.509803,0.402805,-0.031571,0.501409,0.437746,-0.022331,0.573298,0.419016,-0.02101,0.545066,0.401905,-0.03547,0.521338,0.415543,-0.0325,0.508993,0.432158,-0.025729
no_signal,0.511531,0.508333,-0.0,0.494371,0.464355,-0.011621,0.49021,0.397674,-0.017386,0.492755,0.353059,-0.023964,0.496819,0.321346,-0.029891,0.522699,0.34852,-0.013387,0.515337,0.268418,-0.031554,0.508355,0.21842,-0.041896,0.503862,0.18038,-0.048068,0.545432,0.365117,-0.016092,0.518938,0.322425,-0.041481,0.494465,0.365627,-0.044151,0.489153,0.400226,-0.039484,0.56205,0.395713,-0.021225,0.535226,0.373474,-0.046989,0.515097,0.415179,-0.040204,0.513754,0.446366,-0.027979,0.577457,0.435675,-0.02757,0.579179,0.399581,-0.044917,0.55868,0.409302,-0.039456,0.546474,0.425039,-0.030319
no_signal,0.514989,0.532257,-0.0,0.492173,0.478058,-0.010272,0.484531,0.402361,-0.016707,0.484137,0.348434,-0.024678,0.475857,0.304394,-0.033412,0.518899,0.358571,-0.015405,0.515621,0.287131,-0.032923,0.512438,0.234664,-0.04442,0.507919,0.193063,-0.052343,0.540318,0.377177,-0.020248,0.51569,0.356778,-0.050572,0.485648,0.391599,-0.060534,0.467363,0.422039,-0.06163,0.557261,0.411514,-0.026732,0.540286,0.388984,-0.057275,0.510976,0.415788,-0.058189,0.490926,0.440933,-0.05147,0.571528,0.45369,-0.033743,0.575884,0.420163,-0.056925,0.557117,0.429618,-0.057842,0.540303,0.447404,-0.053247
no_signal,0.510908,0.523466,-0.0,0.484493,0.474876,-0.011052,0.473349,0.405754,-0.02045,0.4708,0.354042,-0.030478,0.4641,0.306982,-0.04092,0.509804,0.375184,-0.027394,0.510078,0.290656,-0.044637,0.506652,0.235164,-0.05515,0.502234,0.193306,-0.062912,0.529507,0.393971,-0.032086,0.512193,0.368318,-0.067242,0.475679,0.409154,-0.07883,0.446958,0.449307,-0.079839,0.548104,0.424379,-0.037229,0.556462,0.384794,-0.067488,0.538091,0.395708,-0.071316,0.518685,0.414958,-0.067919,0.562352,0.462074,-0.042396,0.581608,0.436313,-0.064697,0.569588,0.435898,-0.068056,0.553923,0.442903,-0.066314
no_signal,0.508234,0.53158,-0.0,0.484827,0.477627,-0.004647,0.474652,0.403961,-0.008686,0.470555,0.3506,-0.014538,0.46159,0.306081,-0.021177,0.512314,0.376439,-0.013089,0.513312,0.298299,-0.023094,0.51142,0.24226,-0.027871,0.508024,0.196381,-0.03274,0.529545,0.395704,-0.018962,0.50744,0.363556,-0.046893,0.481493,0.404155,-0.056466,0.465034,0.446732,-0.057563,0.544462,0.42508,-0.0253,0.540387,0.381428,-0.052738,0.519396,0.386323,-0.060418,0.500227,0.401937,-0.060268,0.556608,0.461128,-0.030859,0.575103,0.431986,-0.05272,0.578899,0.423024,-0.062069,0.578338,0.423286,-0.065486
no_signal,0.508496,0.526093,-0.0,0.484392,0.471831,-0.003314,0.474778,0.395387,-0.007259,0.470045,0.342598,-0.01266,0.460943,0.30089,-0.018216,0.512278,0.36864,-0.01139,0.516626,0.293366,-0.02143,0.513364,0.243129,-0.02515,0.509613,0.201589,-0.029033,0.528621,0.389818,-0.01807,0.506784,0.349541,-0.044791,0.483592,0.380827,-0.051773,0.471951,0.416632,-0.050472,0.54282,0.418765,-0.025543,0.531923,0.383273,-0.049496,0.515697,0.372298,-0.054278,0.503475,0.364616,-0.052906,0.555485,0.452665,-0.032551,0.574841,0.429636,-0.049477,0.581202,0.413624,-0.055866,0.583434,0.396555,-0.058263
no_signal,0.509715,0.528233,-0.0,0.483528,0.482059,-0.006565,0.473033,0.410285,-0.014208,0.466978,0.359284,-0.023395,0.455701,0.312827,-0.033065,0.505069,0.36604,-0.013699,0.514113,0.290728,-0.025245,0.512682,0.23913,-0.03051,0.50958,0.199618,-0.035458,0.520368,0.384266,-0.020607,0.493147,0.3603,-0.052935,0.463453,0.401914,-0.062348,0.44528,0.441486,-0.061165,0.53625,0.413,-0.028682,0.527938,0.378799,-0.055281,0.51565,0.36118,-0.060676,0.506791,0.343661,-0.05924,0.550951,0.448445,-0.036456,0.568553,0.421236,-0.0546,0.57599,0.399685,-0.059857,0.579944,0.374791,-0.060997
no_signal,0.511053,0.540676,-0.0,0.485845,0.493211,-0.006853,0.468761,0.449766,-0.01674,0.463137,0.420078,-0.027885,0.47282,0.396963,-0.037711,0.501798,0.384358,-0.012466,0.493741,0.336616,-0.030021,0.474912,0.347952,-0.040504,0.460955,0.370978,-0.045162,0.518066,0.3993,-0.017378,0.507062,0.357003,-0.035723,0.484844,0.360465,-0.045302,0.468253,0.370294,-0.049541,0.533766,0.421097,-0.023871,0.532311,0.388297,-0.041443,0.51159,0.377927,-0.047743,0.492849,0.370296,-0.049183,0.546638,0.448607,-0.030481,0.563137,0.416441,-0.042948,0.571134,0.391448,-0.04775,0.576001,0.364962,-0.049444
no_signal,0.509698,0.532181,-0.0,0.48706,0.500329,-0.007766,0.467454,0.450192,-0.018983,0.457614,0.421764,-0.030725,0.472252,0.417247,-0.041929,0.499586,0.379765,-0.012381,0.495727,0.33514,-0.026745,0.483636,0.330633,-0.035089,0.469343,0.334968,-0.039975,0.516526,0.395796,-0.016994,0.493883,0.393761,-0.045881,0.475334,0.450225,-0.056073,0.461867,0.498223,-0.055973,0.532853,0.416604,-0.023199,0.522775,0.382156,-0.045946,0.503527,0.357997,-0.054271,0.4858,0.337048,-0.055469,0.547442,0.440577,-0.028897,0.559888,0.401521,-0.042089,0.569774,0.376518,-0.046678,0.576737,0.348141,-0.047996
no_signal,0.505257,0.52095,-0.0,0.484602,0.489161,-0.004886,0.467738,0.429383,-0.011874,0.461656,0.39407,-0.02031,0.477596,0.391912,-0.028757,0.50282,0.372441,-0.004868,0.512171,0.316899,-0.012308,0.512393,0.281864,-0.015369,0.508709,0.249955,-0.019128,0.516931,0.385019,-0.011669,0.496718,0.383808,-0.040335,0.482804,0.440876,-0.04793,0.472988,0.482277,-0.04537,0.531376,0.401582,-0.019914,0.516997,0.363276,-0.042625,0.495075,0.330986,-0.048838,0.474684,0.298839,-0.048209,0.547296,0.420393,-0.027784,0.557789,0.367087,-0.040676,0.565146,0.333704,-0.043975,0.567745,0.297352,-0.044573
no_signal,0.505946,0.508279,-0.0,0.48648,0.472225,-0.004224,0.478779,0.401581,-0.007807,0.478803,0.357803,-0.012512,0.485851,0.332333,-0.017463,0.497987,0.35228,-0.003075,0.500605,0.291813,-0.010304,0.498204,0.260152,-0.01382,0.493324,0.235605,-0.01722,0.515225,0.364209,-0.009058,0.495828,0.34318,-0.035036,0.471043,0.383709,-0.044156,0.452863,0.418849,-0.043515,0.533173,0.380206,-0.016636,0.525251,0.335527,-0.038063,0.507776,0.296273,-0.04738,0.493783,0.260157,-0.049572,0.552573,0.399687,-0.023508,0.565181,0.348275,-0.035779,0.572552,0.313177,-0.040541,0.577392,0.277886,-0.042609
no_signal,0.502277,0.504543,0.0,0.481159,0.46879,-0.013868,0.470295,0.411901,-0.022625,0.468723,0.368293,-0.030732,0.468955,0.326535,-0.038221,0.496487,0.350693,-0.016673,0.499357,0.290694,-0.031741,0.498362,0.256396,-0.042197,0.495002,0.223619,-0.048802,0.514154,0.358799,-0.019185,0.515669,0.285552,-0.034792,0.510413,0.238752,-0.045359,0.502968,0.19833,-0.051267,0.531888,0.379373,-0.023493,0.533845,0.331987,-0.041384,0.524504,0.307913,-0.049111,0.514437,0.285729,-0.051143,0.54961,0.409211,-0.028708,0.565697,0.365004,-0.043117,0.575692,0.33727,-0.048455,0.582457,0.310917,-0.050167
no_signal,0.508366,0.515717,0.0,0.485985,0.479796,-0.010306,0.474101,0.421285,-0.018416,0.476963,0.379479,-0.027439,0.492899,0.350991,-0.035089,0.502781,0.356781,-0.013001,0.49842,0.292644,-0.025078,0.492749,0.25563,-0.031668,0.487709,0.221473,-0.034786,0.521156,0.362104,-0.017066,0.520662,0.292046,-0.032567,0.514244,0.245005,-0.042133,0.508045,0.201631,-0.04631,0.53685,0.383429,-0.022272,0.515748,0.36997,-0.044656,0.491553,0.407294,-0.048526,0.476125,0.43726,-0.043576,0.550025,0.410723,-0.027941,0.545191,0.358511,-0.043051,0.540512,0.32858,-0.044238,0.536255,0.304645,-0.041423
no_signal,0.502391,0.517574,-0.0,0.482067,0.471023,-0.00466,0.46919,0.412334,-0.00971,0.477091,0.371789,-0.01764,0.499266,0.370599,-0.025435,0.494061,0.351248,0.000105,0.491268,0.29517,-0.013545,0.482176,0.269599,-0.024048,0.471877,0.255141,-0.030072,0.509604,0.355741,-0.006177,0.497044,0.302619,-0.024145,0.477915,0.285333,-0.035753,0.457972,0.280033,-0.040516,0.525731,0.371238,-0.014213,0.505452,0.339601,-0.035909,0.484008,0.350507,-0.044758,0.464772,0.36406,-0.044761,0.543068,0.394356,-0.022357,0.531156,0.346312,-0.037671,0.517853,0.318487,-0.043286,0.50267,0.296696,-0.044236
no_signal,0.502894,0.50911,-0.0,0.4803,0.460209,-0.004196,0.470841,0.401206,-0.008926,0.482504,0.367609,-0.016832,0.505235,0.368968,-0.023394,0.496991,0.343042,0.002409,0.487885,0.286345,-0.01273,0.469213,0.292787,-0.022373,0.454155,0.307382,-0.025697,0.512722,0.348313,-0.003557,0.498206,0.313663,-0.023199,0.47992,0.319185,-0.03552,0.465096,0.326653,-0.039444,0.52877,0.364285,-0.011576,0.506027,0.362314,-0.033251,0.490322,0.398749,-0.041381,0.478132,0.427283,-0.039762,0.54532,0.383411,-0.01967,0.527746,0.34074,-0.031168,0.515057,0.309674,-0.034257,0.502217,0.281109,-0.03357
no_signal,0.501794,0.503026,-0.0,0.483752,0.464637,-0.002728,0.478428,0.404496,-0.005593,0.488848,0.368754,-0.010724,0.499415,0.340025,-0.016123,0.497827,0.338098,-0.001938,0.502723,0.259831,-0.010881,0.500076,0.211947,-0.01621,0.495782,0.173346,-0.020524,0.512467,0.347272,-0.008121,0.493537,0.300863,-0.027799,0.472211,0.309633,-0.037606,0.455869,0.322122,-0.040042,0.527765,0.363049,-0.015281,0.506766,0.326548,-0.035389,0.484383,0.318109,-0.042293,0.466003,0.30971,-0.042771,0.545804,0.384062,-0.022135,0.530018,0.343719,-0.036494,0.516727,0.328519,-0.039711,0.504712,0.314744,-0.039386
no_signal,0.502859,0.512818,-0.0,0.4771,0.469739,-0.001532,0.463165,0.399149,-0.004527,0.460643,0.356608,-0.009272,0.469336,0.332621,-0.013346,0.496953,0.346136,-6.9e-05,0.50606,0.272051,-0.009343,0.501583,0.236178,-0.013968,0.492321,0.205858,-0.017529,0.515213,0.3597,-0.007435,0.501398,0.329281,-0.03386,0.483299,0.374973,-0.042475,0.470727,0.415042,-0.040486,0.535154,0.374194,-0.01623,0.534374,0.323517,-0.034224,0.528954,0.289457,-0.038751,0.52368,0.2568,-0.03792,0.554776,0.392168,-0.024767,0.56841,0.346884,-0.033044,0.578766,0.316799,-0.033662,0.586435,0.283191,-0.03252
no_signal,0.503206,0.5161,-0.0,0.476966,0.47242,-0.004102,0.467994,0.394572,-0.007826,0.465295,0.343115,-0.013356,0.455784,0.296995,-0.01977,0.496493,0.349649,-0.004917,0.50434,0.267504,-0.014254,0.501665,0.218191,-0.018664,0.497432,0.177986,-0.023024,0.514297,0.361884,-0.012598,0.496461,0.332765,-0.043886,0.468701,0.375117,-0.055281,0.448577,0.411817,-0.054839,0.533741,0.378812,-0.021635,0.532813,0.332018,-0.046209,0.528473,0.300223,-0.05411,0.525625,0.266824,-0.054572,0.553855,0.399854,-0.03004,0.568447,0.353068,-0.044126,0.580902,0.324732,-0.04716,0.591436,0.292117,-0.047324
no_signal,0.498339,0.531885,-0.0,0.478245,0.485973,-0.0131,0.460491,0.428559,-0.025152,0.447687,0.386087,-0.038113,0.457331,0.366141,-0.049888,0.491453,0.37098,-0.007054,0.474123,0.365805,-0.032982,0.458718,0.418487,-0.054167,0.450211,0.46668,-0.064835,0.512012,0.372692,-0.012036,0.50739,0.306999,-0.026961,0.504786,0.256653,-0.039019,0.504483,0.207519,-0.047575,0.531814,0.392182,-0.020992,0.541169,0.324873,-0.036951,0.54622,0.284199,-0.044016,0.548041,0.243784,-0.047199,0.547243,0.427677,-0.031171,0.558614,0.376095,-0.03973,0.567138,0.343304,-0.038424,0.572636,0.309283,-0.036993
no_signal,0.500245,0.52713,-0.0,0.475482,0.493388,-0.011975,0.456392,0.442815,-0.024155,0.441979,0.409662,-0.036456,0.442371,0.389845,-0.048464,0.487195,0.382467,-0.018707,0.465868,0.378262,-0.042816,0.447167,0.422166,-0.061283,0.435797,0.462498,-0.070895,0.508301,0.379409,-0.024087,0.500205,0.312119,-0.042248,0.494325,0.260721,-0.054841,0.490087,0.210725,-0.063134,0.529005,0.395324,-0.031663,0.538031,0.321628,-0.049679,0.541854,0.276383,-0.058036,0.542619,0.232126,-0.061786,0.54504,0.426979,-0.039644,0.55859,0.373031,-0.049642,0.565938,0.33646,-0.049252,0.569986,0.299136,-0.048258
no_signal,0.143395,0.638487,-0.0,0.176579,0.616849,-0.028057,0.196388,0.584194,-0.047649,0.212713,0.565725,-0.065514,0.232023,0.54223,-0.084964,0.161263,0.508871,-0.044989,0.150884,0.495519,-0.074765,0.141938,0.522252,-0.095117,0.137122,0.558534,-0.106058,0.128732,0.524965,-0.043689,0.113685,0.51148,-0.074187,0.112124,0.558847,-0.089124,0.117672,0.607625,-0.096089,0.104556,0.554792,-0.044696,0.089091,0.55782,-0.072042,0.094111,0.598348,-0.079261,0.104963,0.639629,-0.08033,0.089343,0.593253,-0.047683,0.071283,0.597937,-0.068332,0.07432,0.63043,-0.072542,0.084234,0.660709,-0.07301
no_signal,0.203268,0.485585,0.0,0.240488,0.439224,-0.013931,0.271723,0.382421,-0.022801,0.296122,0.34085,-0.031977,0.317707,0.305893,-0.041311,0.240093,0.274052,-0.009825,0.243127,0.2029,-0.025471,0.254265,0.160604,-0.039409,0.268604,0.12755,-0.048608,0.215609,0.268557,-0.01368,0.218243,0.188021,-0.025471,0.231602,0.138878,-0.037092,0.248212,0.102406,-0.04487,0.192721,0.283134,-0.020112,0.186774,0.206088,-0.03269,0.19375,0.153836,-0.043097,0.205414,0.113778,-0.049811,0.171009,0.317349,-0.028006,0.153187,0.26412,-0.040463,0.147413,0.22546,-0.046655,0.146069,0.190519,-0.049787
no_signal,0.217632,0.444313,0.0,0.251857,0.379232,-0.012936,0.273986,0.304227,-0.020353,0.29366,0.256086,-0.0291,0.313063,0.218789,-0.037968,0.219542,0.217205,-0.004777,0.208052,0.157252,-0.018327,0.214614,0.13664,-0.031878,0.226142,0.128621,-0.041456,0.193255,0.232129,-0.00948,0.164426,0.161609,-0.019563,0.159126,0.109366,-0.032814,0.160966,0.070441,-0.043521,0.177257,0.265051,-0.01706,0.150736,0.198739,-0.029855,0.148671,0.151537,-0.042725,0.153142,0.112964,-0.052248,0.171808,0.31223,-0.026066,0.162845,0.279771,-0.037781,0.163262,0.258181,-0.044326,0.165798,0.238187,-0.049045
no_signal,0.212268,0.401048,1e-06,0.244375,0.330989,-0.010868,0.263934,0.248865,-0.019239,0.283925,0.196091,-0.029073,0.302851,0.152961,-0.039227,0.203745,0.177393,-0.012627,0.184646,0.098547,-0.026136,0.177591,0.048422,-0.035635,0.173726,0.003778,-0.043151,0.18166,0.198533,-0.022226,0.144517,0.110427,-0.037354,0.129748,0.047336,-0.051487,0.121417,-0.004994,-0.061024,0.168106,0.242883,-0.033501,0.157503,0.175458,-0.060392,0.174208,0.138758,-0.079314,0.189949,0.110838,-0.089141,0.165677,0.298472,-0.044722,0.186718,0.27176,-0.073942,0.21643,0.264408,-0.087544,0.241114,0.260767,-0.094096
no_signal,0.19159,0.410251,0.0,0.231565,0.331118,-0.008166,0.254107,0.248914,-0.018004,0.272603,0.188326,-0.029809,0.288516,0.13187,-0.041965,0.203381,0.182598,-0.020255,0.177637,0.102572,-0.03717,0.162867,0.051992,-0.046548,0.155092,0.005071,-0.053477,0.177639,0.202716,-0.032086,0.149263,0.112501,-0.051248,0.142139,0.05147,-0.064948,0.142926,-0.001927,-0.073422,0.161853,0.243287,-0.044637,0.183584,0.180144,-0.072954,0.219501,0.164328,-0.088992,0.249514,0.154375,-0.096163,0.158409,0.297575,-0.057188,0.197073,0.287011,-0.083582,0.232912,0.286167,-0.095404,0.262113,0.283995,-0.100755
no_signal,0.156463,0.423476,0.0,0.203903,0.319883,-0.001481,0.227162,0.224237,-0.011445,0.242181,0.159388,-0.024444,0.253882,0.093374,-0.038089,0.170134,0.189075,-0.025488,0.158056,0.122489,-0.048018,0.162759,0.083793,-0.06074,0.173147,0.052726,-0.069019,0.155275,0.220617,-0.039284,0.185299,0.16827,-0.066215,0.20861,0.140626,-0.078305,0.23113,0.123291,-0.084888,0.15285,0.273232,-0.053513,0.217782,0.250102,-0.085957,0.258842,0.249765,-0.098509,0.292712,0.247289,-0.102763,0.161537,0.335848,-0.066884,0.218505,0.332945,-0.093516,0.254622,0.333084,-0.103883,0.286186,0.331678,-0.108253
no_signal,0.116644,0.425487,0.0,0.160716,0.322726,-0.000853,0.19442,0.226878,-0.007743,0.216932,0.158803,-0.017158,0.231335,0.093631,-0.026403,0.159431,0.190088,-0.021374,0.197643,0.147661,-0.041213,0.231886,0.154958,-0.052879,0.256451,0.173534,-0.059703,0.14525,0.23468,-0.031841,0.221035,0.241816,-0.051419,0.2665,0.260252,-0.058393,0.295747,0.281725,-0.063143,0.141255,0.294709,-0.042544,0.223615,0.311376,-0.060603,0.262867,0.320133,-0.061058,0.289254,0.328578,-0.0599,0.14531,0.357194,-0.053556,0.212271,0.363637,-0.066742,0.246193,0.361668,-0.066501,0.271525,0.360062,-0.064269
no_signal,0.105542,0.354888,-0.0,0.161492,0.274307,-0.013215,0.199521,0.212419,-0.025775,0.220385,0.165711,-0.038512,0.241362,0.12425,-0.05017,0.168252,0.200505,-0.028989,0.232825,0.272483,-0.051793,0.252344,0.314097,-0.066797,0.260421,0.334426,-0.076301,0.143468,0.252566,-0.034091,0.217959,0.342063,-0.049858,0.216962,0.345929,-0.055638,0.205498,0.325068,-0.063483,0.126012,0.307742,-0.040389,0.197519,0.385302,-0.053563,0.193838,0.378025,-0.049141,0.182043,0.352143,-0.048222,0.116762,0.358275,-0.048863,0.174166,0.420721,-0.057626,0.175322,0.410048,-0.053503,0.163483,0.387112,-0.051164
no_signal,0.122262,0.418449,-0.0,0.177986,0.399884,-0.021073,0.218702,0.374914,-0.040276,0.248111,0.355028,-0.057637,0.258128,0.339416,-0.071609,0.185618,0.232355,-0.040904,0.22901,0.302475,-0.066921,0.221068,0.368264,-0.079714,0.204614,0.375372,-0.087695,0.152696,0.241485,-0.043698,0.197848,0.340415,-0.067323,0.190575,0.39314,-0.072282,0.17751,0.379744,-0.07729,0.124658,0.275692,-0.04809,0.169016,0.371886,-0.068854,0.165279,0.409445,-0.064232,0.152901,0.391735,-0.061568,0.102391,0.317322,-0.054409,0.135254,0.391331,-0.067088,0.138049,0.413585,-0.063856,0.128721,0.39643,-0.061611
no_signal,0.119766,0.470055,-0.0,0.161526,0.453714,-0.021141,0.202895,0.426653,-0.037473,0.22515,0.40636,-0.052517,0.206033,0.396492,-0.064325,0.197558,0.270726,-0.020489,0.221115,0.306921,-0.043714,0.207813,0.369955,-0.05877,0.1934,0.366375,-0.068854,0.163421,0.26029,-0.022992,0.184496,0.304833,-0.042978,0.17864,0.377157,-0.050164,0.1696,0.366591,-0.054514,0.129911,0.275571,-0.028148,0.148005,0.30466,-0.047525,0.15024,0.371601,-0.042497,0.143512,0.368133,-0.037565,0.099411,0.302884,-0.035343,0.113376,0.316626,-0.045334,0.121391,0.361297,-0.03754,0.119885,0.365169,-0.030586
no_signal,0.119803,0.505552,-0.0,0.155179,0.501167,-0.021845,0.197048,0.48072,-0.037526,0.213249,0.438846,-0.053139,0.192038,0.399245,-0.065641,0.201287,0.355221,-0.01855,0.215869,0.319522,-0.042121,0.206925,0.368433,-0.053243,0.194203,0.39545,-0.056563,0.16845,0.331911,-0.018505,0.183528,0.286287,-0.041735,0.17949,0.361611,-0.044905,0.171877,0.392347,-0.041042,0.13616,0.320525,-0.022157,0.146129,0.253543,-0.041983,0.151293,0.314019,-0.036977,0.146814,0.351419,-0.027993,0.101032,0.32062,-0.027708,0.102156,0.26141,-0.038613,0.111961,0.288369,-0.033871,0.116028,0.318745,-0.026437
no_signal,0.122128,0.545105,-0.0,0.160131,0.542628,-0.021248,0.199839,0.513704,-0.034645,0.211325,0.463636,-0.047971,0.193172,0.412901,-0.05908,0.198031,0.394215,-0.015872,0.219179,0.338439,-0.041984,0.216333,0.362027,-0.057179,0.204824,0.400815,-0.061331,0.168613,0.366448,-0.01595,0.184545,0.285022,-0.04119,0.18662,0.324832,-0.050579,0.182178,0.380708,-0.04864,0.139488,0.356248,-0.019871,0.145234,0.272313,-0.038695,0.153316,0.296039,-0.041222,0.155148,0.342239,-0.03595,0.107251,0.360483,-0.02601,0.101746,0.290528,-0.037752,0.111956,0.289613,-0.039569,0.121114,0.316995,-0.035875
no_signal,0.121405,0.613938,0.0,0.160979,0.602055,-0.022341,0.202587,0.558486,-0.03349,0.210029,0.500376,-0.044883,0.190857,0.451139,-0.054368,0.189317,0.426782,-0.012,0.209091,0.355335,-0.03936,0.214076,0.364827,-0.058468,0.208249,0.413665,-0.064208,0.160101,0.403044,-0.011349,0.169081,0.322151,-0.029722,0.17883,0.300433,-0.040021,0.182367,0.326629,-0.041549,0.130747,0.403657,-0.015758,0.130087,0.325154,-0.03225,0.139815,0.299684,-0.037938,0.150469,0.318923,-0.036301,0.098338,0.422671,-0.022796,0.084918,0.359556,-0.03688,0.090915,0.333275,-0.041395,0.103538,0.341211,-0.039386
no_signal,0.11486,0.673169,0.0,0.156056,0.648687,-0.021491,0.19263,0.592655,-0.029716,0.203354,0.531759,-0.037046,0.191539,0.484489,-0.043503,0.169406,0.469594,-0.011769,0.181191,0.393719,-0.027965,0.188907,0.372516,-0.041739,0.197635,0.372669,-0.049601,0.139662,0.45544,-0.010854,0.145313,0.372323,-0.021177,0.153881,0.330646,-0.031725,0.165054,0.312887,-0.039441,0.110975,0.464155,-0.013765,0.104985,0.387487,-0.025006,0.107533,0.350673,-0.0353,0.116586,0.335106,-0.042379,0.081615,0.492195,-0.019055,0.067042,0.439714,-0.030168,0.061589,0.406499,-0.037184,0.062595,0.384369,-0.041569
no_signal,0.131702,0.712591,0.0,0.162811,0.658161,-0.016509,0.185116,0.595968,-0.025969,0.197825,0.540581,-0.035614,0.184474,0.491867,-0.045233,0.146877,0.489901,-0.006906,0.151656,0.417271,-0.019408,0.154375,0.376901,-0.03035,0.156439,0.346838,-0.037884,0.117337,0.489887,-0.009652,0.10913,0.40623,-0.021235,0.111894,0.37286,-0.031148,0.117987,0.349751,-0.037815,0.09209,0.508293,-0.015728,0.069915,0.431594,-0.028714,0.065709,0.385634,-0.037622,0.067804,0.35481,-0.0434,0.071113,0.543448,-0.023679,0.051141,0.481105,-0.034572,0.043748,0.436022,-0.040554,0.043962,0.397961,-0.044823
no_signal,0.138846,0.738346,0.0,0.16369,0.653856,-0.017418,0.171428,0.570934,-0.029398,0.173069,0.520135,-0.041683,0.1691,0.478712,-0.053648,0.107293,0.511251,-0.031061,0.10324,0.417488,-0.049125,0.103951,0.35253,-0.060141,0.102909,0.298457,-0.069177,0.081922,0.543842,-0.039221,0.032102,0.473133,-0.063858,0.010021,0.429594,-0.080568,-0.003314,0.395554,-0.092331,0.07027,0.594557,-0.049032,0.070363,0.544832,-0.08575,0.096584,0.52406,-0.106274,0.117291,0.514401,-0.116639,0.075342,0.650049,-0.059194,0.112146,0.615469,-0.095714,0.15241,0.60298,-0.112853,0.184037,0.59692,-0.122197
no_signal,0.122109,0.749996,0.0,0.121316,0.623085,-0.021922,0.124626,0.516344,-0.044938,0.137285,0.442485,-0.065241,0.146005,0.393458,-0.084565,0.065647,0.590421,-0.068498,0.041915,0.570674,-0.101103,0.023383,0.553124,-0.121562,0.004156,0.538175,-0.135271,0.076882,0.648911,-0.073239,0.107065,0.598698,-0.109963,0.141616,0.548064,-0.123609,0.170575,0.516418,-0.132238,0.098805,0.690641,-0.077469,0.140995,0.635208,-0.111299,0.174264,0.587129,-0.115634,0.19714,0.552799,-0.115386,0.125862,0.717622,-0.083047,0.164131,0.665369,-0.104523,0.1833,0.626248,-0.106115,0.19546,0.592252,-0.105783
no_signal,0.104943,0.720933,0.0,0.080024,0.651141,-0.007967,0.075393,0.568039,-0.022364,0.082429,0.504007,-0.034486,0.092665,0.456662,-0.047087,0.062227,0.59256,-0.048831,0.081481,0.53275,-0.067242,0.093796,0.485109,-0.076867,0.105679,0.445733,-0.08352,0.081678,0.625625,-0.054433,0.119349,0.555038,-0.073434,0.141046,0.504575,-0.078452,0.157065,0.469327,-0.083299,0.105219,0.651142,-0.058272,0.143081,0.572135,-0.075377,0.157445,0.52126,-0.076836,0.166148,0.485677,-0.077938,0.129674,0.66905,-0.061944,0.158809,0.59547,-0.072509,0.167578,0.555172,-0.072363,0.171667,0.524785,-0.072582
no_signal,0.112144,0.718304,0.0,0.078402,0.649163,-0.011594,0.069032,0.561052,-0.021602,0.084843,0.502105,-0.028421,0.101739,0.470538,-0.036062,0.086705,0.56361,-0.041649,0.093369,0.519699,-0.055065,0.088582,0.49763,-0.061739,0.080282,0.472938,-0.067176,0.110057,0.577877,-0.04544,0.144023,0.516893,-0.063456,0.161485,0.457652,-0.073092,0.174881,0.408484,-0.079469,0.127713,0.603615,-0.047688,0.148273,0.552884,-0.06888,0.149538,0.511957,-0.081891,0.151584,0.476009,-0.089271,0.13899,0.633741,-0.049098,0.139792,0.627886,-0.067252,0.126159,0.646694,-0.074428,0.119835,0.659164,-0.07843
no_signal,0.094204,0.691078,0.0,0.063504,0.622134,-0.016753,0.048632,0.542102,-0.030054,0.038452,0.480484,-0.039277,0.018094,0.440915,-0.048188,0.07415,0.603753,-0.042636,0.09082,0.586546,-0.061697,0.085707,0.562124,-0.072632,0.07878,0.550212,-0.077815,0.106947,0.636026,-0.042348,0.135896,0.555066,-0.057502,0.12591,0.516628,-0.061648,0.112976,0.513575,-0.06438,0.13226,0.653143,-0.041572,0.156249,0.565863,-0.055659,0.14227,0.529463,-0.053863,0.129887,0.519791,-0.050511,0.148696,0.659723,-0.041055,0.166022,0.583625,-0.048456,0.155006,0.551559,-0.043769,0.145798,0.543113,-0.039484
no_signal,0.092428,0.691893,0.0,0.068261,0.614098,-0.021113,0.056592,0.531734,-0.039238,0.039334,0.470804,-0.0522,0.017984,0.431199,-0.064831,0.094644,0.562551,-0.051181,0.14381,0.513012,-0.071395,0.174962,0.48704,-0.081474,0.203709,0.474763,-0.086501,0.133511,0.600146,-0.046705,0.160053,0.495217,-0.071387,0.142328,0.480148,-0.076347,0.125976,0.497773,-0.074265,0.161452,0.619627,-0.040322,0.173128,0.51974,-0.056598,0.153372,0.515121,-0.046935,0.137903,0.534376,-0.035076,0.179909,0.622732,-0.034806,0.180438,0.54141,-0.038778,0.162477,0.543332,-0.025509,0.151644,0.562517,-0.013179
no_signal,0.086701,0.680138,0.0,0.069362,0.596874,-0.012054,0.063608,0.518678,-0.031447,0.05015,0.453508,-0.046505,0.02734,0.411273,-0.062168,0.109219,0.539842,-0.059484,0.161551,0.466859,-0.077798,0.192281,0.424221,-0.083451,0.219879,0.39449,-0.085248,0.14292,0.586749,-0.056089,0.178274,0.471829,-0.076295,0.15527,0.465756,-0.070254,0.136619,0.491461,-0.060839,0.16611,0.620618,-0.049113,0.186605,0.508071,-0.061256,0.164924,0.50645,-0.045897,0.150301,0.530406,-0.031263,0.182684,0.63989,-0.041578,0.191294,0.550361,-0.042699,0.172234,0.550849,-0.026839,0.161616,0.572017,-0.013366
no_signal,0.066198,0.682354,0.0,0.059765,0.592231,-0.004178,0.069405,0.504466,-0.018526,0.068227,0.433642,-0.029954,0.052746,0.381095,-0.042403,0.103989,0.524982,-0.052179,0.166241,0.45639,-0.072995,0.201542,0.417529,-0.082723,0.230383,0.393756,-0.087311,0.129849,0.581978,-0.052721,0.190136,0.501604,-0.071495,0.16992,0.497895,-0.064212,0.144618,0.517885,-0.054356,0.149256,0.630619,-0.050002,0.195884,0.552102,-0.059132,0.176988,0.548012,-0.042338,0.156097,0.567363,-0.028031,0.164232,0.668183,-0.046564,0.192583,0.603491,-0.047179,0.174783,0.602516,-0.031661,0.159112,0.620165,-0.018895
no_signal,0.059663,0.659223,0.0,0.066012,0.577166,-0.006466,0.090487,0.479198,-0.021148,0.098809,0.406265,-0.033288,0.090328,0.347348,-0.045542,0.091773,0.498871,-0.055295,0.162761,0.453535,-0.076344,0.20215,0.43655,-0.084072,0.233606,0.43013,-0.087586,0.101379,0.562406,-0.060918,0.186843,0.514168,-0.089288,0.169832,0.516289,-0.086021,0.14158,0.526515,-0.077424,0.114436,0.622133,-0.063552,0.188134,0.569482,-0.081624,0.169217,0.570649,-0.06393,0.145642,0.583206,-0.046896,0.128145,0.674742,-0.065979,0.185454,0.62032,-0.071867,0.170436,0.62009,-0.055871,0.150272,0.635102,-0.042157
no_signal,0.07878,0.657309,0.0,0.086691,0.574719,-0.0083,0.107186,0.475014,-0.024717,0.118054,0.398381,-0.039411,0.113282,0.332306,-0.053083,0.092651,0.484596,-0.054447,0.161011,0.433579,-0.078695,0.19951,0.420464,-0.089267,0.228256,0.416882,-0.094601,0.099805,0.548142,-0.060323,0.178921,0.486654,-0.090279,0.168726,0.505522,-0.089028,0.144976,0.524566,-0.083262,0.114525,0.609279,-0.064049,0.18712,0.540736,-0.083885,0.175471,0.556376,-0.066809,0.153888,0.574795,-0.050685,0.13222,0.661375,-0.068142,0.194075,0.604148,-0.076979,0.191132,0.598028,-0.064936,0.177311,0.599547,-0.054075
no_signal,0.092275,0.678335,0.0,0.079949,0.59344,-0.011635,0.083999,0.496649,-0.027312,0.091555,0.419845,-0.038517,0.090848,0.357323,-0.047078,0.085969,0.510345,-0.067103,0.138569,0.424172,-0.084445,0.17397,0.396421,-0.083764,0.198006,0.388801,-0.081133,0.109708,0.56225,-0.068237,0.166682,0.469021,-0.092793,0.167951,0.471837,-0.085492,0.15401,0.500824,-0.075782,0.136432,0.610783,-0.066523,0.185373,0.526332,-0.082235,0.182118,0.519455,-0.068177,0.164765,0.534217,-0.055225,0.163227,0.65355,-0.065151,0.214884,0.602199,-0.07748,0.21903,0.567724,-0.07459,0.207788,0.547406,-0.06957
no_signal,0.098765,0.719173,0.0,0.070308,0.637526,-0.014235,0.058308,0.54082,-0.029689,0.057093,0.456977,-0.040584,0.053942,0.393043,-0.048338,0.072644,0.544183,-0.057528,0.117412,0.4449,-0.075052,0.138989,0.421761,-0.074887,0.150839,0.4194,-0.071923,0.107346,0.583287,-0.057948,0.14768,0.473451,-0.081057,0.150302,0.459264,-0.079854,0.144409,0.476201,-0.074874,0.141186,0.621248,-0.056533,0.17661,0.538159,-0.073011,0.171462,0.520028,-0.066577,0.159373,0.524547,-0.058666,0.17193,0.652952,-0.055385,0.21283,0.590108,-0.067271,0.234058,0.54052,-0.068786,0.248525,0.499096,-0.067751
no_signal,0.106924,0.757044,0.0,0.071571,0.678311,-0.011893,0.053423,0.576468,-0.024016,0.04891,0.488179,-0.032863,0.042358,0.421957,-0.041328,0.065211,0.610118,-0.05071,0.093068,0.518349,-0.070062,0.112234,0.463854,-0.076314,0.126464,0.421024,-0.079131,0.099791,0.635254,-0.053729,0.120921,0.528795,-0.07515,0.131992,0.462354,-0.081502,0.138158,0.413095,-0.086012,0.134614,0.650814,-0.05547,0.163614,0.549591,-0.075708,0.177139,0.483773,-0.081157,0.18388,0.434319,-0.083383,0.166266,0.657719,-0.056653,0.196981,0.571511,-0.071587,0.213193,0.520489,-0.076393,0.224665,0.476568,-0.079232
no_signal,0.11654,0.774923,0.0,0.077706,0.7054,-0.012442,0.055133,0.604367,-0.023683,0.04954,0.512309,-0.031008,0.039793,0.443547,-0.037883,0.056974,0.63921,-0.047761,0.070544,0.547577,-0.066934,0.082984,0.488311,-0.074473,0.092882,0.441337,-0.07853,0.093693,0.651584,-0.050053,0.101548,0.541314,-0.070866,0.107178,0.47146,-0.079341,0.110748,0.419192,-0.085466,0.13208,0.654869,-0.051077,0.147259,0.536687,-0.072567,0.155072,0.462834,-0.080694,0.157962,0.411982,-0.084447,0.167138,0.651148,-0.051229,0.171356,0.551872,-0.06746,0.172289,0.502686,-0.072469,0.172476,0.465271,-0.074976
no_signal,0.118214,0.76972,0.0,0.075381,0.710766,-0.007364,0.048567,0.609988,-0.015644,0.03988,0.517016,-0.019749,0.030893,0.45262,-0.023138,0.049388,0.635775,-0.041216,0.061976,0.543258,-0.055925,0.068527,0.518303,-0.060624,0.070508,0.510125,-0.061266,0.092061,0.64681,-0.042521,0.095573,0.530204,-0.05569,0.096599,0.456991,-0.061773,0.095454,0.406749,-0.067209,0.131558,0.645183,-0.041863,0.136908,0.522083,-0.056054,0.135888,0.449033,-0.063178,0.131252,0.403717,-0.06743,0.163361,0.630707,-0.03958,0.149339,0.537001,-0.048037,0.136869,0.506262,-0.048808,0.127299,0.487076,-0.049379
no_signal,0.12447,0.74884,0.0,0.079018,0.69995,-0.007302,0.049531,0.598535,-0.013768,0.036573,0.507106,-0.015266,0.019787,0.446788,-0.015249,0.047088,0.615486,-0.041022,0.057709,0.497688,-0.050974,0.070772,0.511533,-0.05157,0.075613,0.543138,-0.048852,0.091799,0.621144,-0.038527,0.093389,0.497859,-0.045368,0.096022,0.444821,-0.049207,0.092828,0.41498,-0.053423,0.129992,0.618384,-0.033601,0.123524,0.495956,-0.040722,0.111244,0.430127,-0.048782,0.098928,0.386838,-0.056016,0.157086,0.600526,-0.026601,0.130341,0.528126,-0.028028,0.109548,0.529065,-0.02739,0.09724,0.532471,-0.028947
no_signal,0.135208,0.725039,0.0,0.087158,0.674739,-0.010448,0.054764,0.579772,-0.018298,0.036306,0.494113,-0.021423,0.015139,0.441719,-0.022473,0.061201,0.600799,-0.039984,0.065872,0.494663,-0.050572,0.07298,0.466655,-0.051627,0.078729,0.458881,-0.049652,0.104763,0.599238,-0.036897,0.108882,0.482212,-0.045727,0.11034,0.412586,-0.047823,0.110316,0.36861,-0.049739,0.142212,0.592538,-0.03147,0.132036,0.482274,-0.038906,0.120466,0.443239,-0.037716,0.111687,0.431863,-0.035973,0.170061,0.577999,-0.025313,0.147369,0.504096,-0.0259,0.133216,0.488781,-0.019855,0.126542,0.484659,-0.015041
no_signal,0.144572,0.717539,0.0,0.098132,0.665653,-0.012647,0.067497,0.568548,-0.021856,0.050244,0.47925,-0.025104,0.024494,0.425202,-0.027006,0.078787,0.592481,-0.044918,0.07528,0.496417,-0.055048,0.079898,0.442415,-0.056422,0.085592,0.400749,-0.055898,0.122222,0.588158,-0.040937,0.127783,0.465366,-0.04829,0.132437,0.391026,-0.048765,0.136424,0.33944,-0.050326,0.156776,0.579185,-0.034623,0.147509,0.465064,-0.041617,0.136494,0.42234,-0.040519,0.129207,0.404556,-0.039781,0.180835,0.564335,-0.027843,0.155179,0.491482,-0.030332,0.137495,0.481775,-0.026371,0.127677,0.480867,-0.023595
no_signal,0.143336,0.703451,0.0,0.096166,0.650066,-0.016005,0.068985,0.55206,-0.02847,0.056327,0.464722,-0.035401,0.033545,0.414426,-0.041232,0.08461,0.586332,-0.049579,0.08283,0.516504,-0.067641,0.085015,0.476075,-0.076562,0.088758,0.442708,-0.080206,0.12679,0.580302,-0.046316,0.132539,0.448391,-0.060489,0.137343,0.363244,-0.065802,0.142175,0.30077,-0.069668,0.160275,0.569509,-0.040947,0.148486,0.444743,-0.053654,0.130424,0.414997,-0.052237,0.118476,0.410572,-0.048909,0.181773,0.553738,-0.035423,0.154068,0.463858,-0.040431,0.135576,0.454261,-0.034364,0.126682,0.459615,-0.028776
no_signal,0.137905,0.708731,0.0,0.0933,0.645193,-0.011824,0.068058,0.555077,-0.021705,0.055389,0.474424,-0.027285,0.039455,0.42095,-0.03166,0.084276,0.579044,-0.039084,0.094393,0.5032,-0.054052,0.102369,0.461933,-0.061003,0.11311,0.428628,-0.063773,0.126867,0.586153,-0.038508,0.13945,0.449985,-0.052384,0.144536,0.367931,-0.057563,0.150589,0.309338,-0.060529,0.164325,0.588345,-0.035999,0.16975,0.459254,-0.050532,0.157451,0.420903,-0.05048,0.147182,0.411036,-0.046862,0.193612,0.585313,-0.032827,0.183584,0.485643,-0.039594,0.168895,0.473025,-0.033252,0.159788,0.481088,-0.026537
no_signal,0.142762,0.713316,0.0,0.120956,0.640549,-0.000411,0.121514,0.553933,-0.013765,0.141035,0.48838,-0.0261,0.157615,0.444856,-0.038144,0.106498,0.549001,-0.048016,0.110824,0.462288,-0.069442,0.12672,0.4092,-0.079989,0.142384,0.372092,-0.084578,0.130096,0.588338,-0.057259,0.174507,0.460802,-0.078663,0.198601,0.403305,-0.081006,0.21376,0.371718,-0.079986,0.161314,0.621497,-0.063662,0.209199,0.498549,-0.077132,0.217689,0.454882,-0.068874,0.214594,0.43871,-0.060695,0.193021,0.646718,-0.069498,0.225655,0.546197,-0.07165,0.224308,0.517809,-0.059156,0.215836,0.508534,-0.04864
no_signal,0.172427,0.700063,1e-06,0.190348,0.6043,-0.004246,0.200741,0.510512,-0.015311,0.212769,0.439485,-0.027615,0.223492,0.379353,-0.040193,0.143311,0.486078,-0.03462,0.163847,0.422485,-0.062044,0.191699,0.383023,-0.079717,0.218683,0.354942,-0.090309,0.138566,0.529023,-0.045764,0.198493,0.471745,-0.076686,0.245582,0.448935,-0.089572,0.281337,0.442913,-0.095687,0.14849,0.580002,-0.056645,0.217331,0.53305,-0.085926,0.258871,0.525892,-0.090515,0.287967,0.529064,-0.088749,0.16573,0.63037,-0.067499,0.222953,0.597874,-0.088724,0.255694,0.58692,-0.091599,0.281106,0.58255,-0.089632
no_signal,0.21917,0.703174,0.0,0.261418,0.645411,-0.01296,0.286187,0.570147,-0.026674,0.297592,0.513859,-0.041895,0.305751,0.461541,-0.058614,0.243825,0.478856,-0.02916,0.253397,0.395428,-0.058444,0.27654,0.366966,-0.080288,0.30104,0.352317,-0.093962,0.222983,0.496286,-0.037407,0.23797,0.410312,-0.066547,0.273056,0.392117,-0.08597,0.302194,0.389793,-0.097555,0.204797,0.530889,-0.047015,0.212468,0.455586,-0.072875,0.248114,0.444031,-0.083141,0.278272,0.445698,-0.087827,0.190302,0.579449,-0.057551,0.201508,0.530111,-0.07909,0.228846,0.521923,-0.085133,0.252912,0.524143,-0.087289
no_signal,0.266845,0.714404,0.0,0.313009,0.668066,-0.009753,0.343851,0.592994,-0.017055,0.362594,0.540194,-0.025858,0.385297,0.500234,-0.035038,0.314468,0.485492,-0.007797,0.328258,0.414184,-0.025209,0.346376,0.378386,-0.039598,0.364236,0.350118,-0.049305,0.292832,0.48654,-0.014235,0.30117,0.406955,-0.030597,0.32525,0.374457,-0.041858,0.348889,0.352101,-0.048906,0.270761,0.505392,-0.023133,0.27052,0.420788,-0.041226,0.295362,0.390337,-0.048515,0.32109,0.370369,-0.051776,0.249915,0.540165,-0.033162,0.248902,0.478575,-0.049703,0.267524,0.452849,-0.054547,0.289099,0.436404,-0.056234
no_signal,0.311523,0.704167,0.0,0.359767,0.665358,-0.006614,0.395166,0.600803,-0.011166,0.419298,0.553008,-0.017856,0.442759,0.518637,-0.024988,0.370251,0.500881,-0.000994,0.392678,0.432601,-0.016083,0.412833,0.400384,-0.028569,0.433547,0.377567,-0.036615,0.3509,0.490516,-0.007712,0.369534,0.412136,-0.019166,0.390972,0.372549,-0.027816,0.412124,0.341897,-0.033612,0.330483,0.499485,-0.017134,0.336868,0.419098,-0.028495,0.352715,0.37796,-0.033855,0.371765,0.344591,-0.037439,0.309758,0.524526,-0.027911,0.307939,0.467724,-0.037743,0.318997,0.434124,-0.04018,0.334634,0.404822,-0.041397
no_signal,0.359973,0.681577,0.0,0.406914,0.644846,-0.0008,0.439664,0.591575,-0.004581,0.466262,0.555167,-0.01206,0.492395,0.530889,-0.020252,0.417839,0.490474,0.001823,0.438608,0.426871,-0.012193,0.457672,0.395177,-0.023862,0.47725,0.368101,-0.03179,0.400025,0.480794,-0.008968,0.411676,0.398643,-0.020347,0.42854,0.35104,-0.030331,0.444678,0.308444,-0.037451,0.381828,0.489794,-0.021664,0.374427,0.414118,-0.032684,0.380892,0.365882,-0.03962,0.391467,0.323114,-0.044618,0.364892,0.514082,-0.03527,0.352832,0.455785,-0.044142,0.356056,0.420402,-0.04676,0.364558,0.38832,-0.048705
no_signal,0.396908,0.659747,0.0,0.441928,0.628957,0.000198,0.471575,0.579465,-0.002395,0.495187,0.547164,-0.008643,0.519247,0.523873,-0.015521,0.448721,0.478469,0.005073,0.463524,0.412286,-0.006131,0.478763,0.377659,-0.015258,0.494229,0.348905,-0.021921,0.434621,0.47066,-0.005425,0.437749,0.38537,-0.01534,0.44611,0.333418,-0.024847,0.453528,0.287617,-0.032079,0.421532,0.479561,-0.017854,0.410647,0.401415,-0.028838,0.408963,0.348844,-0.037283,0.40995,0.299587,-0.043657,0.411284,0.503124,-0.030855,0.400987,0.448053,-0.040078,0.400011,0.41285,-0.044634,0.401836,0.376748,-0.048521
no_signal,0.423935,0.635432,0.0,0.467925,0.598798,0.011745,0.493434,0.545572,0.01669,0.516307,0.514175,0.015908,0.537564,0.492013,0.014076,0.469823,0.456608,0.023006,0.484185,0.393426,0.022699,0.494048,0.357119,0.019455,0.503376,0.327505,0.015413,0.456936,0.450252,0.008514,0.452059,0.370077,0.006691,0.456075,0.317183,-0.000944,0.459435,0.277779,-0.008219,0.446146,0.460987,-0.007208,0.44132,0.377144,-0.012981,0.444512,0.323912,-0.023214,0.447516,0.279351,-0.032099,0.442036,0.483736,-0.022219,0.449807,0.425307,-0.029048,0.45874,0.394225,-0.035012,0.46624,0.366715,-0.040689
no_signal,0.437306,0.599909,0.0,0.48374,0.563396,0.004914,0.503765,0.512344,0.00511,0.523814,0.477046,0.002306,0.543417,0.449566,-0.000465,0.4639,0.428037,0.004838,0.478824,0.359008,0.004406,0.486607,0.317156,0.002918,0.489741,0.281367,0.000302,0.456791,0.427278,-0.005055,0.460154,0.340916,-0.010424,0.460772,0.28765,-0.017322,0.462269,0.244519,-0.022569,0.457629,0.447401,-0.014727,0.496594,0.3822,-0.027414,0.521734,0.342053,-0.041612,0.541116,0.30961,-0.051438,0.467222,0.481154,-0.022996,0.515507,0.471483,-0.036821,0.542897,0.473844,-0.044386,0.563591,0.475478,-0.049298
no_signal,0.443353,0.583817,0.0,0.47802,0.538713,-0.002938,0.502801,0.491836,-0.008539,0.528022,0.467387,-0.01597,0.551848,0.448708,-0.022443,0.462675,0.421486,-0.008556,0.47734,0.349867,-0.017381,0.484432,0.304261,-0.023715,0.488699,0.26475,-0.028765,0.458941,0.423634,-0.016689,0.471154,0.343241,-0.027287,0.477842,0.28633,-0.03694,0.484425,0.237901,-0.043627,0.465494,0.443574,-0.024907,0.514853,0.401007,-0.039692,0.546866,0.385966,-0.052042,0.572852,0.373656,-0.059928,0.479149,0.475396,-0.033084,0.524791,0.487997,-0.046077,0.544954,0.506273,-0.052474,0.562152,0.518843,-0.05631
no_signal,0.446723,0.573392,0.0,0.451737,0.512079,-0.001047,0.46881,0.458291,-0.007049,0.493158,0.43671,-0.014325,0.516826,0.431094,-0.021439,0.457669,0.424136,-0.01777,0.470531,0.341897,-0.030748,0.47949,0.295291,-0.035776,0.486455,0.258711,-0.037874,0.466301,0.430003,-0.025886,0.490335,0.351687,-0.040109,0.504209,0.303312,-0.047221,0.515046,0.26408,-0.049601,0.479636,0.451899,-0.033491,0.531129,0.429565,-0.050178,0.557078,0.433205,-0.059032,0.575329,0.433242,-0.061432,0.494005,0.484985,-0.040446,0.526413,0.503808,-0.05081,0.534735,0.521319,-0.053635,0.542337,0.531578,-0.053526
no_signal,0.446498,0.578512,0.0,0.460354,0.510948,0.001324,0.489152,0.458717,-0.006075,0.524546,0.437591,-0.015322,0.549107,0.427394,-0.023764,0.466382,0.427871,-0.01867,0.482947,0.356291,-0.03166,0.494892,0.314473,-0.037528,0.504274,0.279074,-0.041021,0.477067,0.444215,-0.028661,0.519892,0.385278,-0.042883,0.5471,0.349338,-0.04904,0.566262,0.321002,-0.052437,0.489482,0.472744,-0.037584,0.536116,0.46163,-0.050744,0.535765,0.484664,-0.048483,0.52773,0.500414,-0.043919,0.503235,0.506471,-0.046562,0.533355,0.497222,-0.051972,0.528292,0.510722,-0.046364,0.51957,0.521071,-0.041046
no_signal,0.441567,0.581571,0.0,0.444441,0.508946,0.001509,0.465999,0.46425,-0.004749,0.49475,0.458428,-0.011885,0.515814,0.469464,-0.019574,0.467442,0.43675,-0.020363,0.500259,0.378541,-0.031637,0.520187,0.344575,-0.037787,0.536767,0.319607,-0.041235,0.487674,0.463701,-0.027207,0.533907,0.408689,-0.036241,0.560678,0.375245,-0.041079,0.581435,0.351419,-0.044197,0.503637,0.498429,-0.031973,0.535669,0.467548,-0.037395,0.521688,0.479351,-0.032527,0.507717,0.492368,-0.027621,0.514224,0.532046,-0.036743,0.523749,0.512044,-0.037232,0.511415,0.517744,-0.0293,0.502763,0.525858,-0.022277
no_signal,0.44167,0.57703,0.0,0.441142,0.498567,0.000572,0.463599,0.448893,-0.003831,0.493319,0.435268,-0.00748,0.514203,0.442096,-0.011491,0.47491,0.435378,-0.021582,0.52109,0.395419,-0.029844,0.549381,0.375693,-0.033701,0.570285,0.361615,-0.035325,0.496802,0.471941,-0.022559,0.532462,0.420717,-0.024358,0.540338,0.403865,-0.020351,0.541067,0.396354,-0.017852,0.513305,0.508195,-0.021659,0.529079,0.460916,-0.02008,0.519459,0.46127,-0.011691,0.507496,0.473827,-0.005982,0.523135,0.539535,-0.020747,0.526344,0.500002,-0.016452,0.515562,0.501082,-0.00775,0.50726,0.512533,-0.000883
no_signal,0.431466,0.582357,0.0,0.437749,0.510226,0.000995,0.465027,0.45399,-0.004673,0.498572,0.421728,-0.010715,0.524297,0.404909,-0.015808,0.463715,0.427427,-0.020187,0.508714,0.379008,-0.032289,0.537131,0.355383,-0.037891,0.557737,0.33822,-0.039699,0.476358,0.463989,-0.025835,0.526045,0.41645,-0.034856,0.551479,0.399288,-0.035936,0.566083,0.385851,-0.035756,0.490786,0.507552,-0.030104,0.540776,0.466404,-0.03666,0.548902,0.473888,-0.029682,0.544369,0.483804,-0.022522,0.504289,0.549619,-0.03434,0.546511,0.509245,-0.036229,0.563057,0.493762,-0.029695,0.57101,0.48191,-0.022985
no_signal,0.434446,0.611538,0.0,0.479971,0.581965,-0.000801,0.503374,0.524374,-0.004525,0.523905,0.488288,-0.010117,0.543569,0.466824,-0.014892,0.463158,0.436377,-0.007869,0.50045,0.380139,-0.020163,0.52582,0.352579,-0.028434,0.545485,0.3315,-0.034003,0.460089,0.444681,-0.016376,0.508368,0.387051,-0.028889,0.537622,0.356889,-0.036404,0.561086,0.331982,-0.041242,0.464601,0.470816,-0.025694,0.515833,0.429716,-0.037765,0.547724,0.418322,-0.0432,0.572275,0.410032,-0.046158,0.474459,0.507479,-0.035349,0.509771,0.480255,-0.044217,0.532249,0.467032,-0.047266,0.55134,0.456494,-0.049186
no_signal,0.434939,0.658067,0.0,0.485019,0.627474,0.002853,0.511093,0.567309,0.000117,0.529537,0.532353,-0.005713,0.551987,0.509235,-0.012455,0.487321,0.48989,-0.002064,0.519418,0.443525,-0.017288,0.546078,0.415044,-0.029666,0.569234,0.394127,-0.038873,0.47904,0.490306,-0.014583,0.518822,0.435501,-0.029287,0.549603,0.411284,-0.040055,0.574821,0.390479,-0.047549,0.47262,0.507393,-0.028223,0.50719,0.447509,-0.04424,0.536153,0.420309,-0.053157,0.560428,0.396896,-0.058952,0.469527,0.53752,-0.041638,0.489401,0.498258,-0.056312,0.507098,0.471601,-0.063009,0.52414,0.448896,-0.067538
no_signal,0.402589,0.696997,0.0,0.452366,0.673956,0.00528,0.488209,0.629672,0.001996,0.513571,0.5997,-0.005327,0.533645,0.586073,-0.012872,0.478426,0.535308,-0.008751,0.531546,0.530454,-0.024619,0.558132,0.562198,-0.034359,0.571626,0.590252,-0.039694,0.469254,0.549151,-0.019755,0.527622,0.562784,-0.03333,0.557187,0.594962,-0.037941,0.572927,0.622156,-0.041072,0.462476,0.580587,-0.030874,0.517328,0.608038,-0.044872,0.540605,0.648297,-0.045864,0.551189,0.681138,-0.044874,0.459422,0.621237,-0.041739,0.502578,0.641585,-0.049708,0.521349,0.666914,-0.048518,0.532069,0.690807,-0.046471
no_signal,0.37089,0.710483,-0.0,0.413781,0.663751,0.000423,0.464014,0.623743,-0.005944,0.503635,0.599242,-0.014197,0.531904,0.576265,-0.020665,0.459552,0.574368,-0.017061,0.514251,0.616911,-0.032924,0.502053,0.652647,-0.039956,0.485333,0.653637,-0.044347,0.448666,0.607702,-0.026676,0.504985,0.663856,-0.037588,0.489127,0.687069,-0.037295,0.472118,0.677321,-0.039505,0.440176,0.652243,-0.036524,0.492881,0.700681,-0.045406,0.478545,0.717868,-0.03857,0.463937,0.706743,-0.035793,0.433865,0.69945,-0.046671,0.481316,0.733965,-0.049472,0.478792,0.748043,-0.042899,0.472155,0.743552,-0.039512
no_signal,0.36173,0.680655,-0.0,0.400373,0.636412,0.00197,0.445744,0.590181,-0.002632,0.481076,0.562573,-0.009372,0.506591,0.535575,-0.013773,0.440667,0.545609,-0.010962,0.49327,0.586049,-0.024128,0.481976,0.612698,-0.02941,0.463723,0.610897,-0.031533,0.431982,0.57837,-0.019475,0.487894,0.623006,-0.027539,0.47713,0.643804,-0.02652,0.459768,0.63527,-0.027266,0.425123,0.621725,-0.028277,0.48045,0.657918,-0.034209,0.471908,0.676905,-0.026717,0.455727,0.669965,-0.022602,0.421348,0.66862,-0.037215,0.472059,0.684702,-0.038247,0.475246,0.69778,-0.031019,0.468764,0.696276,-0.026511
no_signal,0.372725,0.655137,0.0,0.432297,0.630577,0.004371,0.462136,0.56668,0.00271,0.482059,0.518888,-0.003295,0.497598,0.476994,-0.007246,0.428599,0.480303,0.005814,0.475454,0.504891,-0.011317,0.476542,0.549469,-0.02186,0.468323,0.576115,-0.026846,0.415814,0.487981,-0.004318,0.471056,0.519568,-0.021692,0.470267,0.564403,-0.027552,0.459767,0.589847,-0.029191,0.408175,0.511871,-0.016421,0.462364,0.541506,-0.03172,0.465411,0.583788,-0.031438,0.456299,0.608903,-0.028312,0.405322,0.54551,-0.028811,0.443817,0.549541,-0.039876,0.457571,0.576019,-0.041952,0.461345,0.600066,-0.041648
no_signal,0.3956,0.637206,-0.0,0.432331,0.597986,-0.00311,0.453943,0.530885,-0.00576,0.469344,0.481862,-0.010697,0.484071,0.439561,-0.014142,0.431923,0.462137,0.001113,0.463073,0.444054,-0.01406,0.465332,0.494197,-0.021679,0.458438,0.52195,-0.023323,0.415005,0.461907,-0.003786,0.451389,0.445695,-0.019541,0.455352,0.503693,-0.023424,0.447825,0.532846,-0.021944,0.399355,0.472876,-0.010828,0.434074,0.456493,-0.026578,0.444177,0.50892,-0.024703,0.442033,0.541039,-0.01845,0.383725,0.49264,-0.018004,0.404325,0.454161,-0.028165,0.423641,0.46834,-0.026454,0.434832,0.484535,-0.021961
no_signal,0.380918,0.636636,-0.0,0.415353,0.593324,-0.003834,0.434437,0.521538,-0.00651,0.44703,0.46982,-0.011884,0.458436,0.426158,-0.015471,0.412137,0.453786,0.004533,0.439629,0.431105,-0.011913,0.444976,0.480417,-0.021097,0.439679,0.513979,-0.02364,0.395522,0.457112,-0.000398,0.427815,0.436797,-0.017452,0.434115,0.493685,-0.022502,0.428304,0.526548,-0.021435,0.379407,0.470583,-0.008009,0.411852,0.449603,-0.025391,0.421981,0.499431,-0.023798,0.420048,0.532789,-0.017061,0.362709,0.494304,-0.016024,0.381231,0.454896,-0.027182,0.400157,0.461762,-0.025606,0.412503,0.471278,-0.020664
no_signal,0.334131,0.62815,-0.0,0.384608,0.570754,0.002719,0.408676,0.502912,-0.000482,0.426916,0.454724,-0.005942,0.440299,0.408527,-0.010512,0.367018,0.423776,-0.002751,0.421209,0.428874,-0.018459,0.442632,0.474367,-0.028052,0.453406,0.504845,-0.033198,0.354327,0.439076,-0.01162,0.417885,0.448281,-0.028711,0.43962,0.495485,-0.034599,0.45192,0.527747,-0.036311,0.346753,0.472427,-0.021511,0.406139,0.474053,-0.038205,0.433444,0.505718,-0.040991,0.450023,0.529906,-0.039905,0.344886,0.51701,-0.031011,0.376291,0.503899,-0.04455,0.396319,0.499617,-0.04921,0.414319,0.495044,-0.050232
no_signal,0.305977,0.59292,0.0,0.359992,0.542626,0.005567,0.393944,0.479787,0.003536,0.419865,0.434194,-0.000642,0.440465,0.395841,-0.005187,0.367075,0.408376,-0.004574,0.419719,0.419225,-0.015284,0.445589,0.449995,-0.023106,0.462795,0.477122,-0.028367,0.355779,0.429749,-0.014429,0.415137,0.440078,-0.025523,0.444485,0.468882,-0.031113,0.46337,0.49574,-0.035002,0.347586,0.465768,-0.02422,0.402828,0.467116,-0.035322,0.434011,0.485989,-0.038097,0.454778,0.505198,-0.039283,0.343524,0.508285,-0.033382,0.3744,0.50149,-0.041431,0.38901,0.497477,-0.043728,0.401452,0.493253,-0.044956
no_signal,0.307303,0.566139,0.0,0.361117,0.540454,0.003731,0.389303,0.498833,-0.002787,0.409216,0.475297,-0.011958,0.428923,0.461004,-0.022418,0.368422,0.396281,-0.012339,0.412454,0.388099,-0.030245,0.442356,0.385931,-0.044952,0.466487,0.391152,-0.055844,0.356865,0.407378,-0.025694,0.410319,0.399262,-0.046305,0.443585,0.421701,-0.059839,0.467866,0.445519,-0.068212,0.34732,0.439915,-0.038696,0.392576,0.423627,-0.058535,0.422241,0.430988,-0.068687,0.445192,0.436934,-0.074819,0.341201,0.485113,-0.050868,0.369788,0.483041,-0.067069,0.388596,0.48773,-0.072802,0.404559,0.490564,-0.076241
no_signal,0.307809,0.566533,0.0,0.354401,0.534651,0.001119,0.388155,0.489213,-0.005703,0.412909,0.460369,-0.014924,0.435957,0.447562,-0.024659,0.369874,0.404858,-0.019875,0.412986,0.398515,-0.041153,0.443476,0.408376,-0.055185,0.467386,0.425543,-0.064139,0.35639,0.41433,-0.032332,0.407233,0.395675,-0.053955,0.442471,0.406818,-0.065694,0.469251,0.428097,-0.072601,0.345918,0.447102,-0.044498,0.394176,0.44219,-0.068245,0.425999,0.462895,-0.078162,0.449303,0.485461,-0.08268,0.340275,0.494255,-0.055957,0.384079,0.528005,-0.075785,0.4114,0.553798,-0.082828,0.433108,0.576886,-0.085832
no_signal,0.309225,0.577118,0.0,0.357712,0.535992,-0.002022,0.402842,0.489075,-0.009793,0.436154,0.457994,-0.019125,0.460709,0.423182,-0.028349,0.375915,0.419921,-0.024566,0.420879,0.415537,-0.046484,0.446947,0.449534,-0.059463,0.462881,0.481936,-0.066368,0.35877,0.44292,-0.034779,0.412065,0.450222,-0.055673,0.445173,0.481103,-0.064516,0.46703,0.514474,-0.069726,0.346264,0.484212,-0.045152,0.400573,0.52431,-0.065864,0.431345,0.560393,-0.070264,0.451531,0.589185,-0.07066,0.340113,0.534701,-0.055401,0.385959,0.567999,-0.069033,0.410292,0.592661,-0.070374,0.427898,0.613863,-0.069677
no_signal,0.307125,0.579701,0.0,0.350184,0.532632,-0.001044,0.392141,0.480602,-0.009411,0.425877,0.445889,-0.018996,0.45282,0.410936,-0.028648,0.370341,0.421308,-0.026966,0.422485,0.436426,-0.046011,0.445519,0.477138,-0.056773,0.457745,0.511519,-0.062554,0.35258,0.449851,-0.035713,0.412735,0.497792,-0.051988,0.439679,0.537875,-0.05648,0.453537,0.568844,-0.06059,0.339926,0.492693,-0.044293,0.400033,0.541035,-0.058932,0.424576,0.572529,-0.059132,0.437724,0.595944,-0.058874,0.333602,0.539687,-0.052825,0.383988,0.574102,-0.062116,0.40687,0.594792,-0.061479,0.421961,0.610104,-0.060363
no_signal,0.302868,0.589839,0.0,0.344778,0.54272,-0.002865,0.38311,0.487775,-0.012681,0.413976,0.450381,-0.023307,0.439288,0.412559,-0.033537,0.356873,0.419048,-0.030496,0.410284,0.439412,-0.048213,0.432548,0.480429,-0.054906,0.442603,0.51294,-0.057661,0.338383,0.448104,-0.03819,0.399283,0.489781,-0.053783,0.4244,0.531323,-0.055455,0.436753,0.559405,-0.057282,0.325913,0.493035,-0.045595,0.38739,0.534497,-0.060258,0.411244,0.565764,-0.058143,0.422039,0.585747,-0.056153,0.320477,0.542575,-0.05296,0.372998,0.571316,-0.062682,0.395749,0.587988,-0.061465,0.40796,0.597042,-0.059805
no_signal,0.327758,0.611357,0.0,0.366551,0.561053,-0.006518,0.391786,0.499168,-0.015735,0.411111,0.454578,-0.025794,0.426225,0.410017,-0.035181,0.344352,0.419677,-0.024413,0.378481,0.393276,-0.045928,0.406616,0.408379,-0.058989,0.426238,0.430929,-0.066194,0.326178,0.439543,-0.031214,0.377746,0.441414,-0.054858,0.409402,0.473858,-0.063376,0.427409,0.500947,-0.067345,0.316036,0.478672,-0.038706,0.369516,0.486753,-0.061424,0.400011,0.516018,-0.063199,0.416515,0.538241,-0.061161,0.312173,0.525273,-0.046558,0.358612,0.533053,-0.06366,0.385768,0.548228,-0.065221,0.402913,0.559033,-0.063454
no_signal,0.326414,0.621432,0.0,0.37602,0.582733,-0.00074,0.403874,0.527043,-0.008568,0.423075,0.483476,-0.019553,0.44259,0.442164,-0.030423,0.364667,0.430272,-0.008681,0.396863,0.386462,-0.027891,0.42394,0.374216,-0.041059,0.447604,0.372894,-0.048741,0.346415,0.438095,-0.018714,0.405141,0.442702,-0.04266,0.4336,0.48935,-0.048835,0.446907,0.52556,-0.048475,0.336361,0.468033,-0.029641,0.396378,0.482269,-0.052097,0.416767,0.533289,-0.047694,0.424121,0.569343,-0.039113,0.332818,0.507309,-0.041121,0.380284,0.519882,-0.054785,0.398471,0.55081,-0.050031,0.406543,0.572667,-0.042202
no_signal,0.312368,0.627335,0.0,0.356694,0.563783,-0.002841,0.37736,0.493351,-0.012282,0.392888,0.440515,-0.024493,0.409313,0.388328,-0.03676,0.332124,0.4157,-0.015494,0.354489,0.362944,-0.036888,0.37519,0.326705,-0.051221,0.39502,0.303535,-0.060343,0.314489,0.431322,-0.025872,0.374899,0.43054,-0.052811,0.40821,0.465402,-0.062523,0.427134,0.497573,-0.065693,0.307037,0.470805,-0.037045,0.369296,0.475943,-0.063387,0.397093,0.511368,-0.063127,0.412135,0.539404,-0.058074,0.306716,0.518671,-0.04846,0.355963,0.519766,-0.066639,0.380164,0.539601,-0.065517,0.394795,0.55517,-0.060942
no_signal,0.330329,0.646881,0.0,0.373465,0.594677,-0.005248,0.396952,0.527478,-0.014609,0.413285,0.475642,-0.026682,0.428984,0.42517,-0.038649,0.357846,0.435444,-0.014918,0.367275,0.373398,-0.032973,0.371196,0.325558,-0.044331,0.374585,0.282959,-0.052041,0.336584,0.440556,-0.023979,0.391314,0.443659,-0.052801,0.423368,0.487489,-0.061552,0.440758,0.528277,-0.061464,0.324136,0.46904,-0.03351,0.381558,0.479226,-0.059682,0.409557,0.523878,-0.05739,0.426127,0.56178,-0.049091,0.318418,0.50942,-0.04393,0.36295,0.509876,-0.061404,0.386916,0.536092,-0.05876,0.402804,0.56063,-0.051602
no_signal,0.316981,0.674387,0.0,0.365989,0.613115,-0.002391,0.391241,0.546365,-0.011333,0.408578,0.497076,-0.023291,0.424418,0.448356,-0.035311,0.348648,0.463481,-0.017006,0.357596,0.397765,-0.03486,0.359881,0.348427,-0.045495,0.361369,0.306368,-0.053008,0.328148,0.476766,-0.027921,0.384343,0.470675,-0.054474,0.417825,0.508256,-0.061819,0.437438,0.54171,-0.062414,0.317806,0.51198,-0.038984,0.379623,0.516369,-0.063643,0.410909,0.55322,-0.061126,0.429777,0.582847,-0.054352,0.314956,0.557142,-0.050618,0.361803,0.553657,-0.066465,0.386759,0.57344,-0.063224,0.403806,0.591907,-0.05711
no_signal,0.33553,0.683432,0.0,0.377019,0.632338,-0.007759,0.402524,0.573724,-0.017897,0.421542,0.526193,-0.029442,0.441441,0.487371,-0.04282,0.373594,0.50494,-0.020824,0.394094,0.448268,-0.043949,0.41566,0.42832,-0.060674,0.437679,0.418289,-0.071228,0.355594,0.502093,-0.030352,0.363587,0.430203,-0.050239,0.387015,0.398009,-0.062943,0.410929,0.378796,-0.071501,0.337376,0.523727,-0.041492,0.324833,0.450693,-0.062146,0.336766,0.414961,-0.073484,0.355154,0.387183,-0.081106,0.321792,0.563927,-0.052949,0.295209,0.527424,-0.072838,0.298606,0.504269,-0.081714,0.31248,0.486711,-0.087281
no_signal,0.329163,0.676267,0.0,0.37022,0.638345,-0.006061,0.398928,0.584737,-0.013753,0.421795,0.546519,-0.023101,0.442417,0.515006,-0.033481,0.372264,0.505063,-0.016805,0.392913,0.451014,-0.035439,0.413675,0.43207,-0.04921,0.434552,0.419394,-0.058732,0.352496,0.50498,-0.026741,0.351378,0.425897,-0.042788,0.360438,0.373672,-0.056393,0.369705,0.32515,-0.06647,0.33582,0.533053,-0.037685,0.321265,0.469874,-0.055286,0.323413,0.426278,-0.06841,0.328313,0.381975,-0.077646,0.32537,0.580462,-0.048816,0.310694,0.557954,-0.065732,0.308981,0.535478,-0.074278,0.310066,0.508854,-0.080025
no_signal,0.326744,0.673645,0.0,0.365114,0.633328,-0.014513,0.389637,0.578154,-0.027593,0.406494,0.533262,-0.039639,0.423536,0.495945,-0.051918,0.356747,0.501238,-0.034772,0.35407,0.418631,-0.052102,0.351933,0.365671,-0.061996,0.351021,0.321688,-0.070084,0.339845,0.511964,-0.041281,0.347461,0.447616,-0.065047,0.369784,0.432256,-0.077764,0.388319,0.425219,-0.085586,0.322881,0.53918,-0.048345,0.329921,0.486792,-0.073481,0.35932,0.489528,-0.083696,0.38456,0.495659,-0.088894,0.309849,0.578545,-0.055796,0.294705,0.537177,-0.076955,0.287153,0.513879,-0.085673,0.280249,0.492865,-0.091233
no_signal,0.324598,0.679102,0.0,0.360478,0.635299,-0.010171,0.386178,0.575529,-0.023469,0.403462,0.533763,-0.037523,0.415873,0.493749,-0.0509,0.354242,0.504395,-0.026067,0.343115,0.415088,-0.040917,0.336015,0.363079,-0.050176,0.328337,0.317845,-0.058713,0.336922,0.517076,-0.034878,0.366447,0.490999,-0.068053,0.400582,0.525399,-0.082167,0.42057,0.555226,-0.086324,0.321121,0.541996,-0.043969,0.33184,0.487824,-0.069042,0.357986,0.478243,-0.07654,0.379322,0.47174,-0.078847,0.308856,0.576675,-0.053795,0.287928,0.53358,-0.072555,0.278616,0.501558,-0.079219,0.270627,0.467724,-0.082765
no_signal,0.32487,0.690487,-0.0,0.36213,0.647645,-0.005015,0.384768,0.589714,-0.014989,0.399397,0.547809,-0.02697,0.412879,0.509673,-0.038571,0.348942,0.491005,-0.021623,0.348081,0.420043,-0.039254,0.343444,0.369156,-0.050131,0.339876,0.324531,-0.058151,0.325657,0.496469,-0.030032,0.377902,0.501769,-0.058436,0.400302,0.55953,-0.065897,0.411088,0.600493,-0.065818,0.311046,0.524808,-0.038374,0.369167,0.537101,-0.062656,0.394731,0.57953,-0.059165,0.408693,0.609248,-0.051759,0.30376,0.564322,-0.047501,0.340285,0.550238,-0.063501,0.361745,0.553142,-0.061433,0.378897,0.555806,-0.056364
no_signal,0.310949,0.722244,-0.0,0.364157,0.683202,-0.003118,0.393729,0.629927,-0.013273,0.412484,0.591169,-0.026735,0.427213,0.553278,-0.039934,0.361708,0.520751,-0.019141,0.368254,0.448739,-0.035753,0.366592,0.395687,-0.045569,0.365171,0.350397,-0.05298,0.335985,0.521085,-0.029325,0.398099,0.547423,-0.057234,0.410238,0.617089,-0.063327,0.41185,0.657354,-0.0621,0.320226,0.550397,-0.039177,0.385753,0.581103,-0.064822,0.400772,0.639048,-0.057805,0.405409,0.675205,-0.047057,0.31348,0.593213,-0.04991,0.352444,0.583597,-0.068247,0.376619,0.580758,-0.0646,0.39889,0.57749,-0.056975
no_signal,0.306703,0.743557,-0.0,0.35253,0.70551,0.000187,0.379298,0.657079,-0.009016,0.398848,0.622607,-0.021783,0.411693,0.587483,-0.03429,0.353324,0.541855,-0.01887,0.360626,0.471813,-0.036831,0.359259,0.420555,-0.047916,0.357962,0.374392,-0.056319,0.328797,0.5433,-0.030746,0.383785,0.566081,-0.059541,0.395558,0.635535,-0.066187,0.397074,0.675214,-0.065745,0.311084,0.571319,-0.042259,0.370579,0.601556,-0.068803,0.389255,0.658115,-0.064343,0.397164,0.691334,-0.055966,0.300653,0.614303,-0.053981,0.336884,0.604339,-0.072017,0.355814,0.603009,-0.070163,0.371295,0.5987,-0.065239
no_signal,0.301298,0.755871,-0.0,0.346714,0.715401,-0.001373,0.373218,0.667666,-0.010755,0.392527,0.633839,-0.023424,0.402685,0.595617,-0.035745,0.343796,0.55155,-0.018327,0.35008,0.484981,-0.036106,0.349018,0.433206,-0.047293,0.348025,0.387243,-0.055601,0.319053,0.553227,-0.029739,0.375964,0.578154,-0.057504,0.388502,0.64501,-0.063811,0.390484,0.68567,-0.063073,0.302033,0.582944,-0.040955,0.362714,0.615918,-0.065282,0.378386,0.668357,-0.059601,0.383945,0.699998,-0.0506,0.292081,0.627676,-0.052902,0.327208,0.625693,-0.068847,0.347505,0.633451,-0.065125,0.364381,0.640414,-0.058606
no_signal,0.303278,0.756389,-0.0,0.34785,0.720336,-0.004213,0.376293,0.66631,-0.013556,0.393865,0.62849,-0.025324,0.408349,0.596757,-0.037406,0.35081,0.560746,-0.021983,0.357673,0.48978,-0.039018,0.355879,0.440338,-0.049147,0.354059,0.395518,-0.056419,0.325844,0.560243,-0.030742,0.373175,0.578602,-0.05901,0.388119,0.640527,-0.06701,0.393295,0.680704,-0.067248,0.306341,0.585859,-0.039178,0.355794,0.60605,-0.06539,0.377917,0.657432,-0.063827,0.390764,0.691017,-0.057139,0.292481,0.623178,-0.047862,0.318285,0.609617,-0.065038,0.333862,0.60476,-0.064451,0.347874,0.597884,-0.060439
no_signal,0.293908,0.763634,-0.0,0.342078,0.715158,-0.000861,0.37699,0.65751,-0.008732,0.401656,0.61602,-0.018034,0.425158,0.581865,-0.027565,0.346401,0.556701,-0.016543,0.375472,0.531469,-0.033551,0.398858,0.523057,-0.045353,0.421992,0.524679,-0.053454,0.323934,0.562635,-0.026814,0.368308,0.591998,-0.055913,0.385666,0.654487,-0.070068,0.393348,0.706101,-0.075453,0.304236,0.595022,-0.036724,0.340068,0.5866,-0.064336,0.370642,0.629558,-0.072344,0.393672,0.66634,-0.073871,0.289261,0.639224,-0.045559,0.286189,0.610162,-0.066916,0.287601,0.589473,-0.074493,0.293307,0.564493,-0.077788
no_signal,0.29784,0.748468,0.0,0.34111,0.709914,-0.008225,0.373437,0.656441,-0.019181,0.395132,0.617339,-0.031719,0.41351,0.577705,-0.044415,0.339913,0.553923,-0.02138,0.366939,0.503501,-0.040241,0.384667,0.465874,-0.051845,0.400236,0.435109,-0.059041,0.315997,0.552435,-0.028868,0.364745,0.554403,-0.056611,0.389927,0.593498,-0.067525,0.404599,0.626111,-0.070523,0.298003,0.575647,-0.036977,0.34778,0.591531,-0.064159,0.375301,0.632501,-0.067877,0.394503,0.66093,-0.064734,0.285993,0.61301,-0.045506,0.318391,0.592395,-0.062625,0.339429,0.587644,-0.064861,0.357963,0.584366,-0.063401
no_signal,0.297224,0.747844,0.0,0.339814,0.716059,-0.012156,0.367402,0.667917,-0.022639,0.382897,0.634723,-0.034316,0.393702,0.59553,-0.044516,0.337686,0.552131,-0.023014,0.350736,0.481076,-0.040413,0.357035,0.432308,-0.049945,0.36238,0.390003,-0.055609,0.311878,0.555969,-0.029267,0.34504,0.528989,-0.053292,0.374366,0.517048,-0.062707,0.398316,0.514165,-0.065168,0.293445,0.583624,-0.036775,0.3508,0.614007,-0.063637,0.378297,0.65862,-0.066436,0.395891,0.691071,-0.061103,0.284637,0.627346,-0.045503,0.330433,0.63569,-0.061878,0.355185,0.651784,-0.061535,0.374459,0.665791,-0.057
no_signal,0.301599,0.757109,0.0,0.340413,0.713334,-0.00671,0.366513,0.662814,-0.017103,0.382959,0.63353,-0.029908,0.398596,0.608127,-0.042854,0.336688,0.559926,-0.02352,0.341909,0.488723,-0.039951,0.34145,0.437891,-0.048547,0.342219,0.392755,-0.05396,0.313978,0.569239,-0.032992,0.347629,0.563617,-0.05991,0.376084,0.591064,-0.070835,0.395439,0.616158,-0.074181,0.2952,0.59893,-0.0426,0.338787,0.608549,-0.071196,0.368801,0.656246,-0.07576,0.386343,0.688933,-0.072502,0.282526,0.635258,-0.05241,0.294721,0.587747,-0.069202,0.302283,0.552709,-0.071643,0.309924,0.521985,-0.070931
no_signal,0.301611,0.755617,0.0,0.340247,0.71295,-0.009342,0.366216,0.663429,-0.021924,0.382738,0.636023,-0.036401,0.394334,0.609762,-0.050527,0.33285,0.553947,-0.025183,0.333594,0.47919,-0.042924,0.32887,0.426019,-0.052652,0.325811,0.378842,-0.059235,0.310654,0.565633,-0.034482,0.347794,0.550224,-0.064714,0.376952,0.580892,-0.076885,0.395023,0.603737,-0.080521,0.293781,0.595689,-0.044386,0.338576,0.594997,-0.074943,0.371925,0.640323,-0.079574,0.390863,0.668288,-0.076139,0.284793,0.631126,-0.054803,0.297276,0.576382,-0.072346,0.304481,0.538521,-0.074827,0.310148,0.502419,-0.074354
no_signal,0.302378,0.755921,0.0,0.34103,0.711633,-0.010273,0.36312,0.652904,-0.019538,0.371636,0.614825,-0.030387,0.377474,0.572547,-0.04074,0.334367,0.547255,-0.022846,0.338589,0.474011,-0.03994,0.335906,0.420621,-0.048926,0.332328,0.374562,-0.054271,0.31255,0.560175,-0.030961,0.343783,0.528528,-0.058791,0.374646,0.531068,-0.070902,0.397116,0.534697,-0.074601,0.294822,0.591478,-0.040169,0.339752,0.594192,-0.07263,0.371525,0.6411,-0.079248,0.390527,0.66897,-0.075556,0.2848,0.62993,-0.049752,0.300732,0.577955,-0.069973,0.309798,0.539128,-0.074391,0.318782,0.50152,-0.074258
no_signal,0.299453,0.754243,0.0,0.336631,0.721435,-0.012527,0.362139,0.667854,-0.022381,0.37334,0.630799,-0.034058,0.369554,0.602179,-0.045263,0.339398,0.558324,-0.021801,0.350049,0.472029,-0.039869,0.356992,0.418199,-0.049247,0.362622,0.370061,-0.054107,0.317337,0.566555,-0.029974,0.334612,0.519329,-0.058759,0.354466,0.490163,-0.073138,0.370897,0.459446,-0.078484,0.297577,0.591858,-0.03966,0.338658,0.595219,-0.075337,0.365942,0.649471,-0.083216,0.382329,0.680749,-0.078616,0.283175,0.625154,-0.049858,0.296063,0.575616,-0.071121,0.301794,0.540434,-0.074757,0.306544,0.503567,-0.073637
no_signal,0.291313,0.77454,0.0,0.332161,0.738219,-0.007879,0.360058,0.689608,-0.017245,0.374946,0.656367,-0.029175,0.37771,0.626563,-0.041308,0.339738,0.57365,-0.020902,0.361356,0.503996,-0.039451,0.375116,0.458005,-0.049325,0.388988,0.418834,-0.054351,0.316913,0.583156,-0.031141,0.34376,0.550871,-0.058855,0.370439,0.540424,-0.072897,0.392559,0.534066,-0.078437,0.295961,0.611831,-0.042268,0.339974,0.622721,-0.076275,0.367322,0.676792,-0.084538,0.384056,0.711789,-0.081719,0.279771,0.650151,-0.053343,0.292545,0.608047,-0.073983,0.299937,0.578175,-0.077809,0.30793,0.54839,-0.077452
no_signal,0.290675,0.778104,0.0,0.333118,0.730421,-0.005,0.364011,0.674454,-0.015917,0.387665,0.640861,-0.028242,0.408406,0.620372,-0.03994,0.339806,0.580916,-0.021609,0.359361,0.527364,-0.039286,0.372819,0.497176,-0.051389,0.386223,0.475811,-0.060445,0.320159,0.591735,-0.031392,0.350167,0.588693,-0.059267,0.380912,0.62596,-0.074676,0.402245,0.659833,-0.082758,0.300671,0.617729,-0.041289,0.318133,0.580288,-0.066379,0.354057,0.603849,-0.075903,0.384437,0.626141,-0.08033,0.28472,0.653658,-0.051032,0.269451,0.607321,-0.070118,0.26082,0.577014,-0.078411,0.254812,0.542097,-0.083763
no_signal,0.297171,0.76693,0.0,0.342505,0.723096,-0.011418,0.375691,0.661466,-0.021614,0.39868,0.618324,-0.032268,0.417921,0.582978,-0.041484,0.34831,0.608063,-0.021571,0.379387,0.57847,-0.050665,0.397728,0.616188,-0.071301,0.412766,0.652346,-0.081927,0.327586,0.606488,-0.028493,0.34091,0.544407,-0.050718,0.362771,0.508085,-0.065887,0.382687,0.474717,-0.075958,0.304986,0.623251,-0.038183,0.297001,0.555648,-0.059633,0.302256,0.513421,-0.07331,0.310471,0.472296,-0.081646,0.285528,0.657602,-0.048497,0.262107,0.620407,-0.064373,0.249996,0.588709,-0.071448,0.243214,0.552666,-0.076164
no_signal,0.306955,0.754766,0.0,0.343821,0.716547,-0.011963,0.371462,0.658244,-0.024845,0.390241,0.617244,-0.037662,0.406985,0.574718,-0.05151,0.340957,0.587114,-0.027509,0.357149,0.538026,-0.050722,0.377878,0.528376,-0.067945,0.400098,0.529953,-0.080253,0.322351,0.590825,-0.036542,0.341563,0.550206,-0.066526,0.373026,0.558586,-0.086197,0.400982,0.574809,-0.097447,0.301892,0.612906,-0.046901,0.300666,0.549434,-0.074407,0.31382,0.515029,-0.092866,0.328671,0.487736,-0.104421,0.284031,0.650327,-0.057263,0.261488,0.608846,-0.080038,0.250741,0.572588,-0.093391,0.243636,0.536838,-0.102808
no_signal,0.30767,0.755077,0.0,0.340329,0.726471,-0.009841,0.362457,0.671221,-0.022549,0.378158,0.634758,-0.034302,0.39169,0.608511,-0.044677,0.341398,0.584673,-0.026274,0.35511,0.516665,-0.043999,0.366592,0.476942,-0.05477,0.3791,0.440856,-0.063079,0.318606,0.591677,-0.03522,0.350089,0.57214,-0.071665,0.372903,0.629594,-0.0841,0.389076,0.676792,-0.084219,0.296438,0.612589,-0.04499,0.305918,0.563722,-0.072321,0.323407,0.532528,-0.08251,0.339759,0.504417,-0.085555,0.277564,0.644561,-0.054669,0.257185,0.599362,-0.070288,0.242475,0.56397,-0.074611,0.230216,0.52601,-0.076918
no_signal,0.302763,0.757955,0.0,0.338136,0.726927,-0.008849,0.363471,0.67324,-0.021552,0.379901,0.637666,-0.033705,0.381341,0.616458,-0.044322,0.33921,0.587948,-0.023358,0.352437,0.516688,-0.04159,0.365216,0.474804,-0.053707,0.377955,0.437761,-0.062629,0.318509,0.594699,-0.032546,0.348627,0.575811,-0.069501,0.368398,0.64075,-0.082043,0.380609,0.695385,-0.081768,0.296708,0.613195,-0.042444,0.309148,0.560969,-0.068523,0.32886,0.53878,-0.075519,0.346542,0.518529,-0.07621,0.278083,0.64095,-0.052422,0.258678,0.59803,-0.065379,0.246235,0.565971,-0.066304,0.23673,0.528337,-0.066317
no_signal,0.297426,0.766756,-0.0,0.333712,0.727656,-0.005002,0.363533,0.667903,-0.015199,0.383004,0.630137,-0.025573,0.382012,0.608217,-0.034683,0.337612,0.582412,-0.017582,0.35867,0.538077,-0.036154,0.38148,0.517913,-0.050293,0.404451,0.503053,-0.060197,0.318384,0.592438,-0.027322,0.353642,0.587782,-0.060142,0.374434,0.650787,-0.07339,0.386871,0.701293,-0.075661,0.299113,0.612124,-0.037619,0.320238,0.568063,-0.060008,0.349663,0.563329,-0.065117,0.375878,0.559009,-0.065593,0.282665,0.640261,-0.048144,0.266769,0.593186,-0.059483,0.268132,0.56572,-0.060337,0.276288,0.535522,-0.060467
no_signal,0.302615,0.743884,0.0,0.339742,0.699592,-0.011134,0.36929,0.638909,-0.023288,0.391268,0.593682,-0.036099,0.411163,0.554756,-0.049501,0.336531,0.577589,-0.023288,0.36186,0.532005,-0.050897,0.384541,0.548432,-0.07057,0.404463,0.573124,-0.081075,0.314472,0.582356,-0.031869,0.319222,0.507528,-0.052262,0.336834,0.462036,-0.067536,0.356301,0.424888,-0.077623,0.294648,0.614461,-0.04256,0.283231,0.540617,-0.064576,0.290517,0.499958,-0.079443,0.303421,0.462097,-0.088723,0.280071,0.66455,-0.053416,0.267264,0.640888,-0.072619,0.268149,0.619514,-0.081072,0.273783,0.594959,-0.086149
no_signal,0.308573,0.730664,0.0,0.346997,0.694114,-0.014357,0.374429,0.642425,-0.026793,0.395453,0.604124,-0.039304,0.417589,0.569816,-0.053748,0.338607,0.554843,-0.029486,0.346637,0.489424,-0.051281,0.357652,0.453377,-0.065919,0.371517,0.423201,-0.076272,0.315127,0.565913,-0.037954,0.308495,0.486845,-0.058021,0.318822,0.440403,-0.073067,0.333363,0.400238,-0.083871,0.295252,0.603971,-0.047865,0.280835,0.542743,-0.072605,0.292465,0.516195,-0.08778,0.30919,0.489604,-0.097216,0.280952,0.658387,-0.058166,0.263732,0.641395,-0.083694,0.269008,0.633413,-0.095834,0.280367,0.621609,-0.102994
no_signal,0.31262,0.722545,1e-06,0.347316,0.68698,-0.014941,0.370442,0.63848,-0.025527,0.389652,0.604198,-0.035821,0.408793,0.574225,-0.04733,0.332459,0.533773,-0.025231,0.338928,0.460976,-0.041592,0.347313,0.416652,-0.052869,0.359482,0.383287,-0.060935,0.305193,0.544766,-0.03114,0.287167,0.463974,-0.046085,0.294523,0.411991,-0.058159,0.310927,0.37394,-0.066916,0.285755,0.582217,-0.03865,0.262982,0.52282,-0.06075,0.269663,0.485101,-0.0787,0.282556,0.460301,-0.090182,0.27716,0.63692,-0.046643,0.274608,0.630937,-0.071804,0.290379,0.63298,-0.08636,0.307823,0.637203,-0.094956
no_signal,0.297205,0.721691,0.0,0.336581,0.684405,-0.014227,0.359341,0.627944,-0.023141,0.372803,0.590742,-0.031709,0.38156,0.556378,-0.03981,0.322082,0.520509,-0.022687,0.325323,0.437403,-0.038936,0.332136,0.390969,-0.049059,0.340146,0.351932,-0.056629,0.293729,0.533398,-0.02964,0.27082,0.451971,-0.047643,0.276816,0.401078,-0.060962,0.28875,0.359449,-0.070065,0.275251,0.57208,-0.038185,0.279982,0.522235,-0.065716,0.304493,0.50173,-0.083679,0.325579,0.491068,-0.093285,0.269904,0.624519,-0.047197,0.305672,0.625013,-0.077578,0.334802,0.634425,-0.093455,0.356756,0.642848,-0.101674
no_signal,0.2946,0.742544,0.0,0.33122,0.691538,-0.012259,0.350357,0.62447,-0.021739,0.360003,0.576796,-0.031715,0.366675,0.535185,-0.041591,0.3122,0.526943,-0.023799,0.318684,0.452594,-0.042939,0.321697,0.402803,-0.055857,0.322629,0.358241,-0.065205,0.286312,0.54109,-0.032258,0.292447,0.460654,-0.05415,0.303503,0.40907,-0.068248,0.3134,0.366796,-0.07678,0.269027,0.577217,-0.041882,0.297223,0.534319,-0.069044,0.327869,0.520657,-0.081291,0.352066,0.508907,-0.085968,0.262634,0.627213,-0.05222,0.300607,0.610326,-0.07595,0.326142,0.60916,-0.0842,0.346001,0.607166,-0.087202
no_signal,0.271223,0.766542,0.0,0.323144,0.699886,-0.008315,0.347781,0.645044,-0.020733,0.364993,0.617509,-0.036176,0.378992,0.599469,-0.050242,0.283583,0.521375,-0.013726,0.323938,0.481606,-0.035769,0.352377,0.481448,-0.051602,0.374593,0.490335,-0.060519,0.266952,0.539907,-0.022102,0.317169,0.512939,-0.044058,0.349048,0.515051,-0.054764,0.374137,0.524644,-0.059197,0.261158,0.576751,-0.032332,0.324023,0.579326,-0.053569,0.358415,0.60554,-0.059177,0.382376,0.628491,-0.058112,0.265778,0.621897,-0.043962,0.320053,0.633402,-0.055007,0.343893,0.653738,-0.055965,0.361585,0.668996,-0.053726
no_signal,0.272832,0.748879,0.0,0.324814,0.668648,-0.002319,0.345852,0.602627,-0.010357,0.355621,0.55712,-0.022133,0.368335,0.517476,-0.03205,0.283562,0.504702,-0.006782,0.327177,0.471128,-0.029591,0.357514,0.475536,-0.044831,0.381544,0.485987,-0.052424,0.26767,0.523836,-0.016628,0.322328,0.499711,-0.041039,0.357507,0.508557,-0.05095,0.385565,0.523675,-0.053086,0.262433,0.558385,-0.027969,0.330822,0.57435,-0.052151,0.358394,0.616519,-0.053876,0.375196,0.648956,-0.048008,0.265767,0.600028,-0.040204,0.323497,0.62243,-0.053365,0.345428,0.651485,-0.05162,0.360003,0.672587,-0.045565
no_signal,0.288507,0.654975,1e-06,0.255857,0.578482,-0.015916,0.242122,0.488262,-0.029895,0.244411,0.402547,-0.03915,0.257344,0.338624,-0.047535,0.268005,0.487877,-0.05433,0.293332,0.382989,-0.074684,0.314284,0.326872,-0.083127,0.333334,0.289407,-0.087482,0.305435,0.514662,-0.054464,0.332587,0.416503,-0.075012,0.349471,0.348741,-0.082619,0.36124,0.300858,-0.088148,0.33989,0.541352,-0.053259,0.37427,0.458298,-0.072168,0.392864,0.394489,-0.078333,0.404622,0.344319,-0.081461,0.367359,0.563704,-0.051946,0.402156,0.490931,-0.068456,0.421861,0.444592,-0.073217,0.438815,0.403832,-0.074813
no_signal,0.288257,0.65822,0.0,0.252857,0.584767,-0.01724,0.234657,0.49304,-0.032073,0.228056,0.414311,-0.041625,0.216248,0.345115,-0.051268,0.279783,0.484305,-0.047758,0.290397,0.41591,-0.061072,0.297766,0.372713,-0.066765,0.30557,0.323817,-0.071297,0.322586,0.505323,-0.045842,0.350805,0.435514,-0.061876,0.368686,0.394458,-0.069953,0.383062,0.352156,-0.076997,0.352871,0.528739,-0.041994,0.386195,0.446079,-0.062387,0.40831,0.378331,-0.072002,0.423489,0.321643,-0.077832,0.371504,0.543025,-0.036717,0.38358,0.461787,-0.049858,0.38102,0.422672,-0.051463,0.378812,0.389653,-0.05301
no_signal,0.28683,0.668176,0.0,0.246836,0.595453,-0.024359,0.228503,0.504478,-0.045346,0.212194,0.429912,-0.058377,0.19085,0.375487,-0.071896,0.285519,0.485479,-0.065182,0.300146,0.422416,-0.0853,0.309993,0.375651,-0.096703,0.321277,0.334132,-0.103697,0.327405,0.50196,-0.056163,0.365519,0.417772,-0.075367,0.39029,0.362985,-0.08319,0.409321,0.314452,-0.087959,0.355387,0.519963,-0.044374,0.380482,0.425973,-0.06043,0.396481,0.366243,-0.066898,0.409146,0.322299,-0.069996,0.37143,0.534663,-0.032294,0.366149,0.469551,-0.041344,0.348733,0.447042,-0.041203,0.336741,0.434,-0.040226
no_signal,0.287161,0.671507,1e-06,0.247394,0.600821,-0.023612,0.228272,0.516208,-0.046936,0.209266,0.442141,-0.063553,0.183039,0.401658,-0.079611,0.290499,0.490478,-0.065741,0.314285,0.415574,-0.086233,0.328575,0.367012,-0.098691,0.343184,0.328312,-0.106236,0.330367,0.502641,-0.054992,0.370962,0.410761,-0.06923,0.397807,0.351214,-0.073445,0.419074,0.304122,-0.076818,0.356981,0.5193,-0.041181,0.362655,0.433608,-0.044743,0.347354,0.40706,-0.038298,0.332583,0.399323,-0.034252,0.371717,0.535497,-0.028946,0.363653,0.476923,-0.030406,0.343676,0.4643,-0.024758,0.328556,0.46028,-0.019802
no_signal,0.284901,0.677013,0.0,0.245818,0.608487,-0.025119,0.226453,0.527473,-0.049815,0.206119,0.454575,-0.067558,0.179286,0.413001,-0.084985,0.288278,0.498773,-0.070358,0.312807,0.416431,-0.092645,0.327348,0.364488,-0.106034,0.341977,0.322774,-0.114021,0.327245,0.507727,-0.058745,0.363857,0.40463,-0.07216,0.386823,0.341924,-0.074933,0.405942,0.290544,-0.077626,0.35477,0.522441,-0.044108,0.362682,0.435443,-0.047455,0.345863,0.422804,-0.039446,0.329132,0.430057,-0.033976,0.371496,0.537452,-0.031197,0.362899,0.476005,-0.032886,0.344344,0.464013,-0.02663,0.330869,0.464303,-0.020821
no_signal,0.287148,0.675306,0.0,0.246977,0.608663,-0.02394,0.225338,0.529046,-0.0479,0.204774,0.457338,-0.065273,0.179692,0.41528,-0.082257,0.284101,0.50732,-0.071119,0.310593,0.40473,-0.091994,0.326465,0.344844,-0.10132,0.341398,0.297998,-0.105266,0.324187,0.515873,-0.061412,0.350501,0.38716,-0.075613,0.366352,0.309789,-0.076306,0.378562,0.249889,-0.075964,0.355201,0.527043,-0.048639,0.35964,0.416278,-0.054614,0.341521,0.395075,-0.046065,0.324795,0.397471,-0.038418,0.375552,0.536464,-0.037165,0.364502,0.457668,-0.039484,0.345269,0.442031,-0.031565,0.332266,0.442512,-0.023509
no_signal,0.285508,0.68343,0.0,0.24826,0.615561,-0.017398,0.227115,0.533065,-0.037215,0.209051,0.462007,-0.05301,0.18281,0.417649,-0.068816,0.284283,0.503598,-0.056599,0.307429,0.378207,-0.072569,0.320896,0.312856,-0.076003,0.333531,0.263555,-0.076716,0.323431,0.520307,-0.052367,0.331419,0.38214,-0.06882,0.315881,0.380194,-0.063773,0.307184,0.403383,-0.056309,0.352287,0.538851,-0.045883,0.353189,0.409002,-0.056179,0.336272,0.406922,-0.04366,0.326061,0.425224,-0.031783,0.374377,0.553473,-0.039918,0.377307,0.444095,-0.045197,0.367104,0.406448,-0.036502,0.358955,0.385579,-0.027451
no_signal,0.287391,0.692431,-0.0,0.248714,0.622726,-0.015248,0.228566,0.536175,-0.030418,0.213023,0.459624,-0.042297,0.190013,0.412654,-0.052725,0.285436,0.510442,-0.047142,0.295451,0.378952,-0.058608,0.299404,0.316178,-0.056908,0.306147,0.271286,-0.053953,0.324736,0.523453,-0.043554,0.32435,0.383253,-0.054212,0.306337,0.380054,-0.04366,0.300634,0.406878,-0.033287,0.354305,0.540705,-0.038986,0.353135,0.406734,-0.047242,0.330235,0.398171,-0.033793,0.317773,0.417233,-0.021583,0.377021,0.555404,-0.035369,0.39683,0.454924,-0.040855,0.384772,0.411792,-0.035057,0.370452,0.391245,-0.028384
no_signal,0.282846,0.675961,-0.0,0.24555,0.604315,-0.012233,0.229141,0.524149,-0.025744,0.218922,0.445949,-0.036801,0.200259,0.393163,-0.044414,0.288069,0.505817,-0.041928,0.295512,0.382119,-0.049888,0.281786,0.389665,-0.043839,0.277007,0.418369,-0.037212,0.324771,0.521361,-0.039387,0.327175,0.387389,-0.047922,0.308301,0.400403,-0.038753,0.304486,0.433896,-0.030848,0.353193,0.538913,-0.035404,0.359095,0.406475,-0.041168,0.33929,0.41214,-0.02795,0.330602,0.441014,-0.017486,0.375177,0.555998,-0.031849,0.395431,0.454168,-0.034942,0.381484,0.427513,-0.02714,0.368019,0.427014,-0.019834
no_signal,0.276816,0.656483,-0.0,0.239952,0.58297,-0.012873,0.222321,0.495235,-0.025403,0.218923,0.409235,-0.035356,0.215948,0.343333,-0.041076,0.276488,0.479697,-0.037699,0.290483,0.358573,-0.046481,0.2775,0.385681,-0.040586,0.272376,0.42886,-0.033732,0.313757,0.500782,-0.035504,0.32338,0.372328,-0.043728,0.306727,0.39984,-0.034879,0.303019,0.438692,-0.027582,0.344124,0.520527,-0.032675,0.356359,0.394678,-0.038628,0.339122,0.417211,-0.025548,0.333526,0.452798,-0.015952,0.368264,0.539993,-0.03026,0.3856,0.438993,-0.03397,0.370156,0.443388,-0.025062,0.359862,0.469662,-0.017228
no_signal,0.269124,0.625608,-0.0,0.235719,0.543634,-0.009641,0.223401,0.451554,-0.020084,0.228137,0.367217,-0.028083,0.239898,0.302221,-0.031702,0.265569,0.452101,-0.035241,0.291134,0.33721,-0.044628,0.281633,0.361424,-0.038548,0.273964,0.404027,-0.030637,0.304039,0.479439,-0.034063,0.324591,0.355844,-0.041379,0.310908,0.379459,-0.031992,0.305294,0.417522,-0.024154,0.336523,0.50323,-0.032123,0.357185,0.381851,-0.037198,0.341775,0.402198,-0.022826,0.334292,0.437339,-0.012111,0.362206,0.525435,-0.030387,0.384645,0.427904,-0.032836,0.371188,0.431529,-0.022661,0.360356,0.455847,-0.014001
no_signal,0.265723,0.590083,-0.0,0.234517,0.506155,-0.008232,0.222916,0.412985,-0.018491,0.226969,0.33128,-0.02723,0.236317,0.267365,-0.031006,0.256628,0.403943,-0.031386,0.288234,0.30466,-0.041437,0.282783,0.332928,-0.03683,0.273464,0.372807,-0.02969,0.293673,0.436522,-0.031585,0.322489,0.324516,-0.039711,0.31213,0.350566,-0.031759,0.302932,0.388552,-0.024355,0.326349,0.467635,-0.031223,0.357067,0.353967,-0.036797,0.345251,0.372359,-0.023732,0.333754,0.407367,-0.013077,0.353626,0.497654,-0.031134,0.388595,0.409484,-0.034269,0.380716,0.390457,-0.026723,0.366457,0.392935,-0.019433
no_signal,0.260975,0.564027,-0.0,0.23321,0.480495,-0.007361,0.221162,0.388857,-0.018652,0.222804,0.30578,-0.026848,0.233672,0.240619,-0.029785,0.253822,0.377566,-0.04556,0.28612,0.28153,-0.056748,0.287326,0.289113,-0.047264,0.279163,0.328034,-0.034978,0.28988,0.409421,-0.046057,0.32216,0.285346,-0.058001,0.321447,0.271802,-0.046234,0.314146,0.297638,-0.033804,0.321223,0.440977,-0.044847,0.357342,0.32479,-0.054366,0.356234,0.297486,-0.040613,0.344777,0.303916,-0.026965,0.348118,0.474784,-0.043086,0.388717,0.387144,-0.048638,0.388004,0.349798,-0.04014,0.372127,0.339737,-0.030085
no_signal,0.257225,0.578567,0.0,0.226079,0.492115,-0.006695,0.213727,0.393878,-0.016773,0.21614,0.305113,-0.023851,0.228572,0.241157,-0.027023,0.249679,0.382472,-0.044369,0.278072,0.27672,-0.058577,0.279991,0.292445,-0.053876,0.274462,0.331869,-0.04481,0.287676,0.413437,-0.045776,0.316948,0.282948,-0.059945,0.329746,0.217842,-0.058511,0.333689,0.173105,-0.055854,0.319666,0.444419,-0.045375,0.353702,0.336598,-0.057828,0.363702,0.282255,-0.057848,0.360787,0.243719,-0.055226,0.344924,0.475742,-0.04349,0.383965,0.392033,-0.049496,0.39797,0.342191,-0.046705,0.400616,0.299384,-0.042738
no_signal,0.254892,0.612897,0.0,0.224787,0.519316,-0.01065,0.216226,0.413149,-0.022604,0.223035,0.320716,-0.03083,0.235873,0.252612,-0.038553,0.246096,0.424971,-0.049948,0.259763,0.302235,-0.070068,0.275086,0.239312,-0.07675,0.29039,0.194431,-0.07864,0.286018,0.452235,-0.05237,0.316158,0.329592,-0.074388,0.335501,0.254036,-0.082942,0.34771,0.197535,-0.087326,0.319636,0.474259,-0.052794,0.354768,0.366845,-0.073135,0.372257,0.295935,-0.080526,0.380455,0.239866,-0.082586,0.34388,0.489862,-0.052012,0.372148,0.397253,-0.064966,0.385212,0.346155,-0.066695,0.391208,0.302653,-0.065905
no_signal,0.254847,0.645505,0.0,0.223058,0.553846,-0.015361,0.215649,0.444651,-0.028662,0.226427,0.355195,-0.034748,0.234525,0.28082,-0.040731,0.244756,0.457947,-0.06182,0.263237,0.350955,-0.078167,0.276998,0.288828,-0.084127,0.289422,0.236051,-0.086931,0.287795,0.486558,-0.057452,0.326414,0.367877,-0.07337,0.350261,0.301895,-0.079043,0.366254,0.250549,-0.082762,0.320862,0.508925,-0.049419,0.351355,0.388845,-0.065126,0.366677,0.316217,-0.07132,0.375749,0.264845,-0.074573,0.34305,0.519897,-0.039886,0.341705,0.425237,-0.050182,0.325961,0.391613,-0.049396,0.313531,0.371947,-0.047871
no_signal,0.246351,0.668073,0.0,0.21868,0.575257,-0.009718,0.214495,0.466894,-0.018735,0.22311,0.379315,-0.023714,0.22226,0.311227,-0.02836,0.238972,0.469697,-0.038859,0.266464,0.37905,-0.053349,0.284055,0.326248,-0.058627,0.298454,0.285389,-0.059904,0.279439,0.498831,-0.039525,0.32154,0.380059,-0.051953,0.346849,0.307179,-0.05513,0.363841,0.250823,-0.055852,0.312837,0.526629,-0.038307,0.345724,0.416109,-0.04996,0.356319,0.351805,-0.051011,0.359959,0.305664,-0.049529,0.337881,0.552084,-0.03637,0.344829,0.459727,-0.041267,0.337328,0.428413,-0.035108,0.328781,0.411071,-0.029029
no_signal,0.235511,0.67042,0.0,0.221952,0.574225,0.00219,0.231161,0.475701,-0.004841,0.246099,0.396039,-0.010774,0.254879,0.335106,-0.016483,0.239497,0.464142,-0.039945,0.273225,0.359352,-0.056914,0.294388,0.300689,-0.062729,0.310326,0.259737,-0.063383,0.267197,0.503832,-0.046285,0.322052,0.386824,-0.058759,0.350496,0.325613,-0.058234,0.365736,0.287886,-0.056438,0.296098,0.546203,-0.04948,0.354237,0.442774,-0.057514,0.369807,0.400561,-0.050914,0.370678,0.377911,-0.044331,0.321606,0.589723,-0.051497,0.369445,0.508128,-0.052554,0.382292,0.47234,-0.04313,0.383101,0.449646,-0.034383
no_signal,0.231841,0.660628,1e-06,0.237299,0.56771,0.006038,0.261652,0.486211,0.000419,0.294656,0.438393,-0.006475,0.323963,0.413328,-0.01252,0.253047,0.435839,-0.023009,0.289555,0.34655,-0.041519,0.319363,0.300159,-0.052859,0.34341,0.269674,-0.058982,0.261726,0.470196,-0.033926,0.322604,0.388905,-0.049397,0.363081,0.355452,-0.055765,0.391994,0.337332,-0.059489,0.27765,0.514236,-0.043503,0.338933,0.442839,-0.05574,0.374735,0.419961,-0.056947,0.398476,0.408519,-0.056806,0.297249,0.561581,-0.052346,0.350197,0.521859,-0.059734,0.378583,0.504402,-0.058484,0.400726,0.487678,-0.056193
no_signal,0.240933,0.652697,0.0,0.252672,0.569837,0.009762,0.272967,0.488495,0.005717,0.29838,0.441236,-0.001581,0.322168,0.414015,-0.009268,0.265392,0.42882,-0.015673,0.305473,0.342064,-0.033865,0.336337,0.301544,-0.045778,0.359539,0.277101,-0.052978,0.266442,0.453362,-0.029893,0.323103,0.367379,-0.046626,0.362608,0.338869,-0.055845,0.391009,0.325836,-0.061751,0.275595,0.490084,-0.042947,0.327532,0.40703,-0.057264,0.365808,0.376841,-0.064068,0.39396,0.359873,-0.06853,0.29117,0.533482,-0.054922,0.335694,0.49077,-0.065464,0.363833,0.470029,-0.068998,0.386676,0.452701,-0.071083
no_signal,0.229853,0.644829,0.0,0.24028,0.556106,0.0079,0.26404,0.475071,0.005312,0.294168,0.445462,-0.00037,0.317444,0.438868,-0.007045,0.262119,0.428466,-0.010835,0.302085,0.342291,-0.025186,0.331038,0.300578,-0.033883,0.354527,0.274083,-0.039869,0.275213,0.451592,-0.024455,0.315491,0.356795,-0.036666,0.347654,0.311812,-0.045409,0.372938,0.279934,-0.051435,0.291728,0.489218,-0.037161,0.324288,0.396067,-0.050705,0.351877,0.35138,-0.060503,0.374266,0.3159,-0.067305,0.31254,0.5385,-0.048749,0.344142,0.507664,-0.061074,0.363306,0.490531,-0.066719,0.381038,0.473124,-0.070285
no_signal,0.223244,0.6471,0.0,0.209412,0.556801,-0.004166,0.2139,0.45834,-0.007627,0.215474,0.387835,-0.010805,0.202186,0.344714,-0.014779,0.262208,0.428884,-0.016979,0.282402,0.329688,-0.028888,0.296362,0.27107,-0.035834,0.307029,0.22461,-0.040865,0.286808,0.459364,-0.023647,0.318974,0.369844,-0.03482,0.337549,0.312721,-0.042739,0.35094,0.266165,-0.048337,0.305299,0.504652,-0.030309,0.338093,0.443248,-0.044802,0.358167,0.400968,-0.05468,0.37319,0.363424,-0.060926,0.318391,0.559646,-0.036511,0.352583,0.536464,-0.051323,0.374338,0.521751,-0.057923,0.393158,0.504384,-0.061545
no_signal,0.21233,0.657196,0.0,0.189952,0.570528,-0.005851,0.183341,0.477838,-0.011425,0.176912,0.413881,-0.01658,0.16334,0.380969,-0.022445,0.248988,0.438425,-0.015493,0.266765,0.342316,-0.024983,0.279487,0.28577,-0.031565,0.289187,0.242271,-0.036287,0.277994,0.466408,-0.021041,0.311558,0.376875,-0.029123,0.331579,0.3204,-0.03593,0.346315,0.276818,-0.040972,0.298133,0.506526,-0.026971,0.336536,0.443826,-0.037104,0.363308,0.403356,-0.046593,0.383089,0.37188,-0.05301,0.310526,0.552991,-0.032829,0.348842,0.5229,-0.04216,0.373376,0.504738,-0.046208,0.39358,0.48832,-0.048538
no_signal,0.210906,0.674817,0.0,0.1793,0.589535,-0.006365,0.166565,0.497266,-0.011931,0.150714,0.433008,-0.017203,0.126898,0.402181,-0.023472,0.241372,0.453233,-0.01376,0.258772,0.358223,-0.020565,0.271608,0.303371,-0.025585,0.281945,0.262685,-0.029583,0.270921,0.480008,-0.018242,0.303817,0.386382,-0.023343,0.32428,0.327854,-0.029052,0.339163,0.285161,-0.034013,0.291374,0.518644,-0.0232,0.329978,0.449678,-0.030862,0.35752,0.406698,-0.040699,0.3784,0.372529,-0.048046,0.303618,0.563082,-0.028078,0.343273,0.529933,-0.036691,0.36886,0.511925,-0.041382,0.38944,0.494954,-0.044556
no_signal,0.207921,0.67891,0.0,0.176715,0.586767,-0.00406,0.164734,0.489866,-0.007609,0.149301,0.420744,-0.011245,0.125562,0.386108,-0.016039,0.240613,0.463869,-0.009657,0.263171,0.379955,-0.013974,0.278889,0.33044,-0.017634,0.291651,0.293754,-0.021259,0.271163,0.493546,-0.014132,0.308589,0.415517,-0.016353,0.329908,0.367933,-0.020699,0.347095,0.332475,-0.025845,0.29169,0.530747,-0.018988,0.334639,0.470263,-0.025646,0.361246,0.434895,-0.034655,0.382114,0.405745,-0.04222,0.302559,0.570349,-0.023541,0.34292,0.545452,-0.033207,0.369316,0.531388,-0.03889,0.391507,0.517336,-0.043133
no_signal,0.205611,0.662326,0.0,0.174648,0.569361,-0.004692,0.164836,0.467382,-0.006911,0.151705,0.393138,-0.009935,0.12914,0.350135,-0.013437,0.238715,0.438925,0.003177,0.263201,0.364246,0.003844,0.28059,0.32142,0.003148,0.295438,0.290339,0.001254,0.268811,0.469997,4.5e-05,0.307116,0.416717,0.002232,0.330156,0.395924,0.001847,0.347573,0.383051,0.000194,0.289906,0.508938,-0.004554,0.329077,0.456225,-0.006645,0.351785,0.430681,-0.00854,0.369126,0.407474,-0.010574,0.303814,0.55022,-0.009602,0.341932,0.519893,-0.012856,0.366827,0.504411,-0.012598,0.387196,0.488075,-0.012429
no_signal,0.195215,0.652502,-0.0,0.163646,0.553879,0.01354,0.161289,0.443256,0.01752,0.152545,0.371189,0.017223,0.13152,0.325903,0.014996,0.235902,0.414344,0.029351,0.260262,0.36989,0.047765,0.274131,0.349006,0.056079,0.283727,0.330477,0.057856,0.26951,0.444167,0.020358,0.275831,0.444571,0.038605,0.268501,0.457348,0.042395,0.261889,0.472213,0.041791,0.292314,0.487481,0.012294,0.317475,0.456064,0.026425,0.331769,0.433645,0.030721,0.342703,0.412317,0.028839,0.305588,0.53542,0.00559,0.337893,0.49547,0.016341,0.359808,0.475175,0.025979,0.376183,0.454523,0.030736
no_signal,0.193379,0.626461,-0.0,0.171593,0.519167,0.003564,0.173555,0.420663,0.000389,0.171807,0.349021,-0.005408,0.154608,0.298213,-0.011237,0.25644,0.405073,0.00935,0.28952,0.409301,0.014769,0.295462,0.427385,0.016041,0.291928,0.441097,0.01532,0.281579,0.44774,0.002478,0.300927,0.463579,0.010676,0.292614,0.482586,0.0088,0.28255,0.495885,0.003682,0.298792,0.499205,-0.003708,0.333252,0.487317,-0.000988,0.33796,0.498512,-0.001582,0.337398,0.505132,-0.004853,0.307495,0.554393,-0.00891,0.350135,0.528726,-0.007521,0.376985,0.516563,-0.003015,0.399445,0.501384,-0.000601
no_signal,0.185104,0.586577,-0.0,0.181598,0.482074,0.005196,0.199703,0.392114,0.00511,0.212661,0.324702,0.002854,0.207539,0.271626,0.000572,0.270757,0.395389,0.006126,0.287268,0.426977,0.010143,0.286334,0.454108,0.011454,0.280663,0.471287,0.010761,0.294088,0.434208,-0.001895,0.310917,0.470009,0.003669,0.30866,0.487671,0.000588,0.307629,0.496766,-0.005027,0.308927,0.487381,-0.008877,0.343781,0.498029,-0.01044,0.359994,0.508692,-0.014713,0.374854,0.508881,-0.019906,0.314024,0.544816,-0.014399,0.356135,0.529267,-0.016285,0.383524,0.526762,-0.012958,0.409935,0.520382,-0.011244
no_signal,0.177699,0.523706,-0.0,0.196316,0.438384,0.003411,0.235678,0.373378,0.003824,0.261274,0.317175,0.001968,0.258085,0.260826,-0.000846,0.297421,0.398787,0.008941,0.326521,0.463589,0.009567,0.330752,0.499651,0.006832,0.331295,0.51924,0.003828,0.309027,0.443024,0.001818,0.338236,0.514094,0.007058,0.34162,0.54405,0.004476,0.345874,0.55741,-0.000817,0.312356,0.495345,-0.005313,0.350947,0.544821,-0.007642,0.365233,0.57469,-0.009932,0.378766,0.584678,-0.013106,0.306167,0.548846,-0.011617,0.350765,0.554323,-0.01285,0.379443,0.5684,-0.008224,0.405748,0.577515,-0.005573
no_signal,0.186128,0.465907,-0.0,0.222221,0.411069,0.007143,0.2742,0.386813,0.01082,0.309355,0.365246,0.011608,0.324767,0.323103,0.011479,0.318067,0.414934,0.014491,0.344245,0.49595,0.01529,0.345052,0.544495,0.01221,0.347157,0.578789,0.009161,0.317208,0.449104,0.005702,0.34016,0.539381,0.007963,0.341104,0.592234,0.003698,0.342855,0.628461,-0.001004,0.307924,0.48909,-0.003066,0.337638,0.563954,-0.00594,0.344329,0.617548,-0.00875,0.350837,0.649643,-0.011073,0.29353,0.529123,-0.011148,0.334785,0.54638,-0.011569,0.36069,0.562423,-0.008647,0.384533,0.576138,-0.007353
no_signal,0.196939,0.428779,0.0,0.248353,0.40909,0.004812,0.308194,0.417706,0.003058,0.346463,0.416113,-5.6e-05,0.37502,0.395297,-0.002401,0.327882,0.408611,0.000154,0.358117,0.504757,-0.005793,0.365606,0.556042,-0.008924,0.371695,0.600361,-0.011502,0.31479,0.421616,-0.008461,0.342927,0.524547,-0.018033,0.341968,0.585731,-0.021615,0.340095,0.636902,-0.022784,0.295688,0.442774,-0.017074,0.331402,0.520602,-0.025321,0.347405,0.582177,-0.028437,0.360027,0.632444,-0.030395,0.276813,0.47061,-0.025068,0.307623,0.489168,-0.029355,0.326948,0.501364,-0.030319,0.344053,0.512977,-0.031579
no_signal,0.214255,0.49852,0.0,0.278546,0.499121,0.00477,0.333476,0.466516,-0.003649,0.370123,0.436438,-0.014004,0.403934,0.40806,-0.023478,0.347022,0.399195,-0.020636,0.371164,0.475236,-0.041008,0.364435,0.530839,-0.050908,0.353213,0.583544,-0.057755,0.329275,0.38397,-0.03594,0.34834,0.467423,-0.060985,0.337311,0.534917,-0.067974,0.322819,0.588245,-0.071419,0.301589,0.381855,-0.051494,0.332904,0.425394,-0.077147,0.333119,0.485539,-0.083784,0.329939,0.532689,-0.087566,0.273872,0.397504,-0.065842,0.272343,0.339149,-0.09146,0.274435,0.298371,-0.104873,0.278802,0.263967,-0.113344
no_signal,0.250469,0.554699,0.0,0.303715,0.53951,-0.012551,0.3499,0.484384,-0.023383,0.379129,0.441643,-0.032139,0.40927,0.404055,-0.039025,0.345598,0.40081,-0.025621,0.368243,0.43248,-0.050098,0.360353,0.486407,-0.064611,0.352852,0.541267,-0.072839,0.321107,0.382355,-0.032581,0.345027,0.409534,-0.066614,0.334689,0.482923,-0.080002,0.322929,0.544256,-0.082232,0.290372,0.377696,-0.041886,0.313548,0.34264,-0.071339,0.336922,0.325538,-0.087105,0.359819,0.307069,-0.094633,0.258728,0.389268,-0.050711,0.244844,0.320763,-0.071581,0.239155,0.264935,-0.082704,0.239527,0.207472,-0.089932
no_signal,0.275637,0.596328,-0.0,0.322474,0.575047,-0.008202,0.363396,0.506853,-0.017144,0.390823,0.458526,-0.025939,0.41791,0.41766,-0.032741,0.349745,0.408994,-0.011105,0.375092,0.410391,-0.034649,0.372266,0.471207,-0.050786,0.370296,0.527255,-0.058915,0.322868,0.391049,-0.019007,0.350976,0.391195,-0.050712,0.348659,0.469582,-0.062042,0.348187,0.532086,-0.061593,0.291802,0.3892,-0.03005,0.311452,0.329293,-0.055438,0.329427,0.293171,-0.06669,0.348611,0.255801,-0.070484,0.260148,0.403282,-0.040688,0.24544,0.332655,-0.055165,0.235836,0.283649,-0.059099,0.231475,0.231344,-0.060944
no_signal,0.291591,0.646329,-0.0,0.333536,0.601341,-0.005809,0.363528,0.514865,-0.012398,0.379039,0.455589,-0.020267,0.396981,0.403347,-0.02585,0.340949,0.437041,-0.001044,0.359512,0.394719,-0.0246,0.36837,0.438269,-0.041548,0.377237,0.489771,-0.049646,0.313647,0.426046,-0.01045,0.336373,0.374598,-0.042752,0.349296,0.441505,-0.056121,0.360285,0.507308,-0.055816,0.28501,0.429172,-0.023313,0.294731,0.346893,-0.046727,0.318504,0.319196,-0.055956,0.343917,0.298942,-0.057494,0.256876,0.449364,-0.036368,0.235391,0.380619,-0.047755,0.235139,0.337,-0.050486,0.241909,0.295574,-0.051457
no_signal,0.295028,0.691516,-0.0,0.326469,0.621889,-0.002751,0.339369,0.522682,-0.006202,0.349452,0.461358,-0.012954,0.360778,0.407521,-0.01774,0.302696,0.472138,0.00738,0.325063,0.420654,-0.01477,0.345834,0.452588,-0.031321,0.363387,0.496463,-0.039503,0.285344,0.471445,-0.003345,0.306523,0.41103,-0.032598,0.337289,0.440575,-0.048686,0.364108,0.48654,-0.052132,0.265903,0.482892,-0.017632,0.271177,0.397764,-0.039765,0.298923,0.372326,-0.050786,0.329243,0.363775,-0.053672,0.247302,0.509678,-0.03264,0.22104,0.452388,-0.046514,0.229528,0.412078,-0.053642,0.25034,0.383849,-0.057117
no_signal,0.293902,0.706958,0.0,0.317798,0.602392,0.014727,0.309064,0.521358,0.010504,0.307792,0.478209,-8.7e-05,0.313734,0.4515,-0.010009,0.252016,0.493736,-0.003035,0.2811,0.423283,-0.029585,0.316875,0.433757,-0.048785,0.349424,0.456775,-0.060437,0.248001,0.515792,-0.026045,0.258729,0.414127,-0.054267,0.293282,0.378501,-0.069571,0.326499,0.366864,-0.076565,0.254407,0.549676,-0.049634,0.245639,0.447681,-0.073506,0.266063,0.408516,-0.084836,0.285749,0.383442,-0.090013,0.274889,0.58207,-0.072042,0.265912,0.533458,-0.089644,0.263264,0.498994,-0.098036,0.262937,0.469508,-0.102935
no_signal,0.279869,0.717998,1e-06,0.254061,0.62764,-0.004832,0.246071,0.531447,-0.018194,0.25213,0.451281,-0.031249,0.262783,0.39174,-0.044058,0.233597,0.551826,-0.053393,0.247869,0.451838,-0.081195,0.267796,0.394122,-0.094008,0.283885,0.351442,-0.101467,0.257101,0.586134,-0.065352,0.264479,0.484765,-0.097551,0.282894,0.408783,-0.110571,0.300406,0.354585,-0.1184,0.290705,0.615968,-0.075478,0.30041,0.534909,-0.107462,0.311665,0.472963,-0.119887,0.320318,0.428143,-0.12563,0.329617,0.639455,-0.084429,0.359491,0.572968,-0.110407,0.376614,0.524193,-0.120977,0.390852,0.482122,-0.126859
no_signal,0.267594,0.724682,0.0,0.236037,0.646789,-0.014696,0.218447,0.550643,-0.028844,0.219059,0.467887,-0.038995,0.234094,0.406514,-0.048916,0.231289,0.576326,-0.051715,0.254422,0.495608,-0.071326,0.269571,0.444706,-0.080247,0.281571,0.40266,-0.085488,0.267039,0.602498,-0.053922,0.290119,0.511284,-0.075402,0.302961,0.442185,-0.084867,0.310629,0.387358,-0.091853,0.303679,0.62173,-0.054708,0.337329,0.522295,-0.076321,0.354539,0.446525,-0.085242,0.362901,0.38751,-0.089539,0.33584,0.633796,-0.054903,0.36573,0.540422,-0.071892,0.380998,0.482462,-0.077319,0.391906,0.433707,-0.079862
no_signal,0.259745,0.719056,0.0,0.224817,0.642756,-0.018702,0.206591,0.545875,-0.035813,0.208027,0.464507,-0.045284,0.222469,0.407754,-0.053976,0.230994,0.575559,-0.069739,0.26503,0.47529,-0.08705,0.287607,0.421107,-0.094254,0.304845,0.37696,-0.099032,0.276054,0.616141,-0.065126,0.312394,0.521085,-0.085137,0.330369,0.478009,-0.092179,0.33573,0.450775,-0.098039,0.312646,0.637287,-0.057057,0.344875,0.523421,-0.07404,0.361254,0.446432,-0.081227,0.364955,0.398304,-0.086195,0.33789,0.632066,-0.04773,0.348825,0.526718,-0.057863,0.34882,0.477599,-0.059459,0.346179,0.44507,-0.061225
no_signal,0.251731,0.709412,1e-06,0.216911,0.638379,-0.026699,0.198124,0.542299,-0.045858,0.199598,0.463827,-0.057219,0.21162,0.402851,-0.067206,0.229348,0.57955,-0.070311,0.263996,0.497563,-0.09182,0.283953,0.438702,-0.100275,0.300864,0.389363,-0.104204,0.273022,0.609013,-0.062971,0.310647,0.501596,-0.081872,0.33404,0.4307,-0.086223,0.349495,0.373704,-0.089135,0.308136,0.620543,-0.053797,0.32956,0.506758,-0.070027,0.327261,0.450993,-0.069017,0.320495,0.413433,-0.066319,0.332059,0.614857,-0.045387,0.334317,0.515564,-0.056649,0.32306,0.476684,-0.054644,0.311883,0.453739,-0.051581
no_signal,0.241663,0.698874,0.0,0.207158,0.625405,-0.022268,0.19013,0.534885,-0.039043,0.191166,0.456778,-0.049494,0.199424,0.392915,-0.058444,0.22789,0.553332,-0.057936,0.264437,0.454952,-0.075471,0.284528,0.397389,-0.080241,0.300845,0.353261,-0.080876,0.268497,0.580961,-0.052146,0.297695,0.454459,-0.065866,0.31277,0.380694,-0.067167,0.322757,0.32367,-0.067402,0.301591,0.597072,-0.045,0.318575,0.471793,-0.056345,0.318559,0.410035,-0.053481,0.314726,0.369271,-0.049667,0.325518,0.603539,-0.038644,0.328782,0.499691,-0.046774,0.321613,0.455178,-0.042975,0.313501,0.426711,-0.038046
no_signal,0.227194,0.694615,0.0,0.195735,0.614072,-0.013211,0.184132,0.523531,-0.029462,0.18719,0.443882,-0.040626,0.192666,0.376201,-0.05095,0.219597,0.532535,-0.062038,0.258213,0.414795,-0.075765,0.276826,0.355324,-0.074487,0.290629,0.313464,-0.070717,0.256602,0.566808,-0.060043,0.288651,0.430555,-0.071845,0.288292,0.376446,-0.06347,0.285645,0.346756,-0.055946,0.288499,0.595021,-0.054956,0.313169,0.462982,-0.06305,0.296545,0.451187,-0.046357,0.282523,0.466277,-0.032316,0.314054,0.617592,-0.050026,0.327637,0.508624,-0.053347,0.312616,0.499799,-0.039433,0.301202,0.5175,-0.02669
no_signal,0.213262,0.699545,0.0,0.190192,0.612873,-0.010142,0.186625,0.515309,-0.028433,0.1928,0.435007,-0.042416,0.200444,0.365686,-0.055827,0.202089,0.530416,-0.069793,0.24753,0.422042,-0.090685,0.271351,0.371849,-0.093041,0.290057,0.342869,-0.0912,0.23375,0.573802,-0.07199,0.285573,0.441455,-0.097224,0.274433,0.441116,-0.087179,0.257984,0.468108,-0.073758,0.264612,0.610462,-0.07086,0.306768,0.48854,-0.085001,0.290967,0.491516,-0.062898,0.276145,0.516793,-0.043292,0.291347,0.642027,-0.069866,0.3227,0.539856,-0.073099,0.308294,0.537352,-0.05539,0.294611,0.560143,-0.040064
no_signal,0.217564,0.699221,0.0,0.21673,0.608318,0.00427,0.221255,0.505263,-0.008853,0.230694,0.425465,-0.023662,0.234546,0.367817,-0.035961,0.189104,0.488575,-0.043839,0.243757,0.408761,-0.064798,0.278809,0.417218,-0.065636,0.293074,0.448316,-0.061553,0.192413,0.53441,-0.056276,0.267769,0.457614,-0.07265,0.285186,0.496868,-0.060249,0.277865,0.525505,-0.050268,0.208396,0.585507,-0.067061,0.282733,0.513922,-0.075574,0.290499,0.549515,-0.053442,0.276408,0.576583,-0.038452,0.22991,0.632618,-0.077982,0.290173,0.575056,-0.078794,0.292425,0.591203,-0.063671,0.276954,0.607753,-0.052981
no_signal,0.270428,0.685508,-0.0,0.297985,0.607337,-0.004876,0.297488,0.509308,-0.009506,0.291565,0.441911,-0.016,0.288848,0.385656,-0.019586,0.2465,0.447054,-0.004328,0.276814,0.404151,-0.024049,0.30709,0.446355,-0.034093,0.317046,0.4889,-0.037869,0.226061,0.467357,-0.011503,0.259935,0.421843,-0.032374,0.29545,0.468676,-0.038555,0.302433,0.507618,-0.038836,0.213084,0.505615,-0.020709,0.238616,0.447898,-0.042592,0.274352,0.486038,-0.040591,0.280297,0.51846,-0.034501,0.205273,0.557307,-0.03013,0.23284,0.511566,-0.047966,0.259416,0.528415,-0.046301,0.263334,0.549255,-0.041116
no_signal,0.291996,0.681346,-0.0,0.318421,0.633439,-0.007985,0.333179,0.545221,-0.016253,0.341223,0.481136,-0.026395,0.340496,0.426047,-0.034531,0.290263,0.481984,-0.010175,0.300435,0.41119,-0.030781,0.325946,0.445649,-0.044169,0.334098,0.498061,-0.048623,0.266915,0.48769,-0.015626,0.26654,0.398482,-0.032518,0.299608,0.416613,-0.03976,0.313394,0.459264,-0.041202,0.247079,0.508229,-0.023278,0.230097,0.412258,-0.036544,0.263914,0.419649,-0.035948,0.282391,0.453145,-0.032517,0.230584,0.544546,-0.031878,0.215349,0.475775,-0.041469,0.238952,0.463529,-0.03934,0.257883,0.478556,-0.035493
no_signal,0.305178,0.710061,0.0,0.338231,0.662978,-0.007053,0.357482,0.583899,-0.01444,0.370838,0.523622,-0.024556,0.376781,0.471285,-0.033305,0.314235,0.492148,-0.00301,0.336158,0.435143,-0.028645,0.359755,0.455354,-0.048364,0.373341,0.499835,-0.055802,0.29286,0.483821,-0.009939,0.290329,0.403028,-0.031526,0.316993,0.372525,-0.044875,0.342453,0.382512,-0.04768,0.273329,0.498186,-0.019833,0.248295,0.419659,-0.037527,0.264718,0.385941,-0.044728,0.286902,0.384025,-0.043594,0.258447,0.533119,-0.030888,0.227746,0.481717,-0.043616,0.240076,0.446903,-0.046144,0.265294,0.4365,-0.043172
no_signal,0.317863,0.728142,0.0,0.351877,0.674653,-0.00375,0.367559,0.598242,-0.008602,0.38127,0.538769,-0.016511,0.390733,0.482963,-0.022819,0.321117,0.509612,0.00241,0.339136,0.446171,-0.020789,0.364665,0.445482,-0.037889,0.386622,0.463436,-0.045375,0.300177,0.49841,-0.007379,0.290655,0.408478,-0.022351,0.307834,0.351289,-0.030112,0.32766,0.3126,-0.033299,0.282591,0.513808,-0.020922,0.252828,0.439818,-0.035768,0.260504,0.387348,-0.039547,0.277202,0.349779,-0.039551,0.269873,0.547727,-0.035761,0.239907,0.496248,-0.047307,0.243669,0.452005,-0.048048,0.258791,0.416226,-0.046442
no_signal,0.325599,0.738001,0.0,0.359464,0.669307,0.005478,0.367453,0.587583,0.006535,0.377559,0.534769,0.00251,0.386279,0.482692,-0.000625,0.319361,0.511002,0.014703,0.336914,0.446564,-0.004929,0.36295,0.438938,-0.021835,0.385607,0.449706,-0.030663,0.302361,0.504785,0.000564,0.286035,0.416074,-0.011331,0.294178,0.348771,-0.021669,0.30423,0.297273,-0.028781,0.290978,0.521827,-0.016899,0.258485,0.448913,-0.028954,0.25869,0.390916,-0.036281,0.266799,0.342211,-0.040862,0.287555,0.551552,-0.034971,0.25737,0.501604,-0.045139,0.25314,0.454595,-0.048261,0.25886,0.410235,-0.050191
no_signal,0.343237,0.732379,0.0,0.366087,0.646309,0.011414,0.36217,0.562205,0.0146,0.366523,0.510313,0.012305,0.375607,0.466586,0.010329,0.315459,0.49961,0.012959,0.318867,0.426621,-0.002973,0.34397,0.403171,-0.016352,0.370525,0.394086,-0.025098,0.305673,0.508478,-0.003315,0.276162,0.419413,-0.016876,0.27956,0.351051,-0.02797,0.286795,0.298124,-0.036425,0.30311,0.535886,-0.021447,0.264858,0.45774,-0.035234,0.259971,0.400762,-0.04513,0.261089,0.352311,-0.052667,0.309286,0.569411,-0.039204,0.283318,0.527595,-0.054198,0.272947,0.48331,-0.063121,0.267262,0.441277,-0.069886
no_signal,0.34703,0.725543,0.0,0.3648,0.632847,0.01161,0.353045,0.548109,0.010832,0.356777,0.490274,0.005378,0.366149,0.445788,-0.001401,0.306563,0.51403,-0.009658,0.286706,0.417514,-0.022064,0.282985,0.355944,-0.030226,0.281202,0.308361,-0.037109,0.304044,0.536134,-0.027233,0.279688,0.437401,-0.043415,0.284102,0.369965,-0.055954,0.290875,0.322133,-0.065044,0.314404,0.563582,-0.04351,0.291012,0.475334,-0.061636,0.287646,0.409505,-0.078024,0.285432,0.362595,-0.089956,0.337198,0.58785,-0.058017,0.345063,0.527981,-0.073342,0.353547,0.48262,-0.083956,0.360042,0.44783,-0.092872
no_signal,0.337808,0.676697,0.0,0.344234,0.580463,0.006077,0.339359,0.49059,0.001119,0.343324,0.425781,-0.006978,0.35206,0.378937,-0.014805,0.308448,0.476619,-0.024478,0.289021,0.378452,-0.044366,0.29381,0.320651,-0.05525,0.299456,0.277718,-0.061755,0.309963,0.50215,-0.040192,0.286258,0.395383,-0.062634,0.287755,0.328955,-0.07481,0.292244,0.2828,-0.081939,0.32777,0.529808,-0.054625,0.334145,0.445444,-0.078031,0.345031,0.387901,-0.091029,0.352522,0.34554,-0.098236,0.357933,0.553518,-0.067799,0.394694,0.485114,-0.084448,0.419689,0.443913,-0.091514,0.439551,0.412573,-0.096067
no_signal,0.318684,0.612828,0.0,0.305496,0.520594,0.007332,0.313762,0.435645,0.000415,0.334502,0.379585,-0.00796,0.353228,0.344291,-0.015929,0.298951,0.428494,-0.031034,0.286256,0.323305,-0.050457,0.296435,0.262546,-0.060547,0.309518,0.216884,-0.066031,0.313984,0.45375,-0.045372,0.305654,0.335953,-0.067706,0.311159,0.266105,-0.078132,0.319156,0.217727,-0.083681,0.341567,0.479837,-0.057123,0.371911,0.364727,-0.078482,0.395884,0.305209,-0.087202,0.414544,0.260907,-0.090825,0.374853,0.506935,-0.066961,0.416505,0.433734,-0.082157,0.439986,0.399031,-0.085221,0.458112,0.368255,-0.085668
no_signal,0.300553,0.55807,1e-06,0.290671,0.463426,-0.002569,0.293138,0.379392,-0.011736,0.304253,0.307823,-0.019245,0.317981,0.255503,-0.026094,0.286839,0.371926,-0.035886,0.287655,0.270422,-0.056123,0.301615,0.209507,-0.066885,0.315981,0.162479,-0.072257,0.313111,0.398329,-0.042852,0.339489,0.283225,-0.06331,0.358578,0.214254,-0.073513,0.370999,0.165239,-0.078885,0.34374,0.43007,-0.047966,0.389948,0.337576,-0.066722,0.417281,0.285193,-0.073137,0.434383,0.248555,-0.074756,0.372162,0.464772,-0.051821,0.41033,0.40601,-0.063703,0.427487,0.377002,-0.064061,0.438969,0.352701,-0.062177
no_signal,0.268919,0.50027,1e-06,0.265886,0.399733,-0.002293,0.271563,0.307517,-0.011567,0.287904,0.233888,-0.018937,0.308028,0.185392,-0.026137,0.284325,0.300148,-0.035442,0.322961,0.221061,-0.052899,0.351521,0.177298,-0.061885,0.374983,0.147148,-0.066243,0.308081,0.340543,-0.041278,0.365114,0.254053,-0.055459,0.398434,0.203577,-0.060388,0.419779,0.16613,-0.063731,0.332916,0.385789,-0.045043,0.391372,0.325251,-0.056326,0.419511,0.292884,-0.056688,0.434869,0.267547,-0.05602,0.354557,0.432446,-0.04783,0.398105,0.388326,-0.051792,0.412486,0.364974,-0.046908,0.419328,0.346282,-0.0428
no_signal,0.242876,0.433552,1e-06,0.257848,0.341792,0.003488,0.285105,0.262615,-0.004606,0.317318,0.208218,-0.013403,0.342446,0.171931,-0.021672,0.28505,0.231542,-0.030085,0.33843,0.182042,-0.049775,0.375218,0.17052,-0.060702,0.402924,0.171154,-0.06635,0.290307,0.278328,-0.040553,0.367822,0.247398,-0.057103,0.410567,0.242912,-0.061655,0.437953,0.241864,-0.065031,0.30037,0.333647,-0.049499,0.375029,0.314902,-0.061462,0.407792,0.31981,-0.060155,0.424847,0.323589,-0.059136,0.313293,0.390351,-0.057837,0.37156,0.383455,-0.061625,0.39167,0.380892,-0.056959,0.402118,0.376001,-0.053424
no_signal,0.219166,0.40815,0.0,0.289891,0.384296,0.000663,0.326672,0.335486,-0.00663,0.351785,0.301807,-0.017755,0.376493,0.2753,-0.027916,0.293177,0.205608,-0.013812,0.344534,0.173276,-0.037899,0.380615,0.196878,-0.0539,0.403343,0.229048,-0.061959,0.278391,0.212032,-0.025026,0.349339,0.231489,-0.04927,0.3871,0.279636,-0.057509,0.40586,0.320815,-0.059281,0.269808,0.246035,-0.037155,0.341593,0.281536,-0.059635,0.371613,0.334195,-0.059512,0.386748,0.375422,-0.054016,0.26619,0.294294,-0.049629,0.322077,0.333548,-0.063861,0.345907,0.369647,-0.06194,0.361125,0.398666,-0.055838
no_signal,0.213861,0.436335,0.0,0.266329,0.436493,-0.012325,0.315161,0.408424,-0.022732,0.349202,0.376196,-0.035023,0.378322,0.345843,-0.04676,0.317523,0.289418,-0.009809,0.351063,0.234871,-0.030757,0.374965,0.246935,-0.046832,0.392844,0.272411,-0.056375,0.296055,0.268718,-0.014722,0.337154,0.230269,-0.0388,0.360453,0.270383,-0.053194,0.372852,0.314727,-0.059856,0.271359,0.259486,-0.022093,0.311816,0.231122,-0.043974,0.336347,0.275137,-0.050182,0.351256,0.319921,-0.050792,0.243862,0.261499,-0.030993,0.278868,0.24835,-0.048946,0.300474,0.280783,-0.053435,0.315605,0.313844,-0.053376
no_signal,0.198644,0.469567,0.0,0.249754,0.477594,-0.012146,0.293484,0.456456,-0.016721,0.323646,0.416869,-0.022178,0.348881,0.381282,-0.027549,0.300557,0.350581,0.001278,0.333222,0.313431,-0.011045,0.353748,0.31125,-0.022694,0.369352,0.31461,-0.030241,0.285202,0.318248,-0.000699,0.318267,0.269265,-0.012661,0.339646,0.274359,-0.022889,0.354035,0.294368,-0.029125,0.263412,0.298575,-0.005694,0.29157,0.235491,-0.019066,0.313093,0.237391,-0.026429,0.329382,0.259295,-0.029908,0.236046,0.28764,-0.0121,0.254601,0.233128,-0.025119,0.275276,0.229454,-0.030258,0.293128,0.248411,-0.032002
no_signal,0.186981,0.512334,0.0,0.234494,0.515478,-0.014426,0.274337,0.483569,-0.018214,0.300689,0.439413,-0.021733,0.318588,0.394033,-0.0249,0.275091,0.383649,-0.001707,0.306622,0.337947,-0.01323,0.328289,0.316881,-0.023936,0.348714,0.300712,-0.031051,0.258472,0.351775,-0.003089,0.29136,0.296872,-0.012781,0.316996,0.27351,-0.021962,0.340924,0.25899,-0.028351,0.23665,0.333024,-0.00781,0.261403,0.268154,-0.019285,0.285224,0.240097,-0.027242,0.308849,0.225421,-0.031953,0.210412,0.324537,-0.014224,0.226569,0.263192,-0.025129,0.244922,0.232292,-0.030225,0.265603,0.214402,-0.033158
no_signal,0.172885,0.547982,0.0,0.221613,0.549039,-0.015843,0.264173,0.520549,-0.019477,0.287898,0.469333,-0.022274,0.300628,0.419358,-0.024946,0.254071,0.41546,-0.00433,0.284651,0.365588,-0.015389,0.304709,0.336806,-0.025512,0.322343,0.314083,-0.032389,0.234195,0.382268,-0.004794,0.265462,0.31653,-0.014058,0.287501,0.276902,-0.024263,0.307222,0.246426,-0.031534,0.210138,0.364654,-0.008226,0.232077,0.290405,-0.01981,0.248504,0.247485,-0.030089,0.265941,0.216282,-0.036837,0.181208,0.36179,-0.01309,0.183472,0.2989,-0.025277,0.190745,0.262881,-0.03185,0.202512,0.235463,-0.035668
no_signal,0.153401,0.582961,0.0,0.202264,0.58852,-0.019685,0.249726,0.560882,-0.025306,0.277161,0.515209,-0.0292,0.296226,0.47259,-0.032479,0.239195,0.438401,-0.010495,0.269791,0.3778,-0.021302,0.288127,0.340016,-0.030455,0.302619,0.307853,-0.036844,0.214173,0.405521,-0.009438,0.239216,0.325622,-0.019285,0.255457,0.277359,-0.029139,0.267996,0.238466,-0.035618,0.186099,0.391734,-0.01116,0.197497,0.310114,-0.022749,0.205702,0.262762,-0.031931,0.214704,0.225,-0.037431,0.154929,0.395311,-0.014686,0.153046,0.330256,-0.026558,0.153949,0.290867,-0.032245,0.15838,0.256263,-0.034886
no_signal,0.105836,0.597686,0.0,0.15822,0.607296,-0.022503,0.209918,0.580919,-0.030734,0.24685,0.543227,-0.037094,0.275493,0.510297,-0.042595,0.207684,0.456152,-0.014613,0.245381,0.395537,-0.027109,0.266514,0.357878,-0.03774,0.282861,0.323996,-0.045395,0.182681,0.420798,-0.013445,0.211129,0.339395,-0.024208,0.229194,0.290093,-0.034936,0.2421,0.249432,-0.04248,0.154075,0.406263,-0.015353,0.167356,0.326009,-0.027741,0.176507,0.27787,-0.037595,0.18476,0.238102,-0.043781,0.122695,0.409331,-0.019438,0.122097,0.342779,-0.03235,0.122229,0.300815,-0.038778,0.124305,0.262109,-0.042007
no_signal,0.072148,0.566645,0.0,0.128607,0.570732,-0.017489,0.182431,0.544276,-0.020963,0.220129,0.50773,-0.023618,0.246708,0.4755,-0.025817,0.180299,0.42677,-0.004425,0.217165,0.370759,-0.012586,0.23795,0.336748,-0.020974,0.254777,0.30536,-0.027206,0.154418,0.391518,-0.004309,0.181899,0.314596,-0.010385,0.199905,0.267926,-0.019271,0.213803,0.229635,-0.026145,0.124438,0.376049,-0.007263,0.139067,0.299238,-0.015479,0.148442,0.252834,-0.024062,0.157885,0.21612,-0.030171,0.091132,0.37742,-0.012261,0.092238,0.315559,-0.021469,0.093601,0.276249,-0.026421,0.097937,0.2405,-0.029254
no_signal,0.084772,0.529833,0.0,0.139946,0.523136,-0.019937,0.191096,0.486365,-0.022945,0.225128,0.444598,-0.024944,0.251216,0.41599,-0.026617,0.167606,0.366558,-0.002956,0.198708,0.310247,-0.008909,0.216934,0.278158,-0.016179,0.230232,0.249244,-0.022311,0.136951,0.337495,-0.002064,0.157227,0.257187,-0.006953,0.171577,0.212203,-0.016102,0.182339,0.175369,-0.023675,0.105647,0.330372,-0.004618,0.112899,0.251957,-0.013531,0.119118,0.20576,-0.02331,0.125756,0.168434,-0.030302,0.072664,0.340259,-0.00937,0.067091,0.277044,-0.019946,0.064319,0.23478,-0.026166,0.064989,0.196804,-0.030103
no_signal,0.13055,0.531759,0.0,0.175614,0.487737,-0.015728,0.207217,0.414423,-0.018201,0.223881,0.355874,-0.020526,0.244107,0.325961,-0.022855,0.163468,0.317456,-0.005462,0.174123,0.248159,-0.012127,0.182336,0.208335,-0.018288,0.187025,0.173287,-0.023546,0.130168,0.301573,-0.006179,0.131473,0.215002,-0.012399,0.135939,0.164616,-0.019333,0.138167,0.122668,-0.024848,0.101012,0.308107,-0.009751,0.086349,0.222063,-0.020471,0.081241,0.170251,-0.03016,0.077137,0.130348,-0.036739,0.075391,0.333919,-0.014968,0.048901,0.266159,-0.027624,0.032307,0.22071,-0.035503,0.019746,0.180409,-0.040466
no_signal,0.185768,0.536953,-0.0,0.209151,0.440112,0.018902,0.20148,0.353037,0.03314,0.193411,0.299321,0.040371,0.193276,0.259373,0.047,0.147273,0.306001,0.0401,0.12389,0.232885,0.042056,0.113276,0.185477,0.039104,0.104881,0.145095,0.034908,0.135309,0.315897,0.023641,0.096971,0.238622,0.023131,0.077945,0.178899,0.015306,0.061341,0.130162,0.007961,0.128927,0.33545,0.005513,0.093075,0.26107,0.002644,0.076727,0.207505,-0.004707,0.062471,0.159532,-0.011741,0.130485,0.360541,-0.012146,0.104275,0.303154,-0.017646,0.092292,0.261751,-0.022876,0.081825,0.222518,-0.027973
no_signal,0.175818,0.585242,-0.0,0.160216,0.470208,-0.00346,0.141525,0.362138,-0.009536,0.122386,0.293201,-0.016316,0.108239,0.24196,-0.022313,0.144898,0.409845,-0.033963,0.127048,0.33794,-0.049953,0.116966,0.305863,-0.055999,0.105601,0.275506,-0.060948,0.15999,0.449849,-0.044193,0.151361,0.386864,-0.069732,0.142669,0.34619,-0.083458,0.132356,0.307497,-0.092628,0.182736,0.487451,-0.052949,0.210729,0.429536,-0.083464,0.239742,0.384618,-0.098857,0.260482,0.342666,-0.105964,0.211665,0.522209,-0.060106,0.242625,0.467253,-0.084116,0.27021,0.43614,-0.094035,0.294694,0.409905,-0.09956
no_signal,0.160157,0.622517,0.0,0.146638,0.513468,-0.005686,0.143201,0.401149,-0.013961,0.138819,0.328717,-0.019865,0.12429,0.283251,-0.024822,0.132375,0.460362,-0.041962,0.135351,0.417091,-0.060627,0.145848,0.379696,-0.069437,0.157935,0.34283,-0.074267,0.155167,0.510437,-0.047514,0.18826,0.441963,-0.068422,0.214514,0.386662,-0.076928,0.238148,0.338539,-0.083106,0.182588,0.546072,-0.051316,0.233406,0.4686,-0.072964,0.262466,0.411418,-0.080852,0.284444,0.364677,-0.083721,0.211755,0.569142,-0.054034,0.253531,0.491329,-0.066573,0.27292,0.443416,-0.069541,0.288288,0.396919,-0.071096
no_signal,0.135354,0.607745,1e-06,0.116425,0.508489,-0.011738,0.115301,0.403321,-0.024144,0.120401,0.326074,-0.031989,0.117274,0.264484,-0.039145,0.120239,0.440205,-0.051038,0.163763,0.378713,-0.068472,0.19102,0.344367,-0.075464,0.214526,0.318282,-0.077764,0.152583,0.494255,-0.05111,0.216512,0.393337,-0.065135,0.251279,0.333055,-0.067285,0.27681,0.289308,-0.069715,0.183411,0.531931,-0.049185,0.244242,0.425959,-0.061421,0.267588,0.368472,-0.060564,0.280341,0.331289,-0.058798,0.211346,0.552676,-0.04678,0.252417,0.461254,-0.049848,0.264845,0.415758,-0.044146,0.270079,0.38531,-0.039961
no_signal,0.104844,0.547341,1e-06,0.103662,0.435309,-0.014399,0.119562,0.334082,-0.030485,0.135272,0.271304,-0.041829,0.139209,0.208733,-0.053442,0.143601,0.361068,-0.061021,0.212622,0.320029,-0.084125,0.256206,0.297091,-0.098162,0.289075,0.279815,-0.105543,0.161482,0.435758,-0.062037,0.247043,0.374864,-0.083089,0.292988,0.336553,-0.090958,0.323831,0.308871,-0.096587,0.181377,0.499532,-0.060113,0.260282,0.431976,-0.072957,0.286593,0.386175,-0.069282,0.296366,0.354864,-0.066282,0.197351,0.546186,-0.058331,0.258472,0.480961,-0.061082,0.27357,0.44027,-0.051165,0.276953,0.417062,-0.043855
no_signal,0.080165,0.442683,1e-06,0.115072,0.328485,-0.007169,0.168626,0.250297,-0.020906,0.20431,0.202528,-0.032736,0.22827,0.144418,-0.044847,0.19883,0.292503,-0.050164,0.282182,0.321022,-0.070265,0.331627,0.334979,-0.08372,0.368787,0.350148,-0.092489,0.193668,0.368706,-0.056624,0.292753,0.410923,-0.076136,0.336509,0.429094,-0.082346,0.363757,0.438227,-0.087846,0.188813,0.443181,-0.059766,0.277416,0.471291,-0.07159,0.271201,0.448431,-0.060607,0.251815,0.419713,-0.053338,0.179402,0.502276,-0.063187,0.249567,0.501971,-0.067892,0.244824,0.473052,-0.054724,0.226783,0.450866,-0.044702
no_signal,0.102114,0.33941,1e-06,0.179558,0.274222,0.001,0.247156,0.248738,-0.010464,0.299108,0.229469,-0.024343,0.345564,0.218537,-0.037425,0.282272,0.333031,-0.031485,0.345771,0.461511,-0.050822,0.369579,0.540539,-0.064264,0.383614,0.603277,-0.073647,0.257507,0.378078,-0.044623,0.304303,0.540754,-0.058978,0.317171,0.611275,-0.06337,0.325843,0.652115,-0.069988,0.226162,0.424646,-0.055555,0.256911,0.546685,-0.060557,0.239742,0.525582,-0.048177,0.22097,0.487202,-0.043235,0.195032,0.463224,-0.067633,0.225939,0.551669,-0.066722,0.216083,0.52482,-0.052972,0.201267,0.484813,-0.044014
no_signal,0.162793,0.263438,0.0,0.254694,0.284107,0.003815,0.328469,0.362941,6e-06,0.385508,0.43435,-0.006672,0.434796,0.479031,-0.014118,0.33534,0.431331,-0.009714,0.346317,0.608158,-0.02257,0.338795,0.698099,-0.030717,0.330137,0.764506,-0.035549,0.301194,0.429965,-0.021118,0.284276,0.616655,-0.024599,0.270172,0.703349,-0.02632,0.257439,0.762492,-0.032448,0.258883,0.42439,-0.032096,0.245768,0.575181,-0.032998,0.238054,0.627628,-0.025981,0.229733,0.656005,-0.024858,0.219246,0.416566,-0.044022,0.21109,0.523433,-0.042103,0.217913,0.568257,-0.034931,0.224197,0.596595,-0.030711
no_signal,0.221131,0.272109,0.0,0.300751,0.385086,-0.000688,0.350553,0.498355,-0.009423,0.38433,0.591036,-0.021399,0.419601,0.663607,-0.034628,0.364158,0.479489,-0.016315,0.32928,0.624845,-0.038282,0.303111,0.7009,-0.052603,0.278438,0.760783,-0.062629,0.334127,0.425002,-0.029597,0.27205,0.574066,-0.048573,0.234041,0.655655,-0.057648,0.205624,0.720669,-0.068541,0.297401,0.37545,-0.043837,0.240088,0.520777,-0.066485,0.210042,0.602371,-0.071333,0.186837,0.66689,-0.075008,0.259792,0.339041,-0.058249,0.21981,0.450049,-0.074939,0.200382,0.518569,-0.078531,0.186805,0.575563,-0.080869
no_signal,0.251043,0.339867,1e-06,0.315314,0.458605,-0.012361,0.360294,0.552744,-0.024136,0.398041,0.621799,-0.038612,0.439741,0.683241,-0.054972,0.389467,0.505603,-0.018555,0.364711,0.606543,-0.05048,0.347544,0.68363,-0.076512,0.325992,0.749442,-0.094132,0.369335,0.43082,-0.028657,0.317562,0.544975,-0.062237,0.279307,0.635688,-0.083692,0.246303,0.711179,-0.100334,0.33903,0.365991,-0.041274,0.283301,0.475614,-0.078033,0.249453,0.556103,-0.090337,0.222542,0.620682,-0.096121,0.305751,0.313828,-0.055051,0.256658,0.39583,-0.085101,0.227374,0.466848,-0.09484,0.204745,0.528726,-0.099196
no_signal,0.277922,0.363539,1e-06,0.320859,0.453324,-0.011928,0.367281,0.550476,-0.025755,0.406751,0.634261,-0.039226,0.449003,0.689845,-0.053873,0.381404,0.545431,-0.03896,0.397215,0.701614,-0.073062,0.410557,0.807373,-0.095831,0.419713,0.886495,-0.110304,0.385042,0.518406,-0.049342,0.398694,0.688766,-0.083837,0.406041,0.806477,-0.10471,0.412472,0.904172,-0.120383,0.381359,0.490752,-0.060824,0.397674,0.647586,-0.094822,0.403187,0.763984,-0.110961,0.406886,0.856239,-0.121137,0.37375,0.462563,-0.07237,0.398366,0.555732,-0.097666,0.418219,0.62174,-0.109749,0.435754,0.68172,-0.119207
no_signal,0.322419,0.372194,1e-06,0.383031,0.433609,0.022091,0.414495,0.520421,0.025885,0.4367,0.582381,0.026686,0.465055,0.602631,0.025065,0.42091,0.58857,-0.011485,0.440892,0.72052,-0.023129,0.452054,0.796025,-0.027405,0.46086,0.853914,-0.030186,0.394709,0.598186,-0.030423,0.408756,0.762613,-0.044474,0.415112,0.852833,-0.051208,0.420357,0.922468,-0.056193,0.360045,0.597516,-0.045935,0.36364,0.760559,-0.061562,0.357013,0.852199,-0.069199,0.354643,0.924531,-0.073946,0.321554,0.583693,-0.05794,0.31992,0.693206,-0.071714,0.314099,0.757276,-0.076012,0.310074,0.812993,-0.078182
no_signal,0.333525,0.383134,1e-06,0.383388,0.458366,0.003433,0.420807,0.565526,-0.001066,0.452319,0.641747,-0.005568,0.489614,0.664256,-0.011047,0.422681,0.600259,-0.03216,0.439031,0.744826,-0.052197,0.447505,0.83347,-0.062397,0.454572,0.900986,-0.068811,0.392247,0.592045,-0.045529,0.403027,0.756326,-0.064521,0.408934,0.856746,-0.075268,0.413437,0.931863,-0.083023,0.355035,0.57486,-0.056697,0.35143,0.731115,-0.078099,0.342264,0.82028,-0.089664,0.33652,0.891387,-0.097023,0.315807,0.551021,-0.065905,0.299655,0.646227,-0.087441,0.28483,0.695945,-0.095449,0.27367,0.74118,-0.099495
no_signal,0.320842,0.406489,0.0,0.384081,0.43885,0.004715,0.440605,0.507288,0.000733,0.484806,0.551467,-0.004562,0.521272,0.555206,-0.010735,0.444182,0.575451,-0.021096,0.48518,0.691121,-0.035187,0.504905,0.760432,-0.040473,0.518954,0.813656,-0.043388,0.417467,0.603344,-0.034041,0.453967,0.744865,-0.046434,0.472945,0.828524,-0.051913,0.486428,0.889581,-0.056007,0.379891,0.620127,-0.045873,0.40132,0.763149,-0.058837,0.41025,0.845996,-0.066881,0.416467,0.90813,-0.072713,0.337315,0.627212,-0.056405,0.340177,0.737156,-0.068238,0.3404,0.802929,-0.073398,0.341161,0.859887,-0.076795
no_signal,0.320842,0.406489,0.0,0.384081,0.43885,0.004715,0.440605,0.507288,0.000733,0.484806,0.551467,-0.004562,0.521272,0.555206,-0.010735,0.444182,0.575451,-0.021096,0.48518,0.691121,-0.035187,0.504905,0.760432,-0.040473,0.518954,0.813656,-0.043388,0.417467,0.603344,-0.034041,0.453967,0.744865,-0.046434,0.472945,0.828524,-0.051913,0.486428,0.889581,-0.056007,0.379891,0.620127,-0.045873,0.40132,0.763149,-0.058837,0.41025,0.845996,-0.066881,0.416467,0.90813,-0.072713,0.337315,0.627212,-0.056405,0.340177,0.737156,-0.068238,0.3404,0.802929,-0.073398,0.341161,0.859887,-0.076795
no_signal,0.33562,0.395878,1e-06,0.391841,0.443582,0.006433,0.438865,0.532033,0.002493,0.472622,0.593541,-0.002943,0.507634,0.612382,-0.009786,0.455137,0.570768,-0.024059,0.483519,0.704243,-0.043516,0.498503,0.788679,-0.054289,0.509104,0.853871,-0.061016,0.429929,0.578648,-0.039389,0.459648,0.733815,-0.056765,0.476131,0.830827,-0.067514,0.488358,0.907648,-0.075322,0.395763,0.579334,-0.053083,0.424608,0.727789,-0.070915,0.434031,0.817083,-0.082738,0.441203,0.891093,-0.091015,0.356657,0.576097,-0.065211,0.366901,0.673445,-0.083913,0.369372,0.734149,-0.09337,0.371065,0.791242,-0.099076
no_signal,0.33184,0.418384,0.0,0.388021,0.477805,0.002619,0.428278,0.578742,-0.005576,0.440714,0.669593,-0.015202,0.43882,0.740411,-0.025495,0.458241,0.577617,-0.035098,0.498235,0.694781,-0.059033,0.512612,0.776913,-0.072881,0.52064,0.843908,-0.081422,0.432791,0.576463,-0.050414,0.469973,0.704634,-0.072157,0.487796,0.794516,-0.084631,0.499747,0.867618,-0.093672,0.395507,0.575817,-0.064059,0.424364,0.694348,-0.084882,0.434172,0.77545,-0.095043,0.441638,0.840846,-0.101564,0.352963,0.576507,-0.076653,0.364614,0.669472,-0.092232,0.367867,0.721804,-0.096251,0.369604,0.76732,-0.098614
no_signal,0.29919,0.444638,0.0,0.357168,0.485081,0.008668,0.407076,0.551693,0.00531,0.425275,0.625125,-0.002561,0.428372,0.69155,-0.009614,0.455423,0.521408,-0.007318,0.507998,0.61061,-0.023822,0.532263,0.676598,-0.033607,0.548633,0.730479,-0.040221,0.442408,0.531609,-0.024671,0.50194,0.628181,-0.042726,0.530137,0.702267,-0.054714,0.548877,0.760899,-0.062439,0.413874,0.551348,-0.041642,0.458852,0.648509,-0.060626,0.479738,0.7207,-0.072589,0.494639,0.776837,-0.079648,0.375069,0.577612,-0.057534,0.391713,0.657101,-0.071641,0.402716,0.711419,-0.078,0.411291,0.758275,-0.082056
no_signal,0.29506,0.506128,0.0,0.379465,0.601804,0.015581,0.434975,0.600779,0.0159,0.471275,0.596123,0.007658,0.498758,0.597725,0.000204,0.469476,0.472717,0.023063,0.524348,0.483087,-0.001896,0.547308,0.542741,-0.02352,0.560339,0.605075,-0.037323,0.457605,0.449547,-0.000811,0.523475,0.467328,-0.026203,0.54742,0.539648,-0.044813,0.560036,0.60968,-0.055842,0.436909,0.451997,-0.027541,0.499348,0.463596,-0.054201,0.525384,0.532786,-0.067875,0.540207,0.597599,-0.073451,0.408832,0.47779,-0.053861,0.453172,0.496528,-0.072664,0.476067,0.542234,-0.080093,0.492121,0.590121,-0.083947
no_signal,0.309216,0.556801,0.0,0.394672,0.606793,0.010607,0.449587,0.587636,0.008649,0.486564,0.570179,0.000126,0.512016,0.562309,-0.006907,0.454775,0.418716,0.009628,0.510558,0.444153,-0.011683,0.536444,0.503231,-0.028376,0.551289,0.553665,-0.038559,0.4395,0.40316,-0.008373,0.510438,0.432314,-0.031326,0.535799,0.503581,-0.043901,0.546818,0.564355,-0.049832,0.422805,0.417933,-0.027883,0.486929,0.443815,-0.048954,0.514948,0.51171,-0.056732,0.529002,0.56938,-0.05858,0.406148,0.458287,-0.047303,0.455913,0.482125,-0.060887,0.48059,0.525302,-0.064817,0.495874,0.569666,-0.065892
no_signal,0.309216,0.556801,0.0,0.394672,0.606793,0.010607,0.449587,0.587636,0.008649,0.486564,0.570179,0.000126,0.512016,0.562309,-0.006907,0.454775,0.418716,0.009628,0.510558,0.444153,-0.011683,0.536444,0.503231,-0.028376,0.551289,0.553665,-0.038559,0.4395,0.40316,-0.008373,0.510438,0.432314,-0.031326,0.535799,0.503581,-0.043901,0.546818,0.564355,-0.049832,0.422805,0.417933,-0.027883,0.486929,0.443815,-0.048954,0.514948,0.51171,-0.056732,0.529002,0.56938,-0.05858,0.406148,0.458287,-0.047303,0.455913,0.482125,-0.060887,0.48059,0.525302,-0.064817,0.495874,0.569666,-0.065892
no_signal,0.28733,0.528338,0.0,0.365212,0.538678,0.009729,0.427148,0.557851,0.003085,0.471896,0.588972,-0.00982,0.501551,0.627458,-0.024461,0.461141,0.480097,-0.012842,0.520379,0.569445,-0.039324,0.536719,0.646959,-0.057361,0.540443,0.707602,-0.067926,0.438554,0.481788,-0.032585,0.497806,0.59201,-0.054136,0.51616,0.672135,-0.064796,0.522835,0.733643,-0.071889,0.407874,0.508169,-0.052402,0.458968,0.614196,-0.074117,0.476039,0.691393,-0.080785,0.487074,0.749819,-0.083209,0.376372,0.552347,-0.071533,0.407041,0.643581,-0.087094,0.424143,0.704215,-0.089691,0.439855,0.754322,-0.089599
no_signal,0.309392,0.539152,0.0,0.378444,0.617888,0.015063,0.431222,0.648529,0.009933,0.461697,0.688754,-0.002447,0.48658,0.725222,-0.016163,0.469484,0.558441,-0.015056,0.521938,0.560361,-0.04029,0.541449,0.630589,-0.059728,0.544337,0.694573,-0.071799,0.450246,0.527703,-0.037943,0.507784,0.490761,-0.062333,0.528827,0.565381,-0.078646,0.527682,0.631736,-0.089854,0.421965,0.514479,-0.059581,0.467799,0.487994,-0.08318,0.487604,0.549265,-0.098663,0.486472,0.596313,-0.109089,0.390907,0.529876,-0.07978,0.413682,0.576349,-0.100403,0.429614,0.631754,-0.112127,0.432985,0.671251,-0.120445
no_signal,0.31672,0.536662,0.0,0.376712,0.60642,0.006998,0.428387,0.632788,-0.001919,0.458207,0.668793,-0.016895,0.484276,0.70706,-0.034255,0.466065,0.53869,-0.030386,0.518078,0.524036,-0.063298,0.538938,0.579413,-0.088107,0.539825,0.638809,-0.104528,0.443352,0.51457,-0.054004,0.496679,0.42942,-0.089891,0.517893,0.495278,-0.113549,0.518476,0.567167,-0.129986,0.411527,0.505977,-0.077455,0.452491,0.432457,-0.113788,0.470842,0.489659,-0.138872,0.473091,0.53972,-0.155024,0.376493,0.519146,-0.099257,0.395301,0.504391,-0.133598,0.408095,0.533394,-0.155539,0.412876,0.555741,-0.170663
no_signal,0.473733,0.498891,0.0,0.445924,0.540801,-0.044143,0.439498,0.595765,-0.074279,0.454749,0.654127,-0.09592,0.480892,0.691143,-0.116262,0.471389,0.474094,-0.079863,0.49166,0.492023,-0.103461,0.505576,0.545117,-0.11727,0.509155,0.595993,-0.126362,0.497153,0.469392,-0.0676,0.516611,0.473187,-0.088857,0.523583,0.527371,-0.098639,0.520778,0.573279,-0.107645,0.518288,0.482684,-0.056096,0.538727,0.505857,-0.078536,0.543079,0.558396,-0.087343,0.538304,0.601393,-0.093463,0.535167,0.510457,-0.046991,0.550648,0.546028,-0.065212,0.551305,0.587549,-0.071744,0.546395,0.620157,-0.076057
no_signal,0.308315,0.541661,0.0,0.376834,0.57997,0.003261,0.422902,0.587383,-0.010056,0.452999,0.603228,-0.028455,0.482829,0.620946,-0.043666,0.445236,0.454284,-0.015742,0.479493,0.378829,-0.039655,0.495031,0.411101,-0.052736,0.491185,0.444941,-0.057374,0.422795,0.437809,-0.031948,0.462021,0.394123,-0.057139,0.476237,0.422225,-0.06444,0.475308,0.443394,-0.0655,0.396301,0.448059,-0.048648,0.427102,0.528379,-0.069538,0.423154,0.56828,-0.065287,0.416124,0.572344,-0.058999,0.368742,0.484922,-0.065806,0.389878,0.574709,-0.076559,0.389224,0.609534,-0.070982,0.386983,0.610014,-0.064524
no_signal,0.304981,0.554419,-0.0,0.370417,0.600401,-0.000698,0.414705,0.601198,-0.014012,0.44505,0.607595,-0.03119,0.46982,0.616787,-0.044917,0.436047,0.443832,-0.022502,0.491985,0.463309,-0.046036,0.484143,0.531083,-0.057398,0.462473,0.554439,-0.062815,0.413446,0.434879,-0.036214,0.466434,0.497172,-0.057585,0.449207,0.558782,-0.060104,0.430286,0.561271,-0.06052,0.389034,0.457137,-0.050621,0.429058,0.55422,-0.065976,0.411156,0.594407,-0.057904,0.39553,0.580301,-0.052331,0.366962,0.50046,-0.066045,0.3945,0.592857,-0.072789,0.383625,0.615685,-0.065224,0.371612,0.596384,-0.059971
no_signal,0.308132,0.602594,0.0,0.370353,0.628668,-0.000386,0.418001,0.626511,-0.01234,0.449414,0.63532,-0.028694,0.470184,0.660687,-0.045175,0.434768,0.512531,-0.020422,0.475192,0.523156,-0.047637,0.475933,0.591203,-0.066195,0.46356,0.635051,-0.076703,0.412367,0.489673,-0.036099,0.459293,0.47893,-0.064613,0.465301,0.560121,-0.080541,0.454516,0.611426,-0.088823,0.383514,0.487496,-0.05208,0.421102,0.461886,-0.076592,0.431981,0.534514,-0.085421,0.429081,0.58065,-0.088885,0.35166,0.501163,-0.067947,0.371157,0.508179,-0.085898,0.388174,0.546724,-0.092381,0.396508,0.573705,-0.096006
no_signal,0.322135,0.624166,0.0,0.370727,0.648441,-0.008025,0.410994,0.65364,-0.022475,0.437032,0.674382,-0.039387,0.454098,0.704547,-0.055504,0.435271,0.532575,-0.03073,0.476978,0.530169,-0.063804,0.48128,0.588886,-0.084952,0.47414,0.652044,-0.095904,0.412619,0.510439,-0.045067,0.440331,0.417518,-0.073466,0.473347,0.437477,-0.090401,0.502734,0.479301,-0.100974,0.379456,0.516219,-0.061144,0.389981,0.417626,-0.090089,0.411831,0.431703,-0.106543,0.432173,0.465386,-0.115583,0.346328,0.546041,-0.07754,0.335865,0.501509,-0.10402,0.345489,0.506863,-0.116835,0.357623,0.525349,-0.123876
no_signal,0.314651,0.609477,0.0,0.362642,0.643061,-0.008124,0.403525,0.641077,-0.017513,0.429736,0.654615,-0.029019,0.439814,0.655312,-0.036883,0.430617,0.50601,-0.028713,0.466905,0.453269,-0.056041,0.488594,0.499823,-0.067439,0.478939,0.554388,-0.06961,0.407111,0.488695,-0.040612,0.428046,0.370844,-0.069624,0.461973,0.401224,-0.080745,0.462687,0.456975,-0.083738,0.376992,0.496795,-0.054349,0.397586,0.433361,-0.086237,0.421605,0.480875,-0.095259,0.415026,0.522366,-0.095154,0.348125,0.527368,-0.068664,0.37476,0.577029,-0.103252,0.399281,0.631436,-0.117992,0.403373,0.665335,-0.122339
no_signal,0.297824,0.61682,-0.0,0.367806,0.632361,-0.010177,0.415328,0.614772,-0.024769,0.443121,0.589737,-0.040863,0.434172,0.560711,-0.052831,0.409452,0.434723,-0.017017,0.460087,0.497845,-0.039689,0.440291,0.54666,-0.052038,0.42533,0.543811,-0.060198,0.385543,0.429173,-0.025753,0.437271,0.516879,-0.046932,0.414906,0.559459,-0.050537,0.401786,0.542651,-0.052195,0.363946,0.448288,-0.036676,0.408921,0.548475,-0.054167,0.390246,0.580429,-0.049299,0.378493,0.557621,-0.045466,0.346334,0.485734,-0.049366,0.380977,0.573511,-0.057082,0.367316,0.596643,-0.05239,0.354346,0.577214,-0.049294
no_signal,0.292493,0.618943,-0.0,0.362224,0.643759,-0.011904,0.415896,0.630979,-0.023863,0.445831,0.607191,-0.036036,0.429359,0.579872,-0.044163,0.410036,0.447835,-0.014256,0.455765,0.526061,-0.036436,0.434657,0.565268,-0.049828,0.42073,0.548565,-0.060057,0.387836,0.442164,-0.021716,0.431783,0.546955,-0.043486,0.408697,0.58298,-0.04964,0.397158,0.559995,-0.053868,0.366322,0.464234,-0.0316,0.405219,0.575164,-0.048741,0.384678,0.60135,-0.04719,0.373163,0.57454,-0.046745,0.348899,0.505496,-0.043625,0.375206,0.603227,-0.053939,0.359414,0.619486,-0.055548,0.34875,0.594313,-0.057286
no_signal,0.300477,0.641635,-0.0,0.358839,0.654859,-0.008963,0.409688,0.632084,-0.020474,0.44284,0.611324,-0.033077,0.455008,0.602774,-0.042374,0.402704,0.460485,-0.010349,0.451688,0.526085,-0.031634,0.428299,0.576027,-0.04559,0.410427,0.567369,-0.055442,0.381705,0.44864,-0.018629,0.436602,0.524215,-0.038704,0.413228,0.577121,-0.042491,0.395847,0.565745,-0.044045,0.360526,0.459214,-0.029156,0.412509,0.531707,-0.046606,0.394214,0.582272,-0.039363,0.377855,0.572826,-0.033354,0.340515,0.487885,-0.041133,0.382212,0.545674,-0.049994,0.370375,0.582848,-0.042869,0.354783,0.577797,-0.037136
no_signal,0.300477,0.641635,-0.0,0.358839,0.654859,-0.008963,0.409688,0.632084,-0.020474,0.44284,0.611324,-0.033077,0.455008,0.602774,-0.042374,0.402704,0.460485,-0.010349,0.451688,0.526085,-0.031634,0.428299,0.576027,-0.04559,0.410427,0.567369,-0.055442,0.381705,0.44864,-0.018629,0.436602,0.524215,-0.038704,0.413228,0.577121,-0.042491,0.395847,0.565745,-0.044045,0.360526,0.459214,-0.029156,0.412509,0.531707,-0.046606,0.394214,0.582272,-0.039363,0.377855,0.572826,-0.033354,0.340515,0.487885,-0.041133,0.382212,0.545674,-0.049994,0.370375,0.582848,-0.042869,0.354783,0.577797,-0.037136
no_signal,0.31426,0.632309,1e-06,0.364443,0.656174,-0.010575,0.410804,0.646627,-0.02231,0.444481,0.651998,-0.035535,0.475246,0.661243,-0.049206,0.427212,0.532189,-0.019815,0.476182,0.515486,-0.042412,0.514247,0.523424,-0.058862,0.546539,0.534546,-0.07015,0.406168,0.502655,-0.030463,0.43287,0.424085,-0.051666,0.462987,0.403638,-0.068111,0.492492,0.396029,-0.079464,0.379749,0.502108,-0.042656,0.417278,0.469462,-0.073123,0.450283,0.502994,-0.091674,0.473066,0.537482,-0.101614,0.354334,0.529673,-0.054991,0.386343,0.583122,-0.087194,0.405868,0.64286,-0.101552,0.418507,0.691471,-0.108289
no_signal,0.37599,0.558122,0.0,0.396657,0.595813,-0.026431,0.421263,0.620138,-0.044175,0.44545,0.645872,-0.05922,0.473264,0.655425,-0.074089,0.453221,0.513575,-0.031368,0.495479,0.515208,-0.043512,0.518438,0.52421,-0.053778,0.539294,0.533136,-0.062779,0.442277,0.482531,-0.029922,0.461179,0.448988,-0.048669,0.478855,0.458689,-0.065749,0.493305,0.480098,-0.07872,0.429049,0.460647,-0.030202,0.447791,0.436788,-0.048638,0.476982,0.455442,-0.063179,0.500478,0.48149,-0.07345,0.415208,0.452159,-0.032194,0.439437,0.423822,-0.046539,0.461778,0.41669,-0.054688,0.480906,0.42058,-0.06117
no_signal,0.297544,0.606269,1e-06,0.357444,0.632873,-0.012272,0.401908,0.611099,-0.025516,0.431752,0.573689,-0.040139,0.456685,0.549171,-0.053304,0.40929,0.474651,-0.022145,0.462557,0.462759,-0.047905,0.500984,0.451065,-0.063093,0.530356,0.438941,-0.071508,0.396881,0.464868,-0.031171,0.459621,0.483596,-0.062094,0.496303,0.503321,-0.074538,0.520131,0.51569,-0.07732,0.382437,0.4857,-0.041644,0.43107,0.589085,-0.074658,0.430339,0.657608,-0.075919,0.423835,0.698204,-0.067652,0.367719,0.528559,-0.053397,0.398148,0.633428,-0.07245,0.391887,0.675113,-0.069711,0.383488,0.695433,-0.062265
no_signal,0.286882,0.618204,0.0,0.358706,0.646325,-0.006033,0.399453,0.613677,-0.014603,0.425942,0.572122,-0.025548,0.447939,0.546778,-0.033985,0.401649,0.465935,-0.010278,0.458457,0.50803,-0.039526,0.470408,0.573167,-0.05898,0.465038,0.623361,-0.067562,0.390269,0.459824,-0.018237,0.453683,0.515676,-0.044743,0.460845,0.587857,-0.054936,0.453469,0.64122,-0.056261,0.377901,0.481368,-0.02829,0.419809,0.590208,-0.052262,0.405398,0.646141,-0.051606,0.386755,0.670135,-0.044114,0.366408,0.51819,-0.039558,0.396016,0.614557,-0.051377,0.388493,0.656518,-0.046544,0.376986,0.676947,-0.038493
no_signal,0.282085,0.628873,-0.0,0.35583,0.653937,-0.007529,0.394185,0.614859,-0.016973,0.413481,0.567193,-0.027475,0.424739,0.530477,-0.034245,0.395912,0.470745,-0.012855,0.448666,0.528224,-0.039822,0.437306,0.597538,-0.055867,0.417499,0.63613,-0.063293,0.386719,0.465706,-0.020285,0.44951,0.548327,-0.046399,0.430648,0.614864,-0.052602,0.404787,0.653106,-0.05104,0.375657,0.487936,-0.030111,0.414642,0.601804,-0.051146,0.391448,0.648151,-0.04857,0.3681,0.665112,-0.04168,0.363623,0.526053,-0.041423,0.387747,0.631846,-0.052503,0.374295,0.670984,-0.04976,0.361089,0.685276,-0.044928
no_signal,0.292888,0.634366,0.0,0.360123,0.661589,0.001386,0.405864,0.637157,-0.003382,0.437248,0.608149,-0.011723,0.465193,0.580519,-0.019363,0.406017,0.496156,-0.003213,0.456894,0.528789,-0.023859,0.481385,0.575551,-0.037799,0.493981,0.616104,-0.045492,0.391036,0.488336,-0.014756,0.456106,0.541514,-0.037007,0.476436,0.607931,-0.047068,0.485865,0.658059,-0.050206,0.377315,0.507482,-0.027609,0.434889,0.591718,-0.051704,0.454313,0.662915,-0.056798,0.466354,0.710616,-0.05485,0.36556,0.547481,-0.040188,0.413948,0.613797,-0.056311,0.433127,0.664769,-0.057523,0.44636,0.70338,-0.054652
no_signal,0.294679,0.631768,1e-06,0.35998,0.648091,-0.006517,0.402309,0.614946,-0.015138,0.431807,0.575661,-0.026444,0.464696,0.545973,-0.036636,0.404667,0.494505,-0.00838,0.455194,0.494722,-0.0304,0.493386,0.496072,-0.043195,0.523604,0.499959,-0.049145,0.392958,0.482786,-0.01701,0.453785,0.500731,-0.03871,0.49334,0.516941,-0.047955,0.525735,0.531725,-0.050313,0.379826,0.499246,-0.027753,0.43056,0.593158,-0.054849,0.436691,0.657672,-0.057891,0.438462,0.703647,-0.051831,0.367595,0.537012,-0.039213,0.407487,0.616681,-0.055531,0.415352,0.667461,-0.054186,0.418469,0.704775,-0.047948
no_signal,0.294679,0.631768,1e-06,0.35998,0.648091,-0.006517,0.402309,0.614946,-0.015138,0.431807,0.575661,-0.026444,0.464696,0.545973,-0.036636,0.404667,0.494505,-0.00838,0.455194,0.494722,-0.0304,0.493386,0.496072,-0.043195,0.523604,0.499959,-0.049145,0.392958,0.482786,-0.01701,0.453785,0.500731,-0.03871,0.49334,0.516941,-0.047955,0.525735,0.531725,-0.050313,0.379826,0.499246,-0.027753,0.43056,0.593158,-0.054849,0.436691,0.657672,-0.057891,0.438462,0.703647,-0.051831,0.367595,0.537012,-0.039213,0.407487,0.616681,-0.055531,0.415352,0.667461,-0.054186,0.418469,0.704775,-0.047948
no_signal,0.293262,0.628827,0.0,0.357137,0.642152,-0.002288,0.391839,0.605478,-0.009773,0.413119,0.56714,-0.021048,0.42992,0.537805,-0.029957,0.380447,0.464029,-0.005345,0.438046,0.477123,-0.032288,0.458881,0.526945,-0.050167,0.464774,0.573935,-0.057548,0.372375,0.456229,-0.014459,0.43981,0.477074,-0.038565,0.461384,0.532741,-0.046844,0.46772,0.583297,-0.047113,0.367404,0.471694,-0.025641,0.423567,0.553699,-0.048067,0.412073,0.612581,-0.044862,0.394736,0.646737,-0.035446,0.36467,0.505397,-0.037933,0.403792,0.583605,-0.047899,0.393995,0.627002,-0.04056,0.379955,0.653739,-0.030667
no_signal,0.291588,0.626909,1e-06,0.363062,0.645906,-0.003548,0.404329,0.602503,-0.009334,0.431185,0.55468,-0.018541,0.460881,0.517017,-0.026889,0.396974,0.481864,-0.0035,0.443848,0.452822,-0.02228,0.478591,0.435334,-0.03202,0.505564,0.421523,-0.036043,0.384787,0.468072,-0.013823,0.445233,0.435022,-0.035726,0.486663,0.421855,-0.045613,0.518633,0.417535,-0.047215,0.374116,0.481542,-0.025897,0.435409,0.55219,-0.054767,0.452946,0.613006,-0.063108,0.464369,0.659292,-0.060197,0.366213,0.51657,-0.037977,0.411189,0.601299,-0.054722,0.412881,0.656369,-0.05577,0.41292,0.696706,-0.051802
no_signal,0.280008,0.633541,-0.0,0.358583,0.636299,-0.001216,0.398745,0.5885,-0.008451,0.427979,0.538767,-0.019702,0.45962,0.493816,-0.028052,0.394824,0.464321,-0.000326,0.450524,0.517366,-0.027494,0.449007,0.585446,-0.044222,0.435589,0.628899,-0.051299,0.380637,0.459242,-0.009985,0.44289,0.539788,-0.032695,0.429874,0.609597,-0.03788,0.409355,0.644956,-0.037411,0.366953,0.478336,-0.022708,0.418754,0.578874,-0.045259,0.398695,0.632158,-0.04149,0.37724,0.652244,-0.033503,0.355178,0.514382,-0.036149,0.397636,0.597438,-0.048202,0.385056,0.641332,-0.04333,0.36904,0.65824,-0.036542
no_signal,0.277203,0.635172,-0.0,0.350907,0.64626,-0.005017,0.395473,0.605751,-0.01257,0.425511,0.561241,-0.022441,0.45329,0.512377,-0.028891,0.397078,0.473846,-0.007873,0.447002,0.545205,-0.032323,0.438118,0.607955,-0.044631,0.424506,0.638092,-0.049856,0.379886,0.47579,-0.015379,0.429792,0.585813,-0.037214,0.410663,0.636342,-0.041087,0.39415,0.644808,-0.041482,0.363063,0.500377,-0.025615,0.404851,0.621346,-0.047098,0.380637,0.655959,-0.043624,0.362477,0.650969,-0.037862,0.348615,0.538127,-0.036697,0.385281,0.631158,-0.049909,0.370584,0.661176,-0.047387,0.356867,0.659052,-0.043046
no_signal,0.28073,0.651536,-0.0,0.354273,0.660828,-0.003118,0.394689,0.613417,-0.01017,0.419012,0.564719,-0.020285,0.442092,0.515553,-0.027352,0.389126,0.482666,-0.005348,0.44077,0.5449,-0.030347,0.435251,0.609859,-0.043134,0.418288,0.648313,-0.047342,0.375335,0.477143,-0.013211,0.429453,0.576073,-0.035631,0.407556,0.638203,-0.03853,0.38515,0.660425,-0.036385,0.361632,0.498378,-0.023842,0.408978,0.608061,-0.046465,0.384792,0.654322,-0.04255,0.362928,0.666531,-0.034672,0.349308,0.536831,-0.035048,0.391888,0.615784,-0.04875,0.382109,0.657724,-0.045395,0.370329,0.677038,-0.039383
no_signal,0.289103,0.639948,0.0,0.35562,0.670444,0.000737,0.402723,0.645347,-0.005891,0.435616,0.619143,-0.01617,0.463072,0.592799,-0.026209,0.397108,0.496143,-0.011367,0.455085,0.522288,-0.032703,0.482885,0.564838,-0.046742,0.495206,0.605556,-0.054291,0.380476,0.48857,-0.022013,0.444303,0.558141,-0.04288,0.460841,0.627382,-0.048582,0.46545,0.669966,-0.050095,0.364798,0.510677,-0.033702,0.424933,0.580398,-0.055354,0.443446,0.647949,-0.055446,0.450132,0.693387,-0.051894,0.351081,0.551865,-0.045451,0.400056,0.607298,-0.062873,0.424424,0.658022,-0.063822,0.440155,0.699532,-0.060807
no_signal,0.285262,0.630449,1e-06,0.340615,0.672742,-0.008668,0.378203,0.658287,-0.01833,0.401949,0.639703,-0.028897,0.423226,0.621391,-0.039084,0.391143,0.514957,-0.023464,0.449241,0.491937,-0.044342,0.488396,0.485012,-0.058056,0.519654,0.481367,-0.066406,0.377069,0.504412,-0.034006,0.438621,0.459109,-0.054833,0.480053,0.438409,-0.068333,0.514918,0.4276,-0.075479,0.362777,0.526916,-0.045206,0.430259,0.56632,-0.071319,0.469339,0.602791,-0.08661,0.500567,0.630497,-0.094048,0.350293,0.574433,-0.05655,0.387161,0.663967,-0.079983,0.405655,0.717985,-0.088653,0.42204,0.758414,-0.091605
no_signal,0.271545,0.626248,0.0,0.342738,0.658509,0.002575,0.383335,0.633888,-0.005226,0.412825,0.611843,-0.017453,0.435596,0.597141,-0.028477,0.386731,0.46878,-0.011129,0.448004,0.526445,-0.037591,0.466641,0.595609,-0.057083,0.468913,0.646845,-0.067633,0.375146,0.468137,-0.02422,0.444491,0.540233,-0.049268,0.453075,0.617662,-0.058612,0.446302,0.666791,-0.060791,0.363237,0.498638,-0.038055,0.424413,0.565919,-0.060609,0.426904,0.636117,-0.06132,0.417647,0.678446,-0.056823,0.352354,0.545548,-0.052082,0.389899,0.629374,-0.067366,0.39815,0.682678,-0.067226,0.39842,0.717857,-0.062967
no_signal,0.272797,0.643538,-0.0,0.341479,0.670436,-0.000954,0.382028,0.636766,-0.007959,0.398438,0.592135,-0.01698,0.406696,0.56415,-0.023173,0.385923,0.477206,-0.011445,0.44297,0.548072,-0.032737,0.434389,0.625389,-0.045778,0.416066,0.668893,-0.052261,0.374474,0.474955,-0.021205,0.440713,0.559543,-0.04122,0.429104,0.637638,-0.045716,0.407421,0.681117,-0.044762,0.364111,0.503271,-0.031966,0.425516,0.575298,-0.050764,0.412085,0.641743,-0.049167,0.390568,0.675163,-0.044189,0.354045,0.546023,-0.043057,0.386286,0.638789,-0.056334,0.376348,0.688979,-0.055663,0.362927,0.712889,-0.052232
no_signal,0.275997,0.647146,-0.0,0.341644,0.678314,-0.001178,0.381281,0.648459,-0.007688,0.397348,0.606089,-0.015918,0.399668,0.578733,-0.021293,0.39157,0.488641,-0.009103,0.446328,0.566939,-0.028334,0.431726,0.635018,-0.040321,0.410755,0.665507,-0.047171,0.380877,0.484669,-0.018732,0.44462,0.575443,-0.036053,0.427138,0.644468,-0.038588,0.404173,0.675435,-0.037287,0.369696,0.509125,-0.029593,0.428822,0.590509,-0.046508,0.40933,0.648399,-0.044031,0.387156,0.670792,-0.039636,0.358067,0.549782,-0.040945,0.388633,0.648669,-0.053918,0.376643,0.696617,-0.05436,0.364866,0.714382,-0.05254
no_signal,0.27939,0.636449,-0.0,0.349259,0.671211,0.003322,0.394239,0.670212,-0.005403,0.429444,0.67691,-0.01829,0.4598,0.687383,-0.028944,0.398713,0.507769,-0.00513,0.449952,0.59177,-0.022978,0.444512,0.660029,-0.035415,0.432348,0.694497,-0.042887,0.38758,0.506085,-0.017732,0.451652,0.592948,-0.036102,0.442305,0.662563,-0.042302,0.426398,0.699104,-0.043927,0.375182,0.530086,-0.030826,0.439427,0.601155,-0.04824,0.435333,0.665906,-0.046885,0.42245,0.701828,-0.042458,0.363038,0.57419,-0.043654,0.414311,0.632848,-0.055051,0.420965,0.680406,-0.052298,0.418736,0.71036,-0.047808
no_signal,0.281543,0.642061,0.0,0.345589,0.693897,0.006136,0.396007,0.690261,0.000767,0.42543,0.685435,-0.007834,0.444085,0.693528,-0.016553,0.410187,0.544596,-0.007096,0.455212,0.616565,-0.021957,0.463165,0.679306,-0.033654,0.461905,0.723457,-0.042055,0.396053,0.545497,-0.021575,0.454098,0.61921,-0.03526,0.471676,0.679893,-0.042931,0.478365,0.724689,-0.047891,0.377349,0.571783,-0.036254,0.442401,0.619104,-0.052941,0.474688,0.666364,-0.060914,0.497262,0.701391,-0.06573,0.35894,0.618809,-0.049609,0.404018,0.667264,-0.063537,0.423589,0.707447,-0.066133,0.436385,0.739319,-0.0673
no_signal,0.279803,0.649311,0.0,0.33413,0.677973,-0.007189,0.380842,0.669213,-0.019251,0.416753,0.654206,-0.032641,0.449125,0.642127,-0.042591,0.404624,0.552343,-0.020564,0.457773,0.618001,-0.047496,0.444898,0.681657,-0.061517,0.424357,0.705877,-0.067074,0.390689,0.555954,-0.028413,0.44579,0.647404,-0.052026,0.429135,0.709987,-0.057528,0.409145,0.736791,-0.05685,0.372822,0.584133,-0.038109,0.406517,0.704318,-0.058397,0.394428,0.750484,-0.057263,0.383005,0.762063,-0.052093,0.35444,0.6275,-0.048502,0.37781,0.731005,-0.058788,0.376145,0.775115,-0.056166,0.374851,0.794415,-0.051489
no_signal,0.275618,0.665145,0.0,0.343041,0.693809,-0.00494,0.384547,0.663279,-0.015458,0.408982,0.624154,-0.028112,0.430243,0.598998,-0.036871,0.393565,0.530212,-0.011921,0.444418,0.597909,-0.037576,0.43159,0.657333,-0.052228,0.412186,0.683324,-0.058641,0.383187,0.530536,-0.019918,0.434806,0.631552,-0.042452,0.413489,0.683256,-0.047436,0.391834,0.695997,-0.047065,0.371209,0.553242,-0.030152,0.401177,0.671319,-0.04778,0.378926,0.70378,-0.043573,0.361658,0.701451,-0.037179,0.359041,0.589756,-0.041585,0.379115,0.688578,-0.047727,0.364324,0.717777,-0.041476,0.352456,0.717169,-0.035206
no_signal,0.297376,0.684366,0.0,0.358026,0.699739,-0.008068,0.395845,0.655112,-0.018792,0.406704,0.596571,-0.031875,0.408469,0.543282,-0.041357,0.389953,0.517706,-0.007734,0.437473,0.551967,-0.039018,0.431374,0.62219,-0.059379,0.41472,0.663583,-0.067518,0.376271,0.502088,-0.015994,0.43655,0.546077,-0.04515,0.431111,0.619987,-0.055258,0.41299,0.668747,-0.054859,0.361582,0.507373,-0.027521,0.406763,0.597865,-0.054278,0.391492,0.668152,-0.053464,0.372381,0.702052,-0.044566,0.347753,0.532076,-0.040207,0.383899,0.615731,-0.052053,0.374384,0.663785,-0.046329,0.360056,0.686733,-0.03792
no_signal,0.320345,0.708974,0.0,0.361408,0.717748,-0.009393,0.403774,0.66059,-0.010192,0.419594,0.599303,-0.013011,0.421771,0.546863,-0.015116,0.399606,0.572924,0.007611,0.430571,0.514421,-0.009429,0.453236,0.539332,-0.024613,0.460723,0.581917,-0.031543,0.387436,0.54806,0.004248,0.423443,0.494322,-0.01342,0.449324,0.529586,-0.027994,0.457084,0.576442,-0.033948,0.370521,0.532046,-0.002853,0.406493,0.4814,-0.019498,0.435398,0.516463,-0.030869,0.446931,0.560951,-0.034377,0.348889,0.521351,-0.011248,0.36959,0.459493,-0.025058,0.39462,0.468164,-0.032484,0.411178,0.501134,-0.034996
no_signal,0.319661,0.746782,0.0,0.36314,0.741305,-0.011475,0.400253,0.688594,-0.015251,0.415322,0.633582,-0.018843,0.416755,0.584115,-0.022141,0.394433,0.58944,-0.006376,0.427587,0.557695,-0.022023,0.455787,0.55757,-0.035458,0.480007,0.56551,-0.043544,0.377772,0.551695,-0.010129,0.407457,0.481688,-0.020724,0.438746,0.454714,-0.028899,0.465953,0.436192,-0.03392,0.355589,0.535009,-0.016751,0.372881,0.450722,-0.028518,0.40025,0.41352,-0.036743,0.427559,0.38837,-0.041473,0.329149,0.537677,-0.024621,0.330416,0.460447,-0.035335,0.347285,0.424651,-0.03966,0.368906,0.403361,-0.041939
no_signal,0.305989,0.776257,0.0,0.351855,0.764542,-0.011665,0.385515,0.692022,-0.019053,0.387767,0.63004,-0.027557,0.37361,0.581264,-0.035567,0.381239,0.617525,-0.006134,0.420156,0.605849,-0.033779,0.435905,0.649823,-0.056915,0.441426,0.688445,-0.068583,0.366394,0.590363,-0.013527,0.40513,0.52685,-0.029236,0.435454,0.495184,-0.043221,0.460372,0.472798,-0.052483,0.344959,0.584734,-0.025407,0.371883,0.501104,-0.044519,0.400627,0.452068,-0.059877,0.42655,0.413489,-0.068763,0.322918,0.595488,-0.038109,0.347946,0.53276,-0.051236,0.369594,0.503596,-0.056106,0.389549,0.483117,-0.059406
no_signal,0.283366,0.786236,0.0,0.341612,0.777032,-0.008785,0.377041,0.717557,-0.016108,0.381132,0.657714,-0.025368,0.375162,0.602892,-0.032838,0.370687,0.598707,-0.000978,0.412247,0.606957,-0.024421,0.431956,0.655208,-0.044316,0.442608,0.694896,-0.056928,0.353666,0.576157,-0.009566,0.407912,0.583641,-0.032527,0.434282,0.635305,-0.046793,0.449283,0.683747,-0.053632,0.334845,0.571759,-0.021533,0.391878,0.576213,-0.048162,0.417046,0.634843,-0.057862,0.434058,0.684798,-0.060677,0.31835,0.58931,-0.034635,0.363856,0.662572,-0.05761,0.377579,0.722377,-0.065352,0.386027,0.765338,-0.067751
no_signal,0.25547,0.777053,-0.0,0.323736,0.766141,-0.003057,0.358588,0.704038,-0.008689,0.3617,0.64675,-0.016297,0.349944,0.611954,-0.020743,0.331818,0.565845,-0.002956,0.385903,0.591424,-0.02496,0.387943,0.663338,-0.040445,0.376239,0.71253,-0.048467,0.317933,0.559004,-0.012264,0.387037,0.582826,-0.033132,0.389116,0.659843,-0.039316,0.375246,0.715398,-0.038482,0.308896,0.578977,-0.023909,0.374681,0.605097,-0.042805,0.37777,0.669951,-0.043127,0.367874,0.711023,-0.039143,0.303177,0.620141,-0.036387,0.354071,0.684475,-0.048997,0.356995,0.733239,-0.049755,0.350498,0.76087,-0.04777
no_signal,0.247069,0.762492,0.0,0.312071,0.723176,-0.006002,0.338258,0.653351,-0.015895,0.347787,0.597882,-0.027832,0.354641,0.557937,-0.035096,0.285145,0.525871,-0.015211,0.354281,0.531413,-0.042554,0.362406,0.599779,-0.056554,0.353298,0.639843,-0.062435,0.270621,0.536901,-0.023801,0.352563,0.550047,-0.051014,0.357501,0.623984,-0.055312,0.34448,0.658288,-0.05354,0.266463,0.569643,-0.034725,0.343185,0.587023,-0.057318,0.342778,0.652637,-0.050618,0.325662,0.674108,-0.041839,0.267905,0.612784,-0.046971,0.333553,0.660085,-0.059169,0.329435,0.702385,-0.054681,0.311409,0.710712,-0.049156
no_signal,0.254601,0.733713,0.0,0.307076,0.662613,-0.009694,0.317341,0.582486,-0.020771,0.310045,0.527522,-0.032712,0.306567,0.495402,-0.040506,0.245896,0.492699,-0.025062,0.308145,0.460684,-0.04722,0.330595,0.512321,-0.056593,0.330641,0.548693,-0.059737,0.230098,0.517437,-0.030251,0.309416,0.487166,-0.05239,0.329082,0.544716,-0.054844,0.322641,0.578513,-0.053188,0.23197,0.560524,-0.03654,0.308016,0.523049,-0.05528,0.32059,0.5774,-0.046964,0.306862,0.606566,-0.037835,0.240835,0.604971,-0.044077,0.314305,0.591113,-0.05325,0.323708,0.623238,-0.046056,0.311969,0.640404,-0.03908
no_signal,0.274612,0.706594,0.0,0.305617,0.595897,0.000699,0.295322,0.517518,-0.008068,0.282912,0.467655,-0.018907,0.274379,0.436439,-0.027861,0.222612,0.48396,-0.022965,0.287822,0.428755,-0.037864,0.313871,0.469628,-0.040063,0.316952,0.497472,-0.041214,0.218588,0.516642,-0.033715,0.291104,0.445173,-0.053563,0.315381,0.483869,-0.054439,0.319601,0.513972,-0.052992,0.225857,0.558231,-0.044259,0.292389,0.477521,-0.061759,0.321732,0.497467,-0.060042,0.331459,0.517163,-0.056999,0.242361,0.601754,-0.054382,0.275409,0.54004,-0.06911,0.3011,0.509387,-0.073328,0.321436,0.488029,-0.075195
no_signal,0.266713,0.691743,0.0,0.284661,0.592707,0.004957,0.288582,0.513609,-0.005618,0.300415,0.465609,-0.018077,0.315343,0.431965,-0.032044,0.222294,0.471954,-0.026046,0.274932,0.419815,-0.05361,0.310939,0.426751,-0.072954,0.337803,0.44762,-0.084708,0.221313,0.513309,-0.044828,0.269306,0.437249,-0.076416,0.30329,0.426606,-0.094065,0.327177,0.435451,-0.101644,0.233575,0.568347,-0.0628,0.250404,0.491795,-0.091824,0.26165,0.447897,-0.10874,0.26616,0.416986,-0.116921,0.253181,0.624156,-0.078578,0.270921,0.596399,-0.101002,0.280582,0.564447,-0.111052,0.286589,0.534544,-0.116541
no_signal,0.237155,0.672648,1e-06,0.230323,0.600386,-0.00613,0.235541,0.512064,-0.020458,0.25981,0.443347,-0.035355,0.28547,0.412423,-0.051416,0.199207,0.509169,-0.044537,0.215624,0.409213,-0.068213,0.224447,0.345382,-0.08103,0.228773,0.295282,-0.089248,0.210589,0.544236,-0.057713,0.217146,0.426904,-0.085117,0.222566,0.349233,-0.100335,0.226676,0.293922,-0.10938,0.236005,0.57681,-0.069441,0.264383,0.464779,-0.102411,0.290517,0.411556,-0.121071,0.308413,0.380251,-0.129583,0.269198,0.600324,-0.07975,0.315095,0.524214,-0.106901,0.345903,0.494114,-0.118453,0.369763,0.479397,-0.124077
no_signal,0.237155,0.672648,1e-06,0.230323,0.600386,-0.00613,0.235541,0.512064,-0.020458,0.25981,0.443347,-0.035355,0.28547,0.412423,-0.051416,0.199207,0.509169,-0.044537,0.215624,0.409213,-0.068213,0.224447,0.345382,-0.08103,0.228773,0.295282,-0.089248,0.210589,0.544236,-0.057713,0.217146,0.426904,-0.085117,0.222566,0.349233,-0.100335,0.226676,0.293922,-0.10938,0.236005,0.57681,-0.069441,0.264383,0.464779,-0.102411,0.290517,0.411556,-0.121071,0.308413,0.380251,-0.129583,0.269198,0.600324,-0.07975,0.315095,0.524214,-0.106901,0.345903,0.494114,-0.118453,0.369763,0.479397,-0.124077
no_signal,0.256667,0.6691,-0.0,0.284572,0.580373,-0.00637,0.298401,0.504703,-0.017364,0.309868,0.452353,-0.029171,0.321234,0.420135,-0.038478,0.247549,0.423439,-0.017018,0.311984,0.372501,-0.044066,0.35041,0.40082,-0.059899,0.368071,0.44251,-0.06635,0.249876,0.441109,-0.025041,0.325792,0.388769,-0.048357,0.359167,0.429874,-0.054687,0.37195,0.47346,-0.053991,0.261153,0.475493,-0.034581,0.338424,0.47785,-0.052907,0.350828,0.528052,-0.050182,0.345858,0.562741,-0.043458,0.277885,0.515026,-0.045298,0.337789,0.531474,-0.052656,0.347581,0.567947,-0.047039,0.344575,0.589589,-0.04021
no_signal,0.278899,0.657678,-0.0,0.332017,0.599021,-0.006333,0.364419,0.536288,-0.01432,0.385126,0.485113,-0.023941,0.40344,0.455359,-0.031013,0.328548,0.409792,-0.006747,0.401815,0.426389,-0.028038,0.402551,0.486145,-0.041743,0.387883,0.517836,-0.049413,0.326188,0.420203,-0.013768,0.408556,0.445033,-0.032336,0.403117,0.503787,-0.038998,0.387713,0.532543,-0.041264,0.329632,0.446085,-0.022705,0.398351,0.501095,-0.040142,0.387738,0.555677,-0.042112,0.371718,0.579684,-0.040389,0.335211,0.481759,-0.032731,0.386134,0.538117,-0.043821,0.383616,0.587433,-0.044083,0.375814,0.611098,-0.041971
no_signal,0.296347,0.621611,-0.0,0.371195,0.608163,0.019763,0.41235,0.585367,0.022524,0.438385,0.562804,0.016119,0.458757,0.545942,0.009519,0.40818,0.439207,0.021767,0.457373,0.517022,0.013772,0.445911,0.571544,0.004654,0.429956,0.598498,-0.002486,0.401861,0.442492,0.002037,0.447334,0.559351,-0.005839,0.418919,0.607381,-0.016361,0.39524,0.63063,-0.025388,0.397974,0.464348,-0.017073,0.435916,0.581106,-0.030225,0.404889,0.623392,-0.037417,0.376782,0.646169,-0.041381,0.393061,0.498547,-0.035139,0.438482,0.558647,-0.049206,0.465387,0.589625,-0.054329,0.487656,0.62127,-0.055937
no_signal,0.314061,0.576633,-0.0,0.378017,0.618707,0.012858,0.419018,0.622357,0.013839,0.445229,0.627147,0.009228,0.463169,0.635147,0.004787,0.445803,0.489151,0.014999,0.477597,0.572868,0.01164,0.47792,0.61881,0.005236,0.478898,0.646656,-0.001733,0.437821,0.49057,0.001194,0.469821,0.594116,-0.004543,0.465912,0.641343,-0.011857,0.464188,0.674366,-0.01863,0.428051,0.513093,-0.01188,0.465166,0.60319,-0.020219,0.46575,0.646936,-0.022476,0.461441,0.676122,-0.024025,0.417046,0.550713,-0.024298,0.455298,0.592836,-0.033094,0.481476,0.620932,-0.034388,0.504192,0.647425,-0.034583
no_signal,0.311804,0.556546,0.0,0.364831,0.615726,0.007584,0.399661,0.663354,-0.002676,0.413765,0.708838,-0.01726,0.422672,0.763292,-0.034054,0.439725,0.600268,-0.011091,0.476024,0.676682,-0.031172,0.484505,0.734398,-0.047876,0.487888,0.793753,-0.060516,0.424148,0.582447,-0.029813,0.466506,0.688025,-0.05474,0.471707,0.762769,-0.071755,0.473249,0.824203,-0.082471,0.401339,0.572598,-0.047989,0.453525,0.644499,-0.068858,0.468969,0.698957,-0.08094,0.477928,0.744442,-0.088574,0.376571,0.568314,-0.064972,0.397669,0.589577,-0.084255,0.412121,0.60424,-0.093895,0.425959,0.6234,-0.099937
no_signal,0.320299,0.517133,0.0,0.361789,0.602681,0.002812,0.397084,0.669914,-0.004944,0.413916,0.724237,-0.015962,0.425085,0.772651,-0.029213,0.431692,0.634862,-0.012903,0.455878,0.710966,-0.039158,0.452621,0.7631,-0.060895,0.445818,0.811482,-0.07594,0.42902,0.616287,-0.030658,0.478584,0.66906,-0.052447,0.503383,0.718253,-0.073589,0.52502,0.764924,-0.090163,0.412236,0.598204,-0.049115,0.463325,0.635568,-0.074202,0.488097,0.671084,-0.09639,0.509615,0.702998,-0.112542,0.386839,0.5851,-0.066262,0.409922,0.6008,-0.090475,0.422864,0.614494,-0.105381,0.436139,0.62853,-0.116865
no_signal,0.341197,0.548888,0.0,0.386494,0.633749,-0.001588,0.432999,0.678179,-0.004049,0.462367,0.700051,-0.00958,0.483728,0.697797,-0.014913,0.473695,0.62266,-0.00146,0.50346,0.665021,-0.024216,0.498608,0.711196,-0.044903,0.488524,0.756898,-0.058633,0.466974,0.589848,-0.01337,0.521376,0.574808,-0.033856,0.552408,0.587294,-0.0539,0.577825,0.602151,-0.068412,0.448324,0.564155,-0.027108,0.497065,0.537891,-0.046973,0.527437,0.542904,-0.061883,0.554681,0.551983,-0.071757,0.420513,0.551016,-0.041165,0.447968,0.515304,-0.057708,0.471466,0.497425,-0.065491,0.49552,0.484869,-0.070463
no_signal,0.363635,0.595124,0.0,0.415526,0.655275,0.016166,0.461906,0.653908,0.021694,0.491167,0.631639,0.020258,0.511943,0.602122,0.016978,0.488114,0.579613,0.023105,0.52829,0.603078,0.01924,0.545655,0.628099,0.013468,0.562369,0.648008,0.008156,0.487379,0.553389,0.004362,0.541126,0.531394,-0.001727,0.572449,0.512489,-0.01059,0.594014,0.491812,-0.018283,0.477823,0.538998,-0.015697,0.53355,0.537964,-0.027519,0.569171,0.537372,-0.040644,0.595468,0.533221,-0.050485,0.463582,0.547426,-0.034254,0.510739,0.582275,-0.044183,0.52946,0.620541,-0.050202,0.54004,0.652733,-0.055936
no_signal,0.380786,0.634838,0.0,0.44439,0.675367,0.010029,0.488412,0.650868,0.015183,0.517961,0.635273,0.015191,0.543122,0.634052,0.015145,0.494017,0.536589,0.020014,0.535147,0.516723,0.017662,0.563336,0.504023,0.013075,0.58579,0.488146,0.008108,0.490591,0.526831,0.007281,0.53996,0.501191,0.001885,0.569416,0.48436,-0.005011,0.591501,0.467447,-0.010391,0.482332,0.543435,-0.006584,0.537871,0.545008,-0.017094,0.571928,0.541839,-0.028206,0.598303,0.535583,-0.035828,0.474408,0.583968,-0.019572,0.516295,0.626995,-0.028276,0.543147,0.651465,-0.033935,0.564451,0.666956,-0.0386
no_signal,0.391787,0.686851,0.0,0.428873,0.656783,0.004296,0.468277,0.617697,0.003297,0.500256,0.605454,-0.000648,0.5251,0.613525,-0.004092,0.472067,0.539011,-0.001146,0.522579,0.509775,-0.008997,0.551074,0.495516,-0.014324,0.571205,0.479234,-0.018522,0.475079,0.545291,-0.011913,0.529172,0.501288,-0.022659,0.559458,0.469683,-0.031182,0.583146,0.43822,-0.036456,0.476413,0.577797,-0.022561,0.536547,0.586781,-0.036921,0.57038,0.596725,-0.048793,0.597536,0.599484,-0.056234,0.476002,0.627949,-0.032298,0.512037,0.674355,-0.04489,0.530877,0.702866,-0.051022,0.547359,0.72307,-0.054488
no_signal,0.402842,0.729345,0.0,0.436111,0.676266,-0.000183,0.480152,0.632272,-0.006151,0.523362,0.615896,-0.012979,0.558318,0.611998,-0.018099,0.471632,0.565058,-0.013961,0.531329,0.55849,-0.027947,0.567016,0.559263,-0.034935,0.59169,0.556658,-0.038098,0.472739,0.583132,-0.023037,0.536852,0.546027,-0.037586,0.573698,0.527787,-0.045285,0.600774,0.509734,-0.049172,0.475477,0.621026,-0.031618,0.538578,0.649642,-0.046785,0.567491,0.678421,-0.050834,0.586416,0.690867,-0.051181,0.478763,0.672959,-0.039739,0.517197,0.706024,-0.045614,0.526902,0.724462,-0.042699,0.533465,0.731732,-0.039684
no_signal,0.413243,0.749555,1e-06,0.448819,0.696093,0.001123,0.478209,0.646318,-0.00655,0.507376,0.616211,-0.017197,0.533434,0.599817,-0.025922,0.457861,0.563478,-0.00738,0.517064,0.550197,-0.02439,0.55344,0.553921,-0.034278,0.578883,0.558627,-0.038683,0.459253,0.585928,-0.018062,0.524863,0.555992,-0.034834,0.561796,0.553294,-0.042047,0.58883,0.548383,-0.045021,0.464818,0.622733,-0.028894,0.52379,0.655033,-0.046128,0.514772,0.690286,-0.042822,0.499734,0.699543,-0.035962,0.473028,0.667526,-0.039886,0.513444,0.694336,-0.047013,0.503167,0.717071,-0.03935,0.489362,0.720241,-0.031231
no_signal,0.41751,0.735266,0.0,0.442038,0.673379,-0.001562,0.468461,0.622089,-0.015046,0.497434,0.606954,-0.029813,0.511404,0.618438,-0.041126,0.441124,0.544286,-0.022521,0.508037,0.532361,-0.042904,0.512404,0.582774,-0.052905,0.503761,0.6078,-0.058125,0.442071,0.575068,-0.03338,0.514614,0.553699,-0.052626,0.515242,0.600202,-0.055516,0.505275,0.626933,-0.054856,0.450232,0.61824,-0.044123,0.511198,0.637755,-0.054728,0.501458,0.670889,-0.047358,0.484245,0.671882,-0.041566,0.463229,0.666251,-0.055608,0.506766,0.687169,-0.055625,0.49707,0.707229,-0.046304,0.483056,0.701317,-0.040382
no_signal,0.418951,0.715193,-0.0,0.44627,0.659105,0.000189,0.466616,0.604122,-0.010095,0.486819,0.581394,-0.022416,0.499492,0.590694,-0.032838,0.447428,0.516761,-0.02092,0.509296,0.513733,-0.037494,0.505497,0.56014,-0.045064,0.489227,0.575302,-0.049987,0.444631,0.546315,-0.031482,0.51357,0.544978,-0.045245,0.507206,0.588167,-0.044918,0.489693,0.602201,-0.044895,0.447291,0.589399,-0.041973,0.511192,0.592214,-0.052302,0.50292,0.627553,-0.045923,0.485087,0.636066,-0.041872,0.454148,0.638748,-0.052712,0.509838,0.643754,-0.056441,0.511989,0.667693,-0.05043,0.505958,0.673857,-0.046743
no_signal,0.419873,0.715636,-0.0,0.467322,0.664018,0.008744,0.486735,0.60985,0.00495,0.500883,0.574854,-0.003848,0.51014,0.552237,-0.010618,0.446607,0.513591,-0.005136,0.507397,0.510215,-0.019166,0.509927,0.562441,-0.02403,0.498742,0.590462,-0.025817,0.439618,0.529746,-0.01876,0.510057,0.535259,-0.033404,0.509461,0.596188,-0.031883,0.497803,0.629108,-0.029109,0.438253,0.560098,-0.032715,0.507527,0.573438,-0.047232,0.50483,0.636755,-0.038889,0.491134,0.674473,-0.030384,0.443919,0.601174,-0.046504,0.495163,0.581554,-0.055339,0.514432,0.593727,-0.050614,0.525573,0.605081,-0.04576
